crag_number,crag_name,route_number,route_name,grade,length_m,route_url
01,"NifadaAt 800m elevation, a col",01,Hase,6c,18,https://climbinleonidio.com/route/hase-16/
01,"NifadaAt 800m elevation, a col",02,Igel,7b+,15,https://climbinleonidio.com/route/igel-16/
01,"NifadaAt 800m elevation, a col",03,Sonic,6c+,15,https://climbinleonidio.com/route/sonic-16/
01,"NifadaAt 800m elevation, a col",04,Der igel schlägt zurück,7b+,20,https://climbinleonidio.com/route/der-igel-schlagt-zuruck-16/
01,"NifadaAt 800m elevation, a col",05,De puta madre,8c,30,https://climbinleonidio.com/route/de-puta-madre-16/
01,"NifadaAt 800m elevation, a col",06,Stelli mantrisch,6c+,15,https://climbinleonidio.com/route/stelli-mantrisch-16/
01,"NifadaAt 800m elevation, a col",07,Bat patting,8c+,50,https://climbinleonidio.com/route/bat-patting-16/
01,"NifadaAt 800m elevation, a col",08,Prend ton trou,8b+,45,https://climbinleonidio.com/route/prend-ton-trou-16/
01,"NifadaAt 800m elevation, a col",09,The glue,8b,30,https://climbinleonidio.com/route/the-glue-16/
01,"NifadaAt 800m elevation, a col",10,Boys,8a,30,https://climbinleonidio.com/route/boys-16/
01,"NifadaAt 800m elevation, a col",11,Girls,8a+,30,https://climbinleonidio.com/route/girls-16/
01,"NifadaAt 800m elevation, a col",12,Baumkraxler,7a+,15,https://climbinleonidio.com/route/baumkraxler-16/
01,"NifadaAt 800m elevation, a col",13,Baum des lebens,8a+,25,https://climbinleonidio.com/route/baum-des-lebens-16/
01,"NifadaAt 800m elevation, a col",14,In memo martin,6c+,15,https://climbinleonidio.com/route/in-memo-martin-16/
01,"NifadaAt 800m elevation, a col",15,Cac,8a,25,https://climbinleonidio.com/route/cac-16/
01,"NifadaAt 800m elevation, a col",16,Wings for life,8a+,30,https://climbinleonidio.com/route/wings-for-life-16/
01,"NifadaAt 800m elevation, a col",17,Angi orangi,6c,15,https://climbinleonidio.com/route/angi-orangi-16/
01,"NifadaAt 800m elevation, a col",18,Angi orangi ext,8a,35,https://climbinleonidio.com/route/angi-orangi-ext-16/
01,"NifadaAt 800m elevation, a col",19,Angi orangi direct,8a,35,https://climbinleonidio.com/route/angi-orangi-direct-16/
01,"NifadaAt 800m elevation, a col",20,Brexit,7c,35,https://climbinleonidio.com/route/brexit-16/
01,"NifadaAt 800m elevation, a col",21,Bauschkraft,8008a,35,https://climbinleonidio.com/route/bauschkraft-800-16/
01,"NifadaAt 800m elevation, a col",,22Bauschkraft,800,,https://climbinleonidio.com/route/bauschkraft-800-ext-16/
01,"NifadaAt 800m elevation, a col",23,Croits slits shrauben tsia,6a+,18,https://climbinleonidio.com/route/croits-slits-shrauben-tsia-16/
01,"NifadaAt 800m elevation, a col",24,Honich kouchen feat,7a,15,https://climbinleonidio.com/route/honich-kouchen-feat-16/
01,"NifadaAt 800m elevation, a col",25,Fronapropen,6b,10,https://climbinleonidio.com/route/fronapropen-16/
01,"NifadaAt 800m elevation, a col",26,Donkey kong junior,8a,25,https://climbinleonidio.com/route/donkey-kong-junior-16/
01,"NifadaAt 800m elevation, a col",27,Donkey kong,8b,30,https://climbinleonidio.com/route/donkey-kong-16/
01,"NifadaAt 800m elevation, a col",28,Guigui the kid,8c,25,https://climbinleonidio.com/route/guigui-the-kid-16/
01,"NifadaAt 800m elevation, a col",29,Rainbow warrior,8c,25,https://climbinleonidio.com/route/rainbow-warrior-16/
01,"NifadaAt 800m elevation, a col",,30Nid de fadas9a+?25,,,https://climbinleonidio.com/route/nid-de-fadas-16/
01,"NifadaAt 800m elevation, a col",,31K3 clibing7c15,,,https://climbinleonidio.com/route/k3-climbing-16/
01,"NifadaAt 800m elevation, a col",,32K3 clibing ext8b+25,,,https://climbinleonidio.com/route/k3-climbing-ext-16/
01,"NifadaAt 800m elevation, a col",33,First class,7c+,15,https://climbinleonidio.com/route/first-class-16/
01,"NifadaAt 800m elevation, a col",34,Bergsteigerkante,7c+,10,https://climbinleonidio.com/route/bergsteigerkante-16/
01,"NifadaAt 800m elevation, a col",35,Bergsteigerkante ext,8b+,20,https://climbinleonidio.com/route/bergsteigerkante-ext-16/
01,"NifadaAt 800m elevation, a col",36,Lai lai,7a,25,https://climbinleonidio.com/route/lai-lai-16/
01,"NifadaAt 800m elevation, a col",37,Manyong,7a,20,https://climbinleonidio.com/route/manyong-16/
01,"NifadaAt 800m elevation, a col",38,Stalker,7a,20,https://climbinleonidio.com/route/stalker-16/
01,"NifadaAt 800m elevation, a col",39,Bernie musculus,7c+,15,https://climbinleonidio.com/route/bernie-musculus-16/
01,"NifadaAt 800m elevation, a col",,40No nae 407b+?15,,,https://climbinleonidio.com/route/no-name-40-16/
01,"NifadaAt 800m elevation, a col",41,Dr oktagon left variation,7a+,15,https://climbinleonidio.com/route/dr-oktagon-left-variation-16/
01,"NifadaAt 800m elevation, a col",42,Dr oktagon,8a+,15,https://climbinleonidio.com/route/dr-oktagon-16/
01,"NifadaAt 800m elevation, a col",43,No name,437b,15,https://climbinleonidio.com/route/no-name-43-16/
01,"NifadaAt 800m elevation, a col",44,No name,447a+,15,https://climbinleonidio.com/route/no-name-44-31/
01,"NifadaAt 800m elevation, a col",45,Caveman,7a,15,https://climbinleonidio.com/route/caveman-16/
01,"NifadaAt 800m elevation, a col",46,Stone age graffiti,7b,15,https://climbinleonidio.com/route/stone-age-graffiti-16/
01,"NifadaAt 800m elevation, a col",47,Erdogan is a terrorist?,1,5,https://climbinleonidio.com/route/erdogan-is-a-terrorist-16/
01,"NifadaAt 800m elevation, a col",48,Project?,2,2,https://climbinleonidio.com/route/project-91/
01,"NifadaAt 800m elevation, a col",49,Action indirect?,2,2,https://climbinleonidio.com/route/action-indirect-16/
01,"NifadaAt 800m elevation, a col",50,Fingerbillard,7b,22,https://climbinleonidio.com/route/fingerbillard-16/
01,"NifadaAt 800m elevation, a col",51,The bee,7c,22,https://climbinleonidio.com/route/the-bee-16/
01,"NifadaAt 800m elevation, a col",52,"Girl, you’ll be a woman soon",7a+,22,https://climbinleonidio.com/route/girl-youll-be-a-woman-soon-16/
01,"NifadaAt 800m elevation, a col",53,Le big mac,7b+,22,https://climbinleonidio.com/route/le-big-mac-16/
01,"NifadaAt 800m elevation, a col",01,Chrisul,5b,30,https://climbinleonidio.com/route/chrisul-16/
01,"NifadaAt 800m elevation, a col",02,Nihao,5c,35,https://climbinleonidio.com/route/nihao-16/
01,"NifadaAt 800m elevation, a col",03,Chilema,6a+,35,https://climbinleonidio.com/route/chilema-16/
01,"NifadaAt 800m elevation, a col",04,Manzou,6b,20,https://climbinleonidio.com/route/manzou-16/
01,"NifadaAt 800m elevation, a col",05,Haesghum,6b,30,https://climbinleonidio.com/route/haesghum-16/
01,"NifadaAt 800m elevation, a col",06,Zaijian,6b,35,https://climbinleonidio.com/route/zaijian-16/
01,"NifadaAt 800m elevation, a col",07,Juar,6a,20,https://climbinleonidio.com/route/juar-16/
01,"NifadaAt 800m elevation, a col",08,Gudsi,6b,20,https://climbinleonidio.com/route/gudsi-16/
01,"NifadaAt 800m elevation, a col",09,Gudsi ext,6b,35,https://climbinleonidio.com/route/gudsi-ext-16/
02,"PanoramaAt 700m elevation, a s",01,Hoch dit been,7a+,34,https://climbinleonidio.com/route/hoch-dit-been-16/
02,"PanoramaAt 700m elevation, a s",02,Viele wege führen nach room,6c+,25,https://climbinleonidio.com/route/viele-wege-fuhren-nach-room-16/
02,"PanoramaAt 700m elevation, a s",03,No pasaran!,7c,25,https://climbinleonidio.com/route/no-pasaran-16/
02,"PanoramaAt 700m elevation, a s",,04No pasaran! Ext8a?32,,,https://climbinleonidio.com/route/no-pasaran-ext-16/
02,"PanoramaAt 700m elevation, a s",05,Concave,7b,30,https://climbinleonidio.com/route/concave-16/
02,"PanoramaAt 700m elevation, a s",06,Convex,7c+,30,https://climbinleonidio.com/route/convex-16/
02,"PanoramaAt 700m elevation, a s",07,Mono dedos,7c,30,https://climbinleonidio.com/route/mono-dedos-16/
02,"PanoramaAt 700m elevation, a s",08,Stairway to heaven,6c,15,https://climbinleonidio.com/route/stairway-to-heaven-16/
02,"PanoramaAt 700m elevation, a s",09,Fakir,7c,15,https://climbinleonidio.com/route/fakir-16/
02,"PanoramaAt 700m elevation, a s",,10Fakir ext8b?32,,,https://climbinleonidio.com/route/fakir-ext-16/
02,"PanoramaAt 700m elevation, a s",11,Dutch cupcake,7c,28,https://climbinleonidio.com/route/dutch-cupcake-16/
02,"PanoramaAt 700m elevation, a s",12,Gran cereal,7c+,28,https://climbinleonidio.com/route/gran-cereal-16/
02,"PanoramaAt 700m elevation, a s",13,From berlin to bombay,7a+,15,https://climbinleonidio.com/route/from-berlin-to-bombay-16/
02,"PanoramaAt 700m elevation, a s",14,Blue whale’s dick,8a,28,https://climbinleonidio.com/route/blue-whales-dick-16/
02,"PanoramaAt 700m elevation, a s",15,Gecko slalom,7c,15,https://climbinleonidio.com/route/gecko-slalom-16/
02,"PanoramaAt 700m elevation, a s",16,Gecko slalom ext,8a,25,https://climbinleonidio.com/route/gecko-slalom-ext-16/
02,"PanoramaAt 700m elevation, a s",17,Blue tufas,7b,23,https://climbinleonidio.com/route/blue-tufas-16/
02,"PanoramaAt 700m elevation, a s",18,Adartes,7b,24,https://climbinleonidio.com/route/adartes-16/
02,"PanoramaAt 700m elevation, a s",19,Noah,6c,24,https://climbinleonidio.com/route/noah-16/
02,"PanoramaAt 700m elevation, a s",20,Dinaki,6c,20,https://climbinleonidio.com/route/dinaki-16/
02,"PanoramaAt 700m elevation, a s",21,Lou,6b,20,https://climbinleonidio.com/route/lou-16/
03,ElonaA world-class tufa crag i,01,Copper pipe,7c,30,https://climbinleonidio.com/route/copper-pipe-16/
03,ElonaA world-class tufa crag i,02,Diet dope,7b,25,https://climbinleonidio.com/route/diet-dope-16/
03,ElonaA world-class tufa crag i,03,The battle of succession,7c,25,https://climbinleonidio.com/route/the-battle-of-succession-16/
03,ElonaA world-class tufa crag i,04,The battle of succession ext,8a,45,https://climbinleonidio.com/route/the-battle-of-succession-ext-16/
03,ElonaA world-class tufa crag i,,05David direct8c?30,,,https://climbinleonidio.com/route/david-direct-16/
03,ElonaA world-class tufa crag i,06,David,8a,30,https://climbinleonidio.com/route/david-16/
03,ElonaA world-class tufa crag i,07,David ext,18a+,40,https://climbinleonidio.com/route/david-ext-1-16/
03,ElonaA world-class tufa crag i,,08David ext 28b+?60,,,https://climbinleonidio.com/route/david-ext-2-16/
03,ElonaA world-class tufa crag i,,09Goliath 1st part7c35,,,https://climbinleonidio.com/route/goliath-1st-part-16/
03,ElonaA world-class tufa crag i,10,Goliath,8b,60,https://climbinleonidio.com/route/goliath-16/
03,ElonaA world-class tufa crag i,11,Natural mystic,8c,35,https://climbinleonidio.com/route/natural-mystic-16/
03,ElonaA world-class tufa crag i,1210,hispanos,7c+,25,https://climbinleonidio.com/route/10-hispanos-16/
03,ElonaA world-class tufa crag i,1310,hispanos ext,8a,40,https://climbinleonidio.com/route/10-hispanos-ext-16/
03,ElonaA world-class tufa crag i,14,Eisvoleas,7c,20,https://climbinleonidio.com/route/eisvoleas-16/
03,ElonaA world-class tufa crag i,15,Venganza del silencio,8a,20,https://climbinleonidio.com/route/venganza-del-silencio-16/
03,ElonaA world-class tufa crag i,16,On the edge,8a,20,https://climbinleonidio.com/route/on-the-edge-16/
03,ElonaA world-class tufa crag i,17,Pope star,7c,35,https://climbinleonidio.com/route/pope-star-16/
03,ElonaA world-class tufa crag i,18,Mavra dakrya,7b,25,https://climbinleonidio.com/route/mavra-dakrya-16/
03,ElonaA world-class tufa crag i,19,Du opfa,8a,25,https://climbinleonidio.com/route/du-opfa-16/
03,ElonaA world-class tufa crag i,,20Du opfa ext8c+?40,,,https://climbinleonidio.com/route/du-opfa-ext-16/
03,ElonaA world-class tufa crag i,21,Skouliki,7b+,20,https://climbinleonidio.com/route/skouliki-16/
03,ElonaA world-class tufa crag i,22,Kneebaropoulos,7a+,25,https://climbinleonidio.com/route/kneebaropoulos-16/
03,ElonaA world-class tufa crag i,,23Kneebaropoulos ext8c+?50,,,https://climbinleonidio.com/route/kneebaropoulos-ext-16/
03,ElonaA world-class tufa crag i,24,Free fall,7c+,30,https://climbinleonidio.com/route/free-fall-16/
03,ElonaA world-class tufa crag i,25,Free fall ext,8b+,40,https://climbinleonidio.com/route/free-fall-ext-16/
03,ElonaA world-class tufa crag i,26,Kopakabana,7c+,30,https://climbinleonidio.com/route/kopakabana-16/
03,ElonaA world-class tufa crag i,27,Kopakabana ext,8b,37,https://climbinleonidio.com/route/kopakabana-ext-16/
03,ElonaA world-class tufa crag i,28,Jolly jump,8a+,30,https://climbinleonidio.com/route/jolly-jump-16/
03,ElonaA world-class tufa crag i,,29Jolly jup ext9a?40,,,https://climbinleonidio.com/route/jolly-jump-ext-16/
03,ElonaA world-class tufa crag i,30,Die heilige dreifaltigkeit,7b,20,https://climbinleonidio.com/route/die-heilige-dreifaltigkeit-16/
03,ElonaA world-class tufa crag i,31,Paranihida,7a+,20,https://climbinleonidio.com/route/paranihida-16/
03,ElonaA world-class tufa crag i,32,Paranihida ext,18a,28,https://climbinleonidio.com/route/paranihida-ext-1-16/
03,ElonaA world-class tufa crag i,33,Paranihida ext,28b+,40,https://climbinleonidio.com/route/paranihida-ext-2-16/
03,ElonaA world-class tufa crag i,34,Ernie,7b+,22,https://climbinleonidio.com/route/ernie-16/
03,ElonaA world-class tufa crag i,35,Bert,7c,22,https://climbinleonidio.com/route/bert-16/
03,ElonaA world-class tufa crag i,36,Insane in the membrane,7b,20,https://climbinleonidio.com/route/insane-in-the-membrane-16/
03,ElonaA world-class tufa crag i,37,Insane hanuman,8b,30,https://climbinleonidio.com/route/insane-hanuman-16/
03,ElonaA world-class tufa crag i,38,Hanuman,7c,20,https://climbinleonidio.com/route/hanuman-16/
03,ElonaA world-class tufa crag i,39,Hanuman ext,8c,30,https://climbinleonidio.com/route/hanuman-ext-16/
03,ElonaA world-class tufa crag i,40,At tension,7a+,20,https://climbinleonidio.com/route/at-tension-16/
03,ElonaA world-class tufa crag i,,41At tension ext8b+?25,,,https://climbinleonidio.com/route/at-tension-ext-16/
03,ElonaA world-class tufa crag i,,42Scorpion veno8b+?25,,,https://climbinleonidio.com/route/scorpion-venom-16/
03,ElonaA world-class tufa crag i,,43Project???,,,https://climbinleonidio.com/route/project-92/
03,ElonaA world-class tufa crag i,44,Hima sto kyma,8b,35,https://climbinleonidio.com/route/hima-sto-kyma-16/
03,ElonaA world-class tufa crag i,45,Mr miyagi,7c+,12,https://climbinleonidio.com/route/mr-miyagi-16/
03,ElonaA world-class tufa crag i,46,Daniel san,7c,12,https://climbinleonidio.com/route/daniel-san-16/
03,ElonaA world-class tufa crag i,47,Lolly pope,7b,25,https://climbinleonidio.com/route/lolly-pope-16/
03,ElonaA world-class tufa crag i,48,Winter is coming,6c,15,https://climbinleonidio.com/route/winter-is-coming-16/
03,ElonaA world-class tufa crag i,49,Techno berlin,6c,20,https://climbinleonidio.com/route/techno-berlin-16/
03,ElonaA world-class tufa crag i,50,Drigi drigi mana mou,7b+,22,https://climbinleonidio.com/route/drigi-drigi-mana-mou-16/
03,ElonaA world-class tufa crag i,51,Cobra,8a,25,https://climbinleonidio.com/route/cobra-16/
03,ElonaA world-class tufa crag i,52,El ojo de nazar,7c,20,https://climbinleonidio.com/route/el-ojo-de-nazar-16/
03,ElonaA world-class tufa crag i,53,Lolek,8a,20,https://climbinleonidio.com/route/lolek-16/
03,ElonaA world-class tufa crag i,54,Bolek,8a,20,https://climbinleonidio.com/route/bolek-16/
03,ElonaA world-class tufa crag i,55,Jazz against the machine,7c+,20,https://climbinleonidio.com/route/jazz-against-the-machine-16/
03,ElonaA world-class tufa crag i,56,Silvester alone,7c,22,https://climbinleonidio.com/route/silvester-alone-16/
03,ElonaA world-class tufa crag i,57,So ill,7a+,22,https://climbinleonidio.com/route/so-ill-16/
03,ElonaA world-class tufa crag i,58,Hopfigkeiten am wirsthaus...,7a,22,https://climbinleonidio.com/route/hopfigkeiten-am-wirsthaus-16/
03,ElonaA world-class tufa crag i,59,White rabbit,6b,15,https://climbinleonidio.com/route/white-rabbit-16/
03,ElonaA world-class tufa crag i,60,Cornflakes + tahini,7a,22,https://climbinleonidio.com/route/cornflakes-tahini-16/
03,ElonaA world-class tufa crag i,61,Ice cream,7b,22,https://climbinleonidio.com/route/ice-cream-16/
03,ElonaA world-class tufa crag i,62,I scream,7c,22,https://climbinleonidio.com/route/i-scream-16/
03,ElonaA world-class tufa crag i,63,Bibo,6a+,22,https://climbinleonidio.com/route/bibo-16/
03,ElonaA world-class tufa crag i,64,Last chance for a slow dance,6b+,22,https://climbinleonidio.com/route/last-chance-for-a-slow-dance-16/
03,ElonaA world-class tufa crag i,65,Gypsy climb,7c+,20,https://climbinleonidio.com/route/gypsy-climb-16/
03,ElonaA world-class tufa crag i,66,Troubadix,6c+,15,https://climbinleonidio.com/route/troubadix-16/
03,ElonaA world-class tufa crag i,67,Majestix,6b+,12,https://climbinleonidio.com/route/majestix-16/
03,ElonaA world-class tufa crag i,68,Miraculix,6c,12,https://climbinleonidio.com/route/miraculix-16/
03,ElonaA world-class tufa crag i,69,Verleinix,6b,12,https://climbinleonidio.com/route/verleinix-16/
03,ElonaA world-class tufa crag i,70,Muscule shirt,5c,12,https://climbinleonidio.com/route/muscule-shirt-16/
03,ElonaA world-class tufa crag i,71,Idefix,5a,10,https://climbinleonidio.com/route/idefix-16/
04,NeanderthalA new hard crag in,01,A l’aurée du doigt,8b,10,https://climbinleonidio.com/route/a-lauree-du-doigt-16/
04,NeanderthalA new hard crag in,02,Mechanical doping,8a+,10,https://climbinleonidio.com/route/mechanical-doping-16/
04,NeanderthalA new hard crag in,03,La crème des imbéciles,8b+,10,https://climbinleonidio.com/route/la-creme-des-imbeciles-16/
04,NeanderthalA new hard crag in,04,Magic mushroom,8a+,10,https://climbinleonidio.com/route/magic-mushroom-16/
04,NeanderthalA new hard crag in,05,Ou c’est tu?,7b,18,https://climbinleonidio.com/route/ou-cest-tu-16/
04,NeanderthalA new hard crag in,06,The arête,7a,15,https://climbinleonidio.com/route/the-arete-16/
04,NeanderthalA new hard crag in,07,El diedro,6c+,15,https://climbinleonidio.com/route/el-diedro-16/
04,NeanderthalA new hard crag in,08,The boulder,7a,15,https://climbinleonidio.com/route/the-boulder-16/
04,NeanderthalA new hard crag in,,09No nae 97?15,,,https://climbinleonidio.com/route/no-name-9-31/
04,NeanderthalA new hard crag in,,10No nae 107?15,,,https://climbinleonidio.com/route/no-name-10-16/
04,NeanderthalA new hard crag in,11,Frog attack,7b+,18,https://climbinleonidio.com/route/frog-attack-16/
04,NeanderthalA new hard crag in,12,Steep slab,8a,18,https://climbinleonidio.com/route/steep-slab-16/
04,NeanderthalA new hard crag in,13,Neanderthal,8b,18,https://climbinleonidio.com/route/neanderthal-16/
04,NeanderthalA new hard crag in,14,Popetta,8a,18,https://climbinleonidio.com/route/popetta-16/
04,NeanderthalA new hard crag in,15,Yogurt,7b,20,https://climbinleonidio.com/route/yogurt-16/
04,NeanderthalA new hard crag in,16,Tobol,7a,20,https://climbinleonidio.com/route/tobol-16/
04,NeanderthalA new hard crag in,17,El paso,6c+,17,https://climbinleonidio.com/route/el-paso-16/
04,NeanderthalA new hard crag in,18,Eliza,8c,15,https://climbinleonidio.com/route/eliza-16/
04,NeanderthalA new hard crag in,19,Protect life,8a,15,https://climbinleonidio.com/route/protect-life-16/
04,NeanderthalA new hard crag in,20,Papatopolis,6c+,22,https://climbinleonidio.com/route/papatopolis-16/
04,NeanderthalA new hard crag in,21,Prise de tètine,6c,22,https://climbinleonidio.com/route/prise-de-tetine-16/
05,La,01,Exkalibur,5c,20,https://climbinleonidio.com/route/exkalibur-16/
05,La,02,Tuk-tuk,5c,20,https://climbinleonidio.com/route/tuk-tuk-16/
05,La,03,Tanzmarie,6c+,25,https://climbinleonidio.com/route/tanzmarie-16/
05,La,04,Finding mono,7a,25,https://climbinleonidio.com/route/finding-mono-16/
05,La,05,The kid,7c,20,https://climbinleonidio.com/route/the-kid-16/
05,La,06,Mr nice,7c+,20,https://climbinleonidio.com/route/mr-nice-16/
05,La,07,Nemesis,7b+,20,https://climbinleonidio.com/route/nemesis-16/
05,La,08,Three billy goats gruff,8a+,18,https://climbinleonidio.com/route/three-billy-goats-gruff-16/
05,La,09,La chèvre de mr seguin,8a,22,https://climbinleonidio.com/route/la-chevre-de-mr-seguin-16/
05,La,10,Pan,7c,18,https://climbinleonidio.com/route/pan-16/
05,La,11,Amalthée,7b,20,https://climbinleonidio.com/route/amalthee-16/
05,La,12,Po po,7c+,20,https://climbinleonidio.com/route/po-po-16/
05,La,13,Capricorn,8c+,18,https://climbinleonidio.com/route/capricorn-16/
05,La,14,Pantysgawn,8c,18,https://climbinleonidio.com/route/pantysgawn-16/
05,La,15,Mikro chioni,6c,15,https://climbinleonidio.com/route/mikro-chioni-16/
05,La,16,X-mas,7a+,25,https://climbinleonidio.com/route/x-mas-16/
05,La,17,Vulpes vulpes,7c+,20,https://climbinleonidio.com/route/vulpes-vulpes-16/
05,La,18,Valentynsky bozk,6c,20,https://climbinleonidio.com/route/valentynsky-bozk-16/
05,La,19,Thum thum,7a+,20,https://climbinleonidio.com/route/thum-thum-16/
05,La,20,Thraumpaar,6a+,20,https://climbinleonidio.com/route/thraumpaar-16/
05,La,01,Turmweg,6b,37,https://climbinleonidio.com/route/turmweg-16/
05,La,02,Franchetto,7b+,38,https://climbinleonidio.com/route/franchetto-16/
05,La,03,Endspiel,7c,35,https://climbinleonidio.com/route/endspiel-16/
05,La,04,Desperado,7b+,36,https://climbinleonidio.com/route/desperado-16/
05,La,05,Eröffnung,7a,35,https://climbinleonidio.com/route/eroffnung-16/
05,La,06,Schachmatt,7b+,25,https://climbinleonidio.com/route/schachmatt-16/
05,La,07,Isolani,7b,28,https://climbinleonidio.com/route/isolani-16/
05,La,08,Rochade,7a,28,https://climbinleonidio.com/route/rochade-16/
05,La,09,Figurine notation,7a,27,https://climbinleonidio.com/route/figurine-notation-16/
05,La,10,Hangepartie,7a,27,https://climbinleonidio.com/route/hangepartie-16/
05,La,11,Zwickmuhle,7c+,25,https://climbinleonidio.com/route/zwickmuhle-16/
05,La,12,Zugzwang,7b,25,https://climbinleonidio.com/route/zugzwang-16/
05,La,13,Fingerfehler,7c,25,https://climbinleonidio.com/route/fingerfehler-16/
05,La,14,Gampit,7a+,25,https://climbinleonidio.com/route/gampit-16/
05,La,15,Jodoube,6c+,20,https://climbinleonidio.com/route/jodoube-16/
05,La,16,Qualitätsopfer,6c,28,https://climbinleonidio.com/route/qualitatsopfer-16/
05,La,17,En passant,6c,35,https://climbinleonidio.com/route/en-passant-16/
05,La,01,To’na heri nivi t’allo,7a+,30,https://climbinleonidio.com/route/tona-heri-nivi-tallo-16/
05,La,02,Hochmut kommt vor dem fall,7b,30,https://climbinleonidio.com/route/hochmut-kommt-vor-dem-fall-16/
05,La,03,Un pieds,7a,30,https://climbinleonidio.com/route/un-pieds-16/
05,La,04,And silence is golden,7a,30,https://climbinleonidio.com/route/and-silence-is-golden-16/
05,La,05,Cogito ergo sum,7b,25,https://climbinleonidio.com/route/cogito-ergo-sum-16/
05,La,06,Cogito ergo sum ext,7c,30,https://climbinleonidio.com/route/cogito-ergo-sum-ext-16/
05,La,07,Übung macht den meister,7b,25,https://climbinleonidio.com/route/ubung-macht-den-meister-16/
05,La,08,Übung macht den meister ext,7c+,35,https://climbinleonidio.com/route/ubung-macht-den-meister-ext-16/
05,La,09,Ola echune to logo tus,7b,35,https://climbinleonidio.com/route/ola-echune-to-logo-tus-16/
05,La,10,Quod erat demonstrandum,7b+,35,https://climbinleonidio.com/route/quod-erat-demonstrandum-16/
05,La,11,Lo que no,7b+,30,https://climbinleonidio.com/route/lo-que-no-16/
05,La,12,"Harm set, harm get",7a+,35,https://climbinleonidio.com/route/harm-set-harm-get-16/
05,La,13,Pierre gui roule,6c+,30,https://climbinleonidio.com/route/pierre-gui-roule-16/
05,La,14,El gue mucho,7b,25,https://climbinleonidio.com/route/el-gue-mucho-16/
06,Adršpach,01,Black mamba,7c,25,https://climbinleonidio.com/route/black-mamba-16/
06,Adršpach,02,Sugar loaf,8a+,25,https://climbinleonidio.com/route/sugar-loaf-16/
06,Adršpach,03,Vesuvian?,2,5,https://climbinleonidio.com/route/vesuvian-16/
06,Adršpach,04,Řecký bonzák,6b,15,https://climbinleonidio.com/route/recky-bonzak-16/
06,Adršpach,05,Mythos,7a+,20,https://climbinleonidio.com/route/mythos-16/
06,Adršpach,06,Vino tinto,7b+,22,https://climbinleonidio.com/route/vino-tinto-16/
06,Adršpach,07,Orange express,7a,15,https://climbinleonidio.com/route/orange-express-16/
06,Adršpach,08,Adršpach party,7b,20,https://climbinleonidio.com/route/adrspach-party-16/
06,Adršpach,09,Yellow submarine,7a+,20,https://climbinleonidio.com/route/yellow-submarine-31/
06,Adršpach,10,Ahoi,8a,28,https://climbinleonidio.com/route/ahoi-16/
06,Adršpach,11,Jukama,6b+,20,https://climbinleonidio.com/route/jukama-16/
06,Adršpach,1299,bolts,6b+,18,https://climbinleonidio.com/route/99-bolts-16/
06,Adršpach,13,Rolling stone,7a+,30,https://climbinleonidio.com/route/rolling-stone-16/
06,Adršpach,14,Pillar of dream,6a+,15,https://climbinleonidio.com/route/pillar-of-dream-16/
07,SkiadiánikoA major crag with r,01,Fasilitsa,4c,12,https://climbinleonidio.com/route/fasilitsa-16/
07,SkiadiánikoA major crag with r,02,Well pie,5a,15,https://climbinleonidio.com/route/well-pie-16/
07,SkiadiánikoA major crag with r,03,Pritsini,6a,18,https://climbinleonidio.com/route/pritsini-16/
07,SkiadiánikoA major crag with r,04,Potami,5c,18,https://climbinleonidio.com/route/potami-16/
07,SkiadiánikoA major crag with r,05,Viva loxa,5b,22,https://climbinleonidio.com/route/viva-loxa-16/
07,SkiadiánikoA major crag with r,06,Souxou mouxou,5b,20,https://climbinleonidio.com/route/souxou-mouxou-16/
07,SkiadiánikoA major crag with r,07,Fuerte,6a+,20,https://climbinleonidio.com/route/fuerte-16/
07,SkiadiánikoA major crag with r,08,Giorgalis,5b,22,https://climbinleonidio.com/route/giorgalis-16/
07,SkiadiánikoA major crag with r,09,Kazabooboo,6a,20,https://climbinleonidio.com/route/kazabooboo-16/
07,SkiadiánikoA major crag with r,10,Chrepi,6a,22,https://climbinleonidio.com/route/chrepi-16/
07,SkiadiánikoA major crag with r,11,Roumpi,6a+,22,https://climbinleonidio.com/route/roumpi-16/
07,SkiadiánikoA major crag with r,12,Sushi,5c,22,https://climbinleonidio.com/route/sushi-16/
07,SkiadiánikoA major crag with r,13,Meligoni,5c,22,https://climbinleonidio.com/route/meligoni-16/
07,SkiadiánikoA major crag with r,14,Primera,5c,22,https://climbinleonidio.com/route/primera-16/
07,SkiadiánikoA major crag with r,15,Sterna,6a,20,https://climbinleonidio.com/route/sterna-16/
07,SkiadiánikoA major crag with r,16,Leihina,6a,28,https://climbinleonidio.com/route/leihina-16/
07,SkiadiánikoA major crag with r,17,Fola,5b,22,https://climbinleonidio.com/route/fola-16/
07,SkiadiánikoA major crag with r,18,Voutan,5b+,22,https://climbinleonidio.com/route/voutan-16/
07,SkiadiánikoA major crag with r,19,Masmagoudi,6a+,30,https://climbinleonidio.com/route/masmagoudi-16/
07,SkiadiánikoA major crag with r,20,Fever tree,6b,32,https://climbinleonidio.com/route/fever-tree-16/
07,SkiadiánikoA major crag with r,21,Boghusho,5c+,18,https://climbinleonidio.com/route/boghusho-16/
07,SkiadiánikoA major crag with r,22,Caramela,6a,28,https://climbinleonidio.com/route/caramela-16/
07,SkiadiánikoA major crag with r,23,Vatsina,6a+,25,https://climbinleonidio.com/route/vatsina-16/
07,SkiadiánikoA major crag with r,24,Elegant,6a,20,https://climbinleonidio.com/route/elegant-16/
07,SkiadiánikoA major crag with r,25,Elephant,6a,28,https://climbinleonidio.com/route/elephant-16/
07,SkiadiánikoA major crag with r,26,Scheky,7a+,35,https://climbinleonidio.com/route/scheky-16/
07,SkiadiánikoA major crag with r,27,Rumble,7b,38,https://climbinleonidio.com/route/rumble-16/
07,SkiadiánikoA major crag with r,28,Marsipitation,7a,25,https://climbinleonidio.com/route/marsipitation-16/
07,SkiadiánikoA major crag with r,29,Tsoupa,6c+,20,https://climbinleonidio.com/route/tsoupa-16/
07,SkiadiánikoA major crag with r,30,Pouro,6b,15,https://climbinleonidio.com/route/pouro-16/
07,SkiadiánikoA major crag with r,31,Hronologio,7b,30,https://climbinleonidio.com/route/hronologio-16/
07,SkiadiánikoA major crag with r,32,Ginger,7b+,28,https://climbinleonidio.com/route/ginger-16/
07,SkiadiánikoA major crag with r,33,Canguro,6c,15,https://climbinleonidio.com/route/canguro-16/
07,SkiadiánikoA major crag with r,34,Super canguro,7c+,28,https://climbinleonidio.com/route/super-canguro-16/
07,SkiadiánikoA major crag with r,35,Mai tai,7c+,18,https://climbinleonidio.com/route/mai-tai-16/
07,SkiadiánikoA major crag with r,,36Madae8a?20,,,https://climbinleonidio.com/route/madame-16/
07,SkiadiánikoA major crag with r,37,Fleche noire,7b+,22,https://climbinleonidio.com/route/fleche-noire-16/
07,SkiadiánikoA major crag with r,38,Sfiga,7b+,18,https://climbinleonidio.com/route/sfiga-16/
07,SkiadiánikoA major crag with r,39,Zacke,7c+,25,https://climbinleonidio.com/route/zacke-16/
07,SkiadiánikoA major crag with r,40,Iho,7b,22,https://climbinleonidio.com/route/iho-16/
07,SkiadiánikoA major crag with r,41,Mpora,5b,18,https://climbinleonidio.com/route/mpora-16/
07,SkiadiánikoA major crag with r,42,Amnesia,6a,20,https://climbinleonidio.com/route/amnesia-16/
07,SkiadiánikoA major crag with r,43,Mr,406a+,25,https://climbinleonidio.com/route/mr-40-16/
07,SkiadiánikoA major crag with r,44,Skismeno kolan,6a+,20,https://climbinleonidio.com/route/skismeno-kolan-16/
07,SkiadiánikoA major crag with r,45,Porto lenidi,6a,22,https://climbinleonidio.com/route/porto-lenidi-16/
07,SkiadiánikoA major crag with r,462,porto,6b,25,https://climbinleonidio.com/route/2porto-16/
07,SkiadiánikoA major crag with r,47,Eye of the tiger,6b+,30,https://climbinleonidio.com/route/eye-of-the-tiger-16/
07,SkiadiánikoA major crag with r,48,Lordos mylon,6c,28,https://climbinleonidio.com/route/lordos-mylon-16/
07,SkiadiánikoA major crag with r,49,Brown cougar,7a,28,https://climbinleonidio.com/route/brown-cougar-16/
07,SkiadiánikoA major crag with r,50,Ramasca,6c+,20,https://climbinleonidio.com/route/ramasca-16/
07,SkiadiánikoA major crag with r,51,Super ramasca,7a,38,https://climbinleonidio.com/route/super-ramasca-16/
07,SkiadiánikoA major crag with r,52,Red honey,7b,18,https://climbinleonidio.com/route/red-honey-16/
07,SkiadiánikoA major crag with r,53,Red honey variation,7b,20,https://climbinleonidio.com/route/red-honey-variation-16/
07,SkiadiánikoA major crag with r,54,White powder,7a+,20,https://climbinleonidio.com/route/white-powder-16/
07,SkiadiánikoA major crag with r,55,Tree,6b,16,https://climbinleonidio.com/route/tree-16/
07,SkiadiánikoA major crag with r,56,Tavor,6c,20,https://climbinleonidio.com/route/tavor-16/
07,SkiadiánikoA major crag with r,57,Roupi,6b,20,https://climbinleonidio.com/route/roupi-16/
07,SkiadiánikoA major crag with r,58,Gum,6a+,15,https://climbinleonidio.com/route/gum-16/
07,SkiadiánikoA major crag with r,01,Anonymous mosh,6b+,25,https://climbinleonidio.com/route/anonymous-mosh-16/
07,SkiadiánikoA major crag with r,02,Solar black,6c+,25,https://climbinleonidio.com/route/solar-black-16/
07,SkiadiánikoA major crag with r,03,Foo foo fighters,7b,22,https://climbinleonidio.com/route/foo-foo-fighters-16/
07,SkiadiánikoA major crag with r,04,Hooga,7b+,38,https://climbinleonidio.com/route/hooga-16/
07,SkiadiánikoA major crag with r,05,A tufa too far,7a,30,https://climbinleonidio.com/route/a-tufa-too-far-16/
07,SkiadiánikoA major crag with r,06,Spinaki,7a,38,https://climbinleonidio.com/route/spinaki-16/
07,SkiadiánikoA major crag with r,07,Falafalaal,7a+,40,https://climbinleonidio.com/route/falafalaal-16/
07,SkiadiánikoA major crag with r,08,Arabesque,6c+,40,https://climbinleonidio.com/route/arabesque-16/
07,SkiadiánikoA major crag with r,09,Madame pomegranate,7a,30,https://climbinleonidio.com/route/madame-pomegranate-16/
07,SkiadiánikoA major crag with r,10,Bompogenesis,7a,35,https://climbinleonidio.com/route/bompogenesis-16/
08,LimériA roadside crag with lot,01,Rehab center,6c+,12,https://climbinleonidio.com/route/rehab-center-16/
08,LimériA roadside crag with lot,02,Nanotechnologia,7a+,12,https://climbinleonidio.com/route/nanotechnologia-16/
08,LimériA roadside crag with lot,03,The grimms,7a,12,https://climbinleonidio.com/route/the-grimms-16/
08,LimériA roadside crag with lot,04,Hionati,6c+,12,https://climbinleonidio.com/route/hionati-16/
08,LimériA roadside crag with lot,05,Ksotiko,6c,12,https://climbinleonidio.com/route/ksotiko-16/
08,LimériA roadside crag with lot,06,Lip stick?,1,0,https://climbinleonidio.com/route/lip-stick-16/
08,LimériA roadside crag with lot,07,Easy,6a+,10,https://climbinleonidio.com/route/easy-16/
08,LimériA roadside crag with lot,08,Le piliers de bar,7a+,18,https://climbinleonidio.com/route/le-piliers-de-bar-16/
08,LimériA roadside crag with lot,09,Prodosia?,2,5,https://climbinleonidio.com/route/prodosia-16/
08,LimériA roadside crag with lot,,10Skatos8a?20,,,https://climbinleonidio.com/route/skatos-16/
08,LimériA roadside crag with lot,11,Bolzenfresser,6b+,32,https://climbinleonidio.com/route/bolzenfresser-16/
08,LimériA roadside crag with lot,12,Paraspondia,7a,20,https://climbinleonidio.com/route/paraspondia-16/
08,LimériA roadside crag with lot,13,Milky way,6c+,20,https://climbinleonidio.com/route/milky-way-16/
08,LimériA roadside crag with lot,14,Koutornithi,7a+,20,https://climbinleonidio.com/route/koutornithi-16/
08,LimériA roadside crag with lot,15,Fesi,7a+,20,https://climbinleonidio.com/route/fesi-16/
08,LimériA roadside crag with lot,16,Parakratisi,6c+,20,https://climbinleonidio.com/route/parakratisi-16/
08,LimériA roadside crag with lot,17,Prothesmia,6c+,20,https://climbinleonidio.com/route/prothesmia-16/
08,LimériA roadside crag with lot,18,Ligo ap’ola,7b+,22,https://climbinleonidio.com/route/ligo-apola-16/
08,LimériA roadside crag with lot,19,Coffee way,8a+,30,https://climbinleonidio.com/route/coffee-way-16/
08,LimériA roadside crag with lot,20,Mama africa,8a,35,https://climbinleonidio.com/route/mama-africa-16/
08,LimériA roadside crag with lot,21,Acrovatis,7c,30,https://climbinleonidio.com/route/acrovatis-16/
08,LimériA roadside crag with lot,22,Edu el “recio”,7c+,30,https://climbinleonidio.com/route/edu-el-recio-16/
08,LimériA roadside crag with lot,23,To fthino manaviko,8a+,25,https://climbinleonidio.com/route/to-fthino-manaviko-16/
08,LimériA roadside crag with lot,24,Goofy,8c,25,https://climbinleonidio.com/route/goofy-16/
08,LimériA roadside crag with lot,,25Super goofy8c+?25,,,https://climbinleonidio.com/route/super-goofy-16/
08,LimériA roadside crag with lot,26,Oaka i.c.,7c+,22,https://climbinleonidio.com/route/oaka-i-c-16/
08,LimériA roadside crag with lot,27,Paraplanisi,7c+,20,https://climbinleonidio.com/route/paraplanisi-16/
08,LimériA roadside crag with lot,28,Klika,7c+,20,https://climbinleonidio.com/route/klika-16/
08,LimériA roadside crag with lot,29,Reklama,7c,20,https://climbinleonidio.com/route/reklama-16/
08,LimériA roadside crag with lot,30,Spazokefalia,7b+,20,https://climbinleonidio.com/route/spazokefalia-16/
08,LimériA roadside crag with lot,31,The revenge of smart,7a,20,https://climbinleonidio.com/route/the-revenge-of-smart-16/
08,LimériA roadside crag with lot,32,Resumé,6c+,20,https://climbinleonidio.com/route/resume-16/
08,LimériA roadside crag with lot,33,Coffee right,7c,18,https://climbinleonidio.com/route/coffee-right-16/
08,LimériA roadside crag with lot,34,Symmoria,6c,15,https://climbinleonidio.com/route/symmoria-16/
08,LimériA roadside crag with lot,35,Symmoria ext,8a,22,https://climbinleonidio.com/route/symmoria-ext-16/
08,LimériA roadside crag with lot,36,Aoplos,7c+,20,https://climbinleonidio.com/route/aoplos-16/
08,LimériA roadside crag with lot,37,Kaour ekokiate,7b,20,https://climbinleonidio.com/route/kaour-ekokiate-31/
08,LimériA roadside crag with lot,38,Route to kosma,7a+,25,https://climbinleonidio.com/route/route-to-kosma-16/
08,LimériA roadside crag with lot,3950,asini,7b+,20,https://climbinleonidio.com/route/50-asini-16/
08,LimériA roadside crag with lot,40,Lord of souvlaki,7b+,20,https://climbinleonidio.com/route/lord-of-souvlaki-16/
09,KamáresA new crag with two lar,01,Mageiras,6b,12,https://climbinleonidio.com/route/mageiras-16/
09,KamáresA new crag with two lar,02,Giras,6a,12,https://climbinleonidio.com/route/giras-16/
09,KamáresA new crag with two lar,03,Exorixi,6a,15,https://climbinleonidio.com/route/exorixi-16/
09,KamáresA new crag with two lar,04,Allagi topiou,6b,16,https://climbinleonidio.com/route/allagi-topiou-16/
09,KamáresA new crag with two lar,05,Pelekanos,5c,15,https://climbinleonidio.com/route/pelekanos-16/
09,KamáresA new crag with two lar,06,Louki,5b,12,https://climbinleonidio.com/route/louki-16/
09,KamáresA new crag with two lar,07,Grammara?,2,2,https://climbinleonidio.com/route/grammara-16/
09,KamáresA new crag with two lar,08,Grammara ext?,4,5,https://climbinleonidio.com/route/grammara-ext-16/
09,KamáresA new crag with two lar,,09Book of heroes8b?20,,,https://climbinleonidio.com/route/book-of-heroes-16/
09,KamáresA new crag with two lar,10,Book of heroes ext?,4,5,https://climbinleonidio.com/route/book-of-heroes-ext-16/
09,KamáresA new crag with two lar,11,Anichti akroasi,7c,20,https://climbinleonidio.com/route/anichti-akroasi-16/
09,KamáresA new crag with two lar,12,Anichti akroasi ext,8a,45,https://climbinleonidio.com/route/anichti-akroasi-ext-16/
09,KamáresA new crag with two lar,13,Kitrinos typos,7c,20,https://climbinleonidio.com/route/kitrinos-typos-16/
09,KamáresA new crag with two lar,14,Kitrinos typos ext,7c+,45,https://climbinleonidio.com/route/kitrinos-typos-ext-16/
09,KamáresA new crag with two lar,15,Misofeggaro,8a,30,https://climbinleonidio.com/route/misofeggaro-16/
09,KamáresA new crag with two lar,16,Korakovouni,7a+,20,https://climbinleonidio.com/route/korakovouni-16/
09,KamáresA new crag with two lar,17,Karagouna,7b,30,https://climbinleonidio.com/route/karagouna-16/
09,KamáresA new crag with two lar,18,Karagouna ext,7c+,45,https://climbinleonidio.com/route/karagouna-ext-16/
09,KamáresA new crag with two lar,19,Carmirina,7b,30,https://climbinleonidio.com/route/carmirina-16/
09,KamáresA new crag with two lar,20,Carmirina ext,7b,45,https://climbinleonidio.com/route/carmirina-ext-16/
09,KamáresA new crag with two lar,21,Katsavoulias,7c+,30,https://climbinleonidio.com/route/katsavoulias-16/
09,KamáresA new crag with two lar,22,Katsavoulias ext,7c+,50,https://climbinleonidio.com/route/katsavoulias-ext-16/
09,KamáresA new crag with two lar,23,No name,237c,30,https://climbinleonidio.com/route/no-name-23-31/
09,KamáresA new crag with two lar,24,Filarakia,8a,35,https://climbinleonidio.com/route/filarakia-16/
09,KamáresA new crag with two lar,25,Me gantia,7b+,25,https://climbinleonidio.com/route/me-gantia-16/
09,KamáresA new crag with two lar,26,Modistros,7b+,30,https://climbinleonidio.com/route/modistros-16/
09,KamáresA new crag with two lar,27,Pistolia,8c,30,https://climbinleonidio.com/route/pistolia-16/
09,KamáresA new crag with two lar,28,Pizza me to metro,8b,30,https://climbinleonidio.com/route/pizza-me-to-metro-16/
09,KamáresA new crag with two lar,29,Haraktis,8b,25,https://climbinleonidio.com/route/haraktis-16/
09,KamáresA new crag with two lar,30,Digmata grafis,8b,25,https://climbinleonidio.com/route/digmata-grafis-16/
09,KamáresA new crag with two lar,31,Apo sverko,7b+,25,https://climbinleonidio.com/route/apo-sverko-16/
09,KamáresA new crag with two lar,32,Ta dyo trita,7b+,15,https://climbinleonidio.com/route/ta-dyo-trita-16/
09,KamáresA new crag with two lar,33,At homo’s yard,6c+,15,https://climbinleonidio.com/route/at-homos-yard-16/
09,KamáresA new crag with two lar,34,Surprise,6c+,18,https://climbinleonidio.com/route/surprise-16/
09,KamáresA new crag with two lar,35,Terma deksia,7b,15,https://climbinleonidio.com/route/terma-deksia-16/
10,El,01,Plaka me kaneis,6c,15,https://climbinleonidio.com/route/plaka-me-kaneis-16/
10,El,02,Mpahalogatos?,2,0,https://climbinleonidio.com/route/mpahalogatos-16/
10,El,03,Bloody heri,7b+,22,https://climbinleonidio.com/route/bloody-heri-16/
10,El,04,Fight de fight the fly,8a,25,https://climbinleonidio.com/route/fight-de-fight-the-fly-16/
10,El,05,Kollitos,7a,25,https://climbinleonidio.com/route/kollitos-16/
10,El,06,Trompa crack,6c,20,https://climbinleonidio.com/route/trompa-crack-16/
10,El,07,Allou gia allou,6c,20,https://climbinleonidio.com/route/allou-gia-allou-16/
10,El,08,Arathimos,7a+,20,https://climbinleonidio.com/route/arathimos-16/
10,El,09,Ta kalitera tis gionas,7b,20,https://climbinleonidio.com/route/ta-kalitera-tis-gionas-16/
10,El,10,Gyalia karfia?,2,0,https://climbinleonidio.com/route/gyalia-karfia-16/
10,El,11,Momentum,8a,20,https://climbinleonidio.com/route/momentum-16/
10,El,12,Trelloaimatos,7c,20,https://climbinleonidio.com/route/trelloaimatos-16/
10,El,13,El perpati,7c+,25,https://climbinleonidio.com/route/el-perpati-16/
10,El,14,Relanti,7a+,20,https://climbinleonidio.com/route/relanti-16/
10,El,,15Fortaleza7c+/8a25,,,https://climbinleonidio.com/route/fortaleza-16/
10,El,16,Kai stin korfi kanella,8a,25,https://climbinleonidio.com/route/kai-stin-korfi-kanella-16/
10,El,17,Keep on crimping,7c+,25,https://climbinleonidio.com/route/keep-on-crimping-16/
10,El,18,No name,185c,20,https://climbinleonidio.com/route/no-name-18-31/
10,El,19,No name,195a,15,https://climbinleonidio.com/route/no-name-19-31/
10,El,20,My secret love,7a+,20,https://climbinleonidio.com/route/my-secret-love-16/
10,El,21,My secret love ext,7a+,60,https://climbinleonidio.com/route/my-secret-love-ext-16/
11,Grande,01,Formage,6a+,30,https://climbinleonidio.com/route/formage-16/
11,Grande,02,No breakfast no glory,6b+,22,https://climbinleonidio.com/route/no-breakfast-no-glory-16/
11,Grande,03,Sophie the giraffe,6b+,25,https://climbinleonidio.com/route/sophie-the-giraffe-16/
11,Grande,04,Micra picra,6c+,25,https://climbinleonidio.com/route/micra-picra-16/
11,Grande,05,Klimataria,6b,22,https://climbinleonidio.com/route/klimataria-16/
11,Grande,06,Tsachpinis,6b,22,https://climbinleonidio.com/route/tsachpinis-16/
11,Grande,07,Raccoon,6b+,23,https://climbinleonidio.com/route/raccoon-16/
11,Grande,08,Beboucian,6a+,22,https://climbinleonidio.com/route/beboucian-16/
11,Grande,09,Penguin,4b,12,https://climbinleonidio.com/route/penguin-16/
11,Grande,10,Nestsitter,6b+,30,https://climbinleonidio.com/route/nestsitter-16/
11,Grande,11,Over-slab,6a,10,https://climbinleonidio.com/route/over-slab-16/
12,H.A.D.A.A tough crag on a natu,01,Emovoros,8a+,25,https://climbinleonidio.com/route/emovoros-16/
12,H.A.D.A.A tough crag on a natu,02,Skithropos,8a,25,https://climbinleonidio.com/route/skithropos-16/
12,H.A.D.A.A tough crag on a natu,03,Parakladi,8b,25,https://climbinleonidio.com/route/parakladi-16/
12,H.A.D.A.A tough crag on a natu,,04Ortolana8b+?25,,,https://climbinleonidio.com/route/ortolana-16/
12,H.A.D.A.A tough crag on a natu,,05Ortolana ext8c?30,,,https://climbinleonidio.com/route/ortolana-ext-16/
12,H.A.D.A.A tough crag on a natu,06,Octopus arms,7c+,25,https://climbinleonidio.com/route/octopus-arms-16/
12,H.A.D.A.A tough crag on a natu,,07Knucklehead8a+?20,,,https://climbinleonidio.com/route/knucklehead-16/
12,H.A.D.A.A tough crag on a natu,08,The roof is on fire,8a,15,https://climbinleonidio.com/route/the-roof-is-on-fire-16/
12,H.A.D.A.A tough crag on a natu,,09Heidi witzka9a?40,,,https://climbinleonidio.com/route/heidi-witzka-16/
12,H.A.D.A.A tough crag on a natu,10,Der helle wahnsinn,8a+,25,https://climbinleonidio.com/route/der-helle-wahnsinn-16/
12,H.A.D.A.A tough crag on a natu,11,Tampourlo,7c+,12,https://climbinleonidio.com/route/tampourlo-16/
12,H.A.D.A.A tough crag on a natu,12,Destroy,7b,25,https://climbinleonidio.com/route/destroy-16/
12,H.A.D.A.A tough crag on a natu,13,Erase,7a+,25,https://climbinleonidio.com/route/erase-16/
12,H.A.D.A.A tough crag on a natu,14,Improve,7b+,25,https://climbinleonidio.com/route/improve-16/
12,H.A.D.A.A tough crag on a natu,15,Unconditional love,7c,25,https://climbinleonidio.com/route/unconditional-love-16/
12,H.A.D.A.A tough crag on a natu,16,Unconditional love ext?,4,0,https://climbinleonidio.com/route/unconditional-love-ext-16/
12,H.A.D.A.A tough crag on a natu,17,Unconventional affair,7b+,25,https://climbinleonidio.com/route/unconventional-affair-16/
12,H.A.D.A.A tough crag on a natu,18,Zeybreak,7c,40,https://climbinleonidio.com/route/zeybreak-16/
12,H.A.D.A.A tough crag on a natu,19,Amigo,6a,15,https://climbinleonidio.com/route/amigo-16/
12,H.A.D.A.A tough crag on a natu,20,Flying steps,6b+,20,https://climbinleonidio.com/route/flying-steps-16/
12,H.A.D.A.A tough crag on a natu,21,Gastone duck,6c,22,https://climbinleonidio.com/route/gastone-duck-16/
12,H.A.D.A.A tough crag on a natu,22,No name,226c+,20,https://climbinleonidio.com/route/no-name-22-16/
12,H.A.D.A.A tough crag on a natu,23,Medousa,6b,15,https://climbinleonidio.com/route/medousa-16/
12,H.A.D.A.A tough crag on a natu,24,Medousa ext,7b+,28,https://climbinleonidio.com/route/medousa-ext-16/
12,H.A.D.A.A tough crag on a natu,25,Brownie,7a,20,https://climbinleonidio.com/route/brownie-16/
12,H.A.D.A.A tough crag on a natu,26,Skylisia apodrasi,6c+,20,https://climbinleonidio.com/route/skylisia-apodrasi-16/
12,H.A.D.A.A tough crag on a natu,27,Happy new year daila,6c,20,https://climbinleonidio.com/route/happy-new-year-daila-16/
12,H.A.D.A.A tough crag on a natu,28,Sokolatina,7a,22,https://climbinleonidio.com/route/sokolatina-16/
12,H.A.D.A.A tough crag on a natu,29,H.A.D.A.,7b+,25,https://climbinleonidio.com/route/h-a-d-a-16/
12,H.A.D.A.A tough crag on a natu,30,Tout est relative,7a,18,https://climbinleonidio.com/route/tout-est-relative-16/
12,H.A.D.A.A tough crag on a natu,,31Tout est relative ext9a?50,,,https://climbinleonidio.com/route/tout-est-relative-ext-16/
12,H.A.D.A.A tough crag on a natu,32,Booze,7c,25,https://climbinleonidio.com/route/booze-16/
12,H.A.D.A.A tough crag on a natu,,33Biceps for the disco8a?42,,,https://climbinleonidio.com/route/biceps-for-the-disco-16/
12,H.A.D.A.A tough crag on a natu,34,Dida,7a+,22,https://climbinleonidio.com/route/dida-16/
12,H.A.D.A.A tough crag on a natu,35,La moya,7b,22,https://climbinleonidio.com/route/la-moya-16/
12,H.A.D.A.A tough crag on a natu,36,Klinke auf clinche,7b+,20,https://climbinleonidio.com/route/klinke-auf-clinche-16/
12,H.A.D.A.A tough crag on a natu,37,Michael bekyros,6a+,20,https://climbinleonidio.com/route/michael-bekyros-16/
12,H.A.D.A.A tough crag on a natu,38,Troufa,7b,25,https://climbinleonidio.com/route/troufa-16/
12,H.A.D.A.A tough crag on a natu,39,Troufa ext,7c+,45,https://climbinleonidio.com/route/troufa-ext-16/
12,H.A.D.A.A tough crag on a natu,40,Rebel without a cause,7c,20,https://climbinleonidio.com/route/rebel-without-a-cause-16/
12,H.A.D.A.A tough crag on a natu,,41Rebel without a cause ext8b+?40,,,https://climbinleonidio.com/route/rebel-without-a-cause-ext-16/
12,H.A.D.A.A tough crag on a natu,42,Piranha,7b,18,https://climbinleonidio.com/route/piranha-16/
12,H.A.D.A.A tough crag on a natu,43,Piranha aka the swarm,8b+,38,https://climbinleonidio.com/route/piranha-aka-the-swarm-16/
12,H.A.D.A.A tough crag on a natu,,44Piranha aka the swar ext8c?45,,,https://climbinleonidio.com/route/piranha-aka-the-swarm-ext-16/
12,H.A.D.A.A tough crag on a natu,45,First blood,8a,25,https://climbinleonidio.com/route/first-blood-16/
12,H.A.D.A.A tough crag on a natu,,46Proto thea8a?25,,,https://climbinleonidio.com/route/proto-thema-16/
12,H.A.D.A.A tough crag on a natu,47,Pou paei o popeye?,8b+,25,https://climbinleonidio.com/route/pou-paei-o-popeye-16/
12,H.A.D.A.A tough crag on a natu,48,Spinach pie?,3,0,https://climbinleonidio.com/route/spinach-pie-16/
12,H.A.D.A.A tough crag on a natu,49,Petran?,2,5,https://climbinleonidio.com/route/petran-16/
12,H.A.D.A.A tough crag on a natu,50,Petran ext?,3,5,https://climbinleonidio.com/route/petran-ext-16/
12,H.A.D.A.A tough crag on a natu,,51Fill8b?25,,,https://climbinleonidio.com/route/fill-16/
12,H.A.D.A.A tough crag on a natu,52,Kakai?,2,5,https://climbinleonidio.com/route/kakai-16/
12,H.A.D.A.A tough crag on a natu,53,Talos,6c+,30,https://climbinleonidio.com/route/talos-16/
12,H.A.D.A.A tough crag on a natu,54,Kamara,7a,25,https://climbinleonidio.com/route/kamara-16/
12,H.A.D.A.A tough crag on a natu,55,Flou,6c,20,https://climbinleonidio.com/route/flou-16/
12,H.A.D.A.A tough crag on a natu,56,Sala,7b+,25,https://climbinleonidio.com/route/sala-16/
12,H.A.D.A.A tough crag on a natu,57,Chips + beer,7a+,22,https://climbinleonidio.com/route/chips-beer-16/
12,H.A.D.A.A tough crag on a natu,58,Thailand,7c+,10,https://climbinleonidio.com/route/thailand-16/
13,Bella,,01Gy6c+/7a16,,,https://climbinleonidio.com/route/gym-16/
13,Bella,02,Loose,7a+,20,https://climbinleonidio.com/route/loose-16/
13,Bella,03,Scrat,7a,23,https://climbinleonidio.com/route/scrat-16/
13,Bella,04,Scrylo,7a,28,https://climbinleonidio.com/route/scrylo-16/
13,Bella,05,Hylo,7a+,28,https://climbinleonidio.com/route/hylo-16/
13,Bella,06,Pump,8a,23,https://climbinleonidio.com/route/pump-16/
13,Bella,07,Pump ext,8a,43,https://climbinleonidio.com/route/pump-ext-16/
13,Bella,08,Rock up,7b+,23,https://climbinleonidio.com/route/rock-up-16/
13,Bella,09,Rock up ext,7b+,43,https://climbinleonidio.com/route/rock-up-ext-16/
13,Bella,10,Triple “s”,6c,28,https://climbinleonidio.com/route/triple-s-16/
13,Bella,11,Edge,6b,28,https://climbinleonidio.com/route/edge-16/
13,Bella,12,Sir yes sir,6b,32,https://climbinleonidio.com/route/sir-yes-sir-16/
13,Bella,13,Kuchen club,6b,32,https://climbinleonidio.com/route/kuchen-club-16/
13,Bella,14,Schmidi,6b+,30,https://climbinleonidio.com/route/schmidi-16/
13,Bella,15,Bella cara,6a+,22,https://climbinleonidio.com/route/bella-cara-16/
13,Bella,16,Speedy,6a,22,https://climbinleonidio.com/route/speedy-16/
13,Bella,17,Agios,6a,25,https://climbinleonidio.com/route/agios-16/
13,Bella,18,Manolis,5b+,23,https://climbinleonidio.com/route/manolis-16/
13,Bella,19,Bella tuca,5b,19,https://climbinleonidio.com/route/bella-tuca-16/
13,Bella,20,Donky door,5a,20,https://climbinleonidio.com/route/donky-door-16/
13,Bella,21,Super bibe,6b+,30,https://climbinleonidio.com/route/super-bibe-16/
13,Bella,22,Killmist onsight,7a,16,https://climbinleonidio.com/route/killmist-onsight-16/
13,Bella,23,Ram,6c,26,https://climbinleonidio.com/route/ram-16/
13,Bella,24,Crazy crog,6b,26,https://climbinleonidio.com/route/crazy-crog-16/
13,Bella,25,Stressless,6b,26,https://climbinleonidio.com/route/stressless-16/
13,Bella,26,Capprisi,6c+,25,https://climbinleonidio.com/route/capprisi-16/
13,Bella,27,Baclava,7a+,28,https://climbinleonidio.com/route/baclava-16/
13,Bella,28,Luna,7a+,28,https://climbinleonidio.com/route/luna-16/
13,Bella,29,Odin,7a,28,https://climbinleonidio.com/route/odin-16/
13,Bella,30,Rainfall,7c,25,https://climbinleonidio.com/route/rainfall-16/
13,Bella,31,Loco loco,7a+,25,https://climbinleonidio.com/route/loco-loco-16/
13,Bella,32,Bella duracella,6b,22,https://climbinleonidio.com/route/bella-duracella-16/
13,Bella,33,Do it,5c+,22,https://climbinleonidio.com/route/do-it-16/
13,Bella,34,Bella vista,6a,28,https://climbinleonidio.com/route/bella-vista-16/
13,Bella,35,Try,6c+,22,https://climbinleonidio.com/route/try-16/
13,Bella,36,Thor,6c+,22,https://climbinleonidio.com/route/thor-16/
13,Bella,,37Walk away7a+/b20,,,https://climbinleonidio.com/route/walk-away-16/
13,Bella,38,Machs nah,7a+,33,https://climbinleonidio.com/route/machs-nah-16/
13,Bella,39,For you,6c,30,https://climbinleonidio.com/route/for-you-16/
13,Bella,40,Bullshit,6c,30,https://climbinleonidio.com/route/bullshit-16/
14,Montanejos,01,Olé,5c,18,https://climbinleonidio.com/route/ole-16/
14,Montanejos,02,El aspirante vangelis,6a,18,https://climbinleonidio.com/route/el-aspirante-vangelis-16/
14,Montanejos,03,Grado comercial,6b,16,https://climbinleonidio.com/route/grado-comercial-16/
14,Montanejos,04,Montanejos no esta lejos,7a,18,https://climbinleonidio.com/route/montanejos-no-esta-lejos-16/
14,Montanejos,05,Monta-que??,7a+,18,https://climbinleonidio.com/route/monta-que-16/
14,Montanejos,06,Mpoumpis the man,7b+,18,https://climbinleonidio.com/route/mpoumpis-the-man-16/
14,Montanejos,07,Spain top,106c+,14,https://climbinleonidio.com/route/spain-top-10-16/
14,Montanejos,08,Montanejos rock climbing,7b+,21,https://climbinleonidio.com/route/montanejos-rock-climbing-16/
14,Montanejos,09100,dias en leonidio,6b+,16,https://climbinleonidio.com/route/100-dias-en-leonidio-16/
14,Montanejos,10100,dias en leonidio ext,7a,22,https://climbinleonidio.com/route/100-dias-en-leonidio-ext-16/
14,Montanejos,11,Ten days of my life,6b+,15,https://climbinleonidio.com/route/ten-days-of-my-life-16/
14,Montanejos,12,Ten days of my life ext,7a+,19,https://climbinleonidio.com/route/ten-days-of-my-life-ext-16/
14,Montanejos,13,"Cana, celcas y proyecto",7a+,19,https://climbinleonidio.com/route/cana-celcas-y-proyecto-16/
14,Montanejos,14,A vista sin despeinarse,7a,17,https://climbinleonidio.com/route/a-vista-sin-despeinarse-16/
14,Montanejos,15,Le llamaban trinidad,7a,17,https://climbinleonidio.com/route/le-llamaban-trinidad-16/
14,Montanejos,16,Parabolt-man,7b,20,https://climbinleonidio.com/route/parabolt-man-16/
14,Montanejos,17,Estilo onijbese,7c+,20,https://climbinleonidio.com/route/estilo-onijbese-16/
14,Montanejos,18,Climbing paradise,7a+,22,https://climbinleonidio.com/route/climbing-paradise-16/
14,Montanejos,19,Busi’s smile,6c,16,https://climbinleonidio.com/route/busis-smile-16/
14,Montanejos,2020,años de diferencia,6c,24,https://climbinleonidio.com/route/20-anos-de-diferencia-16/
14,Montanejos,21,Hohlspiegel,6a+,20,https://climbinleonidio.com/route/hohlspiegel-16/
15,LoupasA massive wall very clos,01,Don’t follow me,6a+,22,https://climbinleonidio.com/route/dont-follow-me-16/
15,LoupasA massive wall very clos,02,I am crazy,6c,22,https://climbinleonidio.com/route/i-am-crazy-16/
15,LoupasA massive wall very clos,03,Geff,6b+,22,https://climbinleonidio.com/route/geff-16/
15,LoupasA massive wall very clos,04,Tim,6b+,22,https://climbinleonidio.com/route/tim-16/
15,LoupasA massive wall very clos,05,Joakim,6b+,28,https://climbinleonidio.com/route/joakim-16/
15,LoupasA massive wall very clos,06,Anabouboula,6c+,35,https://climbinleonidio.com/route/anabouboula-16/
15,LoupasA massive wall very clos,07,Anabouboula ext,7a+,40,https://climbinleonidio.com/route/anabouboula-ext-16/
15,LoupasA massive wall very clos,08,Resist and bite,6b+,25,https://climbinleonidio.com/route/resist-and-bite-16/
15,LoupasA massive wall very clos,09,Resist and bite ext,7a,40,https://climbinleonidio.com/route/resist-and-bite-ext-16/
15,LoupasA massive wall very clos,10,Gay division,6b+,20,https://climbinleonidio.com/route/gay-division-16/
15,LoupasA massive wall very clos,11,Gay division ext,7a+,23,https://climbinleonidio.com/route/gay-division-ext-16/
15,LoupasA massive wall very clos,12,Dimiltruc,6b,18,https://climbinleonidio.com/route/dimiltruc-16/
15,LoupasA massive wall very clos,13,Dimiltruc ext,7a,28,https://climbinleonidio.com/route/dimiltruc-ext-16/
15,LoupasA massive wall very clos,14,Alma,6b,18,https://climbinleonidio.com/route/alma-16/
15,LoupasA massive wall very clos,15,Kosmina,6b,18,https://climbinleonidio.com/route/kosmina-16/
15,LoupasA massive wall very clos,16,Boss of liars,6c,20,https://climbinleonidio.com/route/boss-of-liars-16/
15,LoupasA massive wall very clos,,17Boss of liars ext??,,,https://climbinleonidio.com/route/boss-of-liars-ext-16/
15,LoupasA massive wall very clos,18,Happy birthday marcel,6b+,30,https://climbinleonidio.com/route/happy-birthday-marcel-16/
15,LoupasA massive wall very clos,19,Happy birthday marcel ext,7b,40,https://climbinleonidio.com/route/happy-birthday-marcel-ext-16/
15,LoupasA massive wall very clos,20,Hellfest,6c,30,https://climbinleonidio.com/route/hellfest-16/
15,LoupasA massive wall very clos,,21Hellfest ext7a 2pa40,,,https://climbinleonidio.com/route/hellfest-ext-16/
15,LoupasA massive wall very clos,22,Long life to felix,7a,25,https://climbinleonidio.com/route/long-life-to-felix-16/
15,LoupasA massive wall very clos,23,M&m’s,6c,20,https://climbinleonidio.com/route/mms-16/
15,LoupasA massive wall very clos,,24King of etal6c?25,,,https://climbinleonidio.com/route/king-of-metal-16/
15,LoupasA massive wall very clos,25,Rapeminot,6b,20,https://climbinleonidio.com/route/rapeminot-16/
15,LoupasA massive wall very clos,26,Rapeminot ext left,6c,25,https://climbinleonidio.com/route/rapeminot-ext-left-16/
15,LoupasA massive wall very clos,27,Xanthos,6c,20,https://climbinleonidio.com/route/xanthos-16/
15,LoupasA massive wall very clos,28,Giouzelito,6c,25,https://climbinleonidio.com/route/giouzelito-16/
15,LoupasA massive wall very clos,29,Rock on,6b,18,https://climbinleonidio.com/route/rock-on-16/
15,LoupasA massive wall very clos,30,Cost desir,6a+,18,https://climbinleonidio.com/route/cost-desir-16/
15,LoupasA massive wall very clos,31,Plethon,6b+,20,https://climbinleonidio.com/route/plethon-16/
15,LoupasA massive wall very clos,32,Plethon ext,7b,30,https://climbinleonidio.com/route/plethon-ext-16/
15,LoupasA massive wall very clos,33,Sat,106b+,18,https://climbinleonidio.com/route/sat10-16/
15,LoupasA massive wall very clos,34,Hemlock,7a+,28,https://climbinleonidio.com/route/hemlock-16/
15,LoupasA massive wall very clos,35,Man on the moon,6b+,30,https://climbinleonidio.com/route/man-on-the-moon-16/
15,LoupasA massive wall very clos,36,Attalus,6b+,25,https://climbinleonidio.com/route/attalus-16/
15,LoupasA massive wall very clos,37,Pausaius,6a,20,https://climbinleonidio.com/route/pausaius-16/
15,LoupasA massive wall very clos,38,Pausaius ext,6c,25,https://climbinleonidio.com/route/pausaius-ext-16/
15,LoupasA massive wall very clos,39,Caryatid,6b+,20,https://climbinleonidio.com/route/caryatid-16/
15,LoupasA massive wall very clos,40,Mnesicles,6c+,20,https://climbinleonidio.com/route/mnesicles-16/
15,LoupasA massive wall very clos,41,Wall of kimono,7a,25,https://climbinleonidio.com/route/wall-of-kimono-16/
15,LoupasA massive wall very clos,42,Valerian,7a,25,https://climbinleonidio.com/route/valerian-16/
15,LoupasA massive wall very clos,43,Kafe elliniko,6c,25,https://climbinleonidio.com/route/kafe-elliniko-16/
15,LoupasA massive wall very clos,44,Kafe fredo,6c+,25,https://climbinleonidio.com/route/kafe-fredo-16/
15,LoupasA massive wall very clos,45,Plato’s academy,6b+,28,https://climbinleonidio.com/route/platos-academy-16/
15,LoupasA massive wall very clos,46,Socrates,6b+,27,https://climbinleonidio.com/route/socrates-16/
15,LoupasA massive wall very clos,47,Famous star,6b+,20,https://climbinleonidio.com/route/famous-star-16/
15,LoupasA massive wall very clos,48,Psycho killer,6b,16,https://climbinleonidio.com/route/psycho-killer-16/
16,AresosA small crag with sweepoing views of,01,Koutza-koutza,6a+,20,https://climbinleonidio.com/route/koutza-koutza-16/
16,AresosA small crag with sweepoing views of,02,Remy and partners,7a,20,https://climbinleonidio.com/route/remy-and-partners-16/
16,AresosA small crag with sweepoing views of,03,Kosterlitz,7c+,40,https://climbinleonidio.com/route/kosterlitz-16/
16,AresosA small crag with sweepoing views of,04,Happy sachi,7b+,20,https://climbinleonidio.com/route/happy-sachi-16/
16,AresosA small crag with sweepoing views of,05,Koue & katsoua,7b,25,https://climbinleonidio.com/route/koue-katsoua-16/
16,AresosA small crag with sweepoing views of,06,French tv,5c,15,https://climbinleonidio.com/route/french-tv-16/
16,AresosA small crag with sweepoing views of,07,French tv ext,6a,20,https://climbinleonidio.com/route/french-tv-ext-16/
16,AresosA small crag with sweepoing views of,08,Al capone,5b,15,https://climbinleonidio.com/route/al-capone-16/
16,AresosA small crag with sweepoing views of,09,Al capone ext,6a+,20,https://climbinleonidio.com/route/al-capone-ext-16/
16,AresosA small crag with sweepoing views of,10,Snorky,5a,15,https://climbinleonidio.com/route/snorky-16/
16,AresosA small crag with sweepoing views of,11,Snorky ext,6a,20,https://climbinleonidio.com/route/snorky-ext-16/
16,AresosA small crag with sweepoing views of,12,Aris the great,5b,15,https://climbinleonidio.com/route/aris-the-great-16/
16,AresosA small crag with sweepoing views of,13,Aris the great ext,6a,20,https://climbinleonidio.com/route/aris-the-great-ext-16/
16,AresosA small crag with sweepoing views of,14,Kalopitas,5b,12,https://climbinleonidio.com/route/kalopitas-16/
16,AresosA small crag with sweepoing views of,15,Kalopitas ext,6a,20,https://climbinleonidio.com/route/kalopitas-ext-16/
16,AresosA small crag with sweepoing views of,16,Kavas,6a,20,https://climbinleonidio.com/route/kavas-16/
16,AresosA small crag with sweepoing views of,17,Agrodinami,5c,25,https://climbinleonidio.com/route/agrodinami-16/
16,AresosA small crag with sweepoing views of,18,Terpnon,6a+,25,https://climbinleonidio.com/route/terpnon-16/
16,AresosA small crag with sweepoing views of,19,Agroktima,6b,25,https://climbinleonidio.com/route/agroktima-16/
16,AresosA small crag with sweepoing views of,20,Vervesos,6a+,25,https://climbinleonidio.com/route/vervesos-16/
16,AresosA small crag with sweepoing views of,21,Protocollon,6a+,25,https://climbinleonidio.com/route/protocollon-16/
16,AresosA small crag with sweepoing views of,22,Politimou,6a,20,https://climbinleonidio.com/route/politimou-16/
17,PountaA remote crag with great,01,Kouloheris,6c,17,https://climbinleonidio.com/route/kouloheris-16/
17,PountaA remote crag with great,02,Monoheiros,6c+,15,https://climbinleonidio.com/route/monoheiros-16/
17,PountaA remote crag with great,03,Hasapis,6c,17,https://climbinleonidio.com/route/hasapis-16/
17,PountaA remote crag with great,04,Dihotomistis,6b+,20,https://climbinleonidio.com/route/dihotomistis-16/
17,PountaA remote crag with great,05,Me to heri sto mahairi,7a+,22,https://climbinleonidio.com/route/me-to-heri-sto-mahairi-16/
17,PountaA remote crag with great,06,The wizard of rose,6c+,25,https://climbinleonidio.com/route/the-wizard-of-rose-16/
17,PountaA remote crag with great,07,Jenka,6c,28,https://climbinleonidio.com/route/jenka-16/
17,PountaA remote crag with great,08,Fasoulas,6c+,30,https://climbinleonidio.com/route/fasoulas-16/
17,PountaA remote crag with great,09,Golgotha,6c+,27,https://climbinleonidio.com/route/golgotha-16/
17,PountaA remote crag with great,10,Atarax,7b,25,https://climbinleonidio.com/route/atarax-16/
17,PountaA remote crag with great,11,Schizofrenic,7b,30,https://climbinleonidio.com/route/schizofrenic-16/
17,PountaA remote crag with great,12,Tenks,7b,30,https://climbinleonidio.com/route/tenks-16/
17,PountaA remote crag with great,13,Aporia,7b,30,https://climbinleonidio.com/route/aporia-16/
17,PountaA remote crag with great,14,Tsimpouri,7b,30,https://climbinleonidio.com/route/tsimpouri-16/
17,PountaA remote crag with great,15,Apokamesa,6c,30,https://climbinleonidio.com/route/apokamesa-16/
17,PountaA remote crag with great,16,Protypo,7b,30,https://climbinleonidio.com/route/protypo-16/
17,PountaA remote crag with great,17,Kakektypo,6c+,25,https://climbinleonidio.com/route/kakektypo-16/
17,PountaA remote crag with great,18,Sti stegou,6c+,25,https://climbinleonidio.com/route/sti-stegou-16/
18,Twin cavesBig variety in route,01,Dumaneska,5c,22,https://climbinleonidio.com/route/dumaneska-16/
18,Twin cavesBig variety in route,02,Gumbo,5c+,25,https://climbinleonidio.com/route/gumbo-16/
18,Twin cavesBig variety in route,03,Bebelino,5c,25,https://climbinleonidio.com/route/bebelino-16/
18,Twin cavesBig variety in route,04,Chrisiktisia,6a,25,https://climbinleonidio.com/route/chrisiktisia-16/
18,Twin cavesBig variety in route,05,Limoncello,5c+,22,https://climbinleonidio.com/route/limoncello-16/
18,Twin cavesBig variety in route,06,Parahorisi,6c,25,https://climbinleonidio.com/route/parahorisi-16/
18,Twin cavesBig variety in route,07,Tsibouri,6a,15,https://climbinleonidio.com/route/tsibouri-16/
18,Twin cavesBig variety in route,08,Tsibouri ext,6c+,25,https://climbinleonidio.com/route/tsibouri-ext-16/
18,Twin cavesBig variety in route,09,Nanaki,6b,15,https://climbinleonidio.com/route/nanaki-16/
18,Twin cavesBig variety in route,10,Avgi,6b+,18,https://climbinleonidio.com/route/avgi-16/
18,Twin cavesBig variety in route,11,Π-noccio,6b+,20,https://climbinleonidio.com/route/%cf%80-noccio-16/
18,Twin cavesBig variety in route,12,The paradox of our age,6c,30,https://climbinleonidio.com/route/the-paradox-of-our-age-16/
18,Twin cavesBig variety in route,13,Agrimi,6b+,20,https://climbinleonidio.com/route/agrimi-16/
18,Twin cavesBig variety in route,14,Crippled,6b,20,https://climbinleonidio.com/route/crippled-16/
18,Twin cavesBig variety in route,15,Peripatos,6b,20,https://climbinleonidio.com/route/peripatos-16/
18,Twin cavesBig variety in route,16,Salate,6a,20,https://climbinleonidio.com/route/salate-16/
18,Twin cavesBig variety in route,17,Vromika myala,7a+,25,https://climbinleonidio.com/route/vromika-myala-16/
18,Twin cavesBig variety in route,18,Panacea,8a+,27,https://climbinleonidio.com/route/panacea-16/
18,Twin cavesBig variety in route,19,Jeremy,7c+,25,https://climbinleonidio.com/route/jeremy-16/
18,Twin cavesBig variety in route,20,Jeremy ext,8a,35,https://climbinleonidio.com/route/jeremy-ext-16/
18,Twin cavesBig variety in route,21,Chipotle,7b+,22,https://climbinleonidio.com/route/chipotle-16/
18,Twin cavesBig variety in route,22,Bonobo,7b,22,https://climbinleonidio.com/route/bonobo-16/
18,Twin cavesBig variety in route,23,Bonobo ext,7c,35,https://climbinleonidio.com/route/bonobo-ext-16/
18,Twin cavesBig variety in route,24,Mr Magoo,7b+,22,https://climbinleonidio.com/route/mr-magoo-16/
18,Twin cavesBig variety in route,25,Mr Magoo ext,7c+,32,https://climbinleonidio.com/route/mr-magoo-ext-16/
18,Twin cavesBig variety in route,26,Tufandango,8a+,25,https://climbinleonidio.com/route/tufandango-16/
18,Twin cavesBig variety in route,27,Tufandango ext,8b,35,https://climbinleonidio.com/route/tufandango-ext-16/
18,Twin cavesBig variety in route,28,Orion,8b,25,https://climbinleonidio.com/route/orion-16/
18,Twin cavesBig variety in route,29,Gravity,8b+,35,https://climbinleonidio.com/route/gravity-16/
18,Twin cavesBig variety in route,,30Coluna vertebralis8b?40,,,https://climbinleonidio.com/route/columna-vertebralis-16/
18,Twin cavesBig variety in route,31,Morchi,8b,25,https://climbinleonidio.com/route/morchi-16/
18,Twin cavesBig variety in route,32,Gaidura dura,8b,30,https://climbinleonidio.com/route/gaidura-dura-16/
18,Twin cavesBig variety in route,33,Anelkysi,8a,27,https://climbinleonidio.com/route/anelkysi-16/
18,Twin cavesBig variety in route,34,A pig in the roof,8a+,23,https://climbinleonidio.com/route/a-pig-in-the-roof-16/
18,Twin cavesBig variety in route,35,Spinster,8b+,30,https://climbinleonidio.com/route/spinster-16/
18,Twin cavesBig variety in route,36,No name,368b,27,https://climbinleonidio.com/route/no-name-36-16/
18,Twin cavesBig variety in route,37,Stock,8b,27,https://climbinleonidio.com/route/stock-16/
18,Twin cavesBig variety in route,38,Patata negra,8a,25,https://climbinleonidio.com/route/patata-negra-16/
18,Twin cavesBig variety in route,39,Fata morgana,7c+,25,https://climbinleonidio.com/route/fata-morgana-16/
18,Twin cavesBig variety in route,40,Bread and salt,7c,25,https://climbinleonidio.com/route/bread-and-salt-16/
18,Twin cavesBig variety in route,41,Psaromalis,6c+,20,https://climbinleonidio.com/route/psaromalis-16/
18,Twin cavesBig variety in route,42,Autopsia,7b+,18,https://climbinleonidio.com/route/autopsia-16/
18,Twin cavesBig variety in route,43,Räuber fotzenklotz,7c+,15,https://climbinleonidio.com/route/rauber-fotzenklotz-16/
18,Twin cavesBig variety in route,44,No name,448a+,18,https://climbinleonidio.com/route/no-name-44-32/
18,Twin cavesBig variety in route,45,No surrender,8a,18,https://climbinleonidio.com/route/no-surrender-16/
18,Twin cavesBig variety in route,46,What,8a+,18,https://climbinleonidio.com/route/what-16/
19,Crash of the,01,Lycee,5c,20,https://climbinleonidio.com/route/lycee-16/
19,Crash of the,02,Soul sacrifice,6b+,18,https://climbinleonidio.com/route/soul-sacrifice-16/
19,Crash of the,03,Moonage daydream,6c+,15,https://climbinleonidio.com/route/moonage-daydream-16/
19,Crash of the,04,Child in time,7b,15,https://climbinleonidio.com/route/child-in-time-16/
19,Crash of the,05,Working class hero,7c,15,https://climbinleonidio.com/route/working-class-hero-16/
19,Crash of the,06,Beefcake,6c+,18,https://climbinleonidio.com/route/beefcake-16/
19,Crash of the,07,Contenance,7b,18,https://climbinleonidio.com/route/contenance-16/
19,Crash of the,08,Laissez faire,7b,18,https://climbinleonidio.com/route/laissez-faire-16/
19,Crash of the,09,Glykouli,6b+,12,https://climbinleonidio.com/route/glykouli-16/
19,Crash of the,10,Glykouli ext,7b,35,https://climbinleonidio.com/route/glykouli-ext-16/
19,Crash of the,11,Helter skelter,6b+,12,https://climbinleonidio.com/route/helter-skelter-16/
19,Crash of the,12,Helter skelter ext,7c,38,https://climbinleonidio.com/route/helter-skelter-ext-16/
19,Crash of the,13,White tufa,7c,15,https://climbinleonidio.com/route/white-tufa-16/
19,Crash of the,,14White tufa > helter ext8b?35,,,https://climbinleonidio.com/route/white-tufa-helter-ext-16/
19,Crash of the,15,White tufa > roof crack ext,7c+,20,https://climbinleonidio.com/route/white-tufa-roof-crack-ext-16/
19,Crash of the,16,Owl flash!,7a+,12,https://climbinleonidio.com/route/owl-flash-16/
19,Crash of the,17,Owl flash! Ext,7b+,15,https://climbinleonidio.com/route/owl-flash-ext-16/
19,Crash of the,18,Ex utero,6c+,15,https://climbinleonidio.com/route/ex-utero-16/
19,Crash of the,19,Inner smile > ex utero,7b,15,https://climbinleonidio.com/route/inner-smile-ex-utero-16/
19,Crash of the,20,Inner smile roof ext,7b+,20,https://climbinleonidio.com/route/inner-smile-roof-ext-16/
19,Crash of the,21,Serendipity,7c+,18,https://climbinleonidio.com/route/serendipity-16/
19,Crash of the,22,Perseus,7c,16,https://climbinleonidio.com/route/perseus-16/
19,Crash of the,23,Perseus ext,8a,35,https://climbinleonidio.com/route/perseus-ext-16/
19,Crash of the,24,Trash of the titans,6b+,20,https://climbinleonidio.com/route/trash-of-the-titans-16/
19,Crash of the,25,Mnemosyne,6b,22,https://climbinleonidio.com/route/mnemosyne-16/
19,Crash of the,26,Titans in tights,6c,25,https://climbinleonidio.com/route/titans-in-tights-16/
19,Crash of the,27,Spartacus,7a+,25,https://climbinleonidio.com/route/spartacus-16/
19,Crash of the,28,Minka,7a+,25,https://climbinleonidio.com/route/minka-16/
19,Crash of the,29,Choukaton,6b,30,https://climbinleonidio.com/route/choukaton-16/
20,BalconyA marble-like wall with,01,Mari-mari,7b+,30,https://climbinleonidio.com/route/mari-mari-16/
20,BalconyA marble-like wall with,02,Jaguarista,6c+,20,https://climbinleonidio.com/route/jaguarista-16/
20,BalconyA marble-like wall with,03,Agar-agar,7b+,30,https://climbinleonidio.com/route/agar-agar-16/
20,BalconyA marble-like wall with,04,Kanena fa gia ton mikro,7c,20,https://climbinleonidio.com/route/kanena-fa-gia-ton-mikro-16/
20,BalconyA marble-like wall with,05,Kanena fa gia ton mikro ext,7c,45,https://climbinleonidio.com/route/kanena-fa-gia-ton-mikro-ext-16/
20,BalconyA marble-like wall with,06,Colonize,7b+,15,https://climbinleonidio.com/route/colonize-16/
20,BalconyA marble-like wall with,07,Vaskina highway,7a+,40,https://climbinleonidio.com/route/vaskina-highway-16/
20,BalconyA marble-like wall with,08,Vaskina integrale,7b+,40,https://climbinleonidio.com/route/vaskina-integrale-16/
20,BalconyA marble-like wall with,09,Epistegasma,7a,30,https://climbinleonidio.com/route/epistegasma-16/
20,BalconyA marble-like wall with,10,Epistegasma ext,7a+,40,https://climbinleonidio.com/route/epistegasma-ext-16/
20,BalconyA marble-like wall with,11,Clapsody,6c+,28,https://climbinleonidio.com/route/clapsody-16/
20,BalconyA marble-like wall with,12,Clapsody ext,7b+,40,https://climbinleonidio.com/route/clapsody-ext-16/
20,BalconyA marble-like wall with,13,Tres jolie,7b+,25,https://climbinleonidio.com/route/tres-jolie-16/
20,BalconyA marble-like wall with,14,Anemodouri,7b,25,https://climbinleonidio.com/route/anemodouri-16/
20,BalconyA marble-like wall with,15,Hapato,7b+,20,https://climbinleonidio.com/route/hapato-16/
20,BalconyA marble-like wall with,16,Soap opera,7b,20,https://climbinleonidio.com/route/soap-opera-16/
20,BalconyA marble-like wall with,17,Koufeto,7b,18,https://climbinleonidio.com/route/koufeto-16/
20,BalconyA marble-like wall with,18,Coltagon,6c+,22,https://climbinleonidio.com/route/coltagon-16/
20,BalconyA marble-like wall with,19,Bibicistan,6c+,22,https://climbinleonidio.com/route/bibicistan-16/
21,Yellow,01,Mufa,6c+,18,https://climbinleonidio.com/route/mufa-16/
21,Yellow,02,Kolotumpa,6c,20,https://climbinleonidio.com/route/kolotumpa-16/
21,Yellow,03,Zogler,7a,20,https://climbinleonidio.com/route/zogler-16/
21,Yellow,04,Hot hard,6b+,20,https://climbinleonidio.com/route/hot-hard-16/
21,Yellow,05,Clean mind,6c+,25,https://climbinleonidio.com/route/clean-mind-16/
21,Yellow,06,Skorpios,6a,25,https://climbinleonidio.com/route/skorpios-16/
21,Yellow,07,Savra,5c+,25,https://climbinleonidio.com/route/savra-31/
21,Yellow,08,Savra ext,7b,35,https://climbinleonidio.com/route/savra-ext-31/
21,Yellow,09,Arachni,6b,25,https://climbinleonidio.com/route/arachni-16/
21,Yellow,10,Arachni ext,7c,45,https://climbinleonidio.com/route/arachni-ext-16/
21,Yellow,11,Akrida,6a+,25,https://climbinleonidio.com/route/akrida-16/
21,Yellow,,12Akrida ext8?40,,,https://climbinleonidio.com/route/akrida-ext-16/
21,Yellow,13,Alogaki tis,6c,25,https://climbinleonidio.com/route/alogaki-tis-16/
21,Yellow,,14Alogaki tis ext8?45,,,https://climbinleonidio.com/route/alogaki-tis-ext-16/
21,Yellow,,15Mitra8?20,,,https://climbinleonidio.com/route/mitra-16/
21,Yellow,16,Papadiamantis,7a,22,https://climbinleonidio.com/route/papadiamantis-16/
21,Yellow,,17Papadiaantis ext8?40,,,https://climbinleonidio.com/route/papadiamantis-ext-16/
21,Yellow,18,Funkateers,6b,22,https://climbinleonidio.com/route/funkateers-16/
21,Yellow,19,Funkateers ext,7c,38,https://climbinleonidio.com/route/funkateers-ext-16/
21,Yellow,20,Golden dreams,6c+,30,https://climbinleonidio.com/route/golden-dreams-16/
21,Yellow,21,Pritanion,6b+,18,https://climbinleonidio.com/route/pritanion-16/
21,Yellow,22,Pritanion ext,7a+,30,https://climbinleonidio.com/route/pritanion-ext-16/
21,Yellow,23,Fred,6b,18,https://climbinleonidio.com/route/fred-16/
21,Yellow,24,Fred ext,17a,30,https://climbinleonidio.com/route/fred-ext-1-16/
21,Yellow,25,Fred ext,27b,40,https://climbinleonidio.com/route/fred-ext-2-16/
21,Yellow,26,Masterclass,6a+,20,https://climbinleonidio.com/route/masterclass-16/
21,Yellow,27,Masterclass ext,6c+,38,https://climbinleonidio.com/route/masterclass-ext-16/
21,Yellow,28,Kamera sutra,6a+,22,https://climbinleonidio.com/route/kamera-sutra-16/
21,Yellow,29,Kamera sutra ext,6c+,40,https://climbinleonidio.com/route/kamera-sutra-ext-16/
21,Yellow,30,Arvanitakis,6a,20,https://climbinleonidio.com/route/arvanitakis-16/
21,Yellow,31,Arvanitakis ext,7b,38,https://climbinleonidio.com/route/arvanitakis-ext-16/
21,Yellow,32,Aftershock,6a,20,https://climbinleonidio.com/route/aftershock-16/
21,Yellow,33,Aftershock ext,7a+,38,https://climbinleonidio.com/route/aftershock-ext-16/
21,Yellow,34,Kolasi,6a,22,https://climbinleonidio.com/route/kolasi-16/
21,Yellow,35,Kolasi ext,7a,38,https://climbinleonidio.com/route/kolasi-ext-16/
21,Yellow,36,Evzones,6a,27,https://climbinleonidio.com/route/evzones-16/
21,Yellow,37,Evzones ext left,7b,35,https://climbinleonidio.com/route/evzones-ext-left-16/
21,Yellow,38,Evzones ext right,7b,35,https://climbinleonidio.com/route/evzones-ext-right-16/
21,Yellow,39,Polycrete,5a,15,https://climbinleonidio.com/route/polycrete-16/
21,Yellow,40,Polycrete ext left,5c,28,https://climbinleonidio.com/route/polycrete-ext-left-16/
21,Yellow,41,Polycrete ext right,6b+,28,https://climbinleonidio.com/route/polycrete-ext-right-16/
21,Yellow,42,Sidorenko,5a,17,https://climbinleonidio.com/route/sidorenko-16/
21,Yellow,43,Nestland,5b,20,https://climbinleonidio.com/route/nestland-16/
21,Yellow,44,Nestland ext,6a,25,https://climbinleonidio.com/route/nestland-ext-16/
21,Yellow,45,Koufala,5c+,25,https://climbinleonidio.com/route/koufala-16/
21,Yellow,,46Koufala ext7c?45,,,https://climbinleonidio.com/route/koufala-ext-16/
22,TheatroSteep tufa climbing at,,01Project??,,,https://climbinleonidio.com/route/project-93/
22,TheatroSteep tufa climbing at,,02Project??,,,https://climbinleonidio.com/route/project-94/
22,TheatroSteep tufa climbing at,,03Project??,,,https://climbinleonidio.com/route/project-95/
22,TheatroSteep tufa climbing at,04,Jim bridwell,7c,80,https://climbinleonidio.com/route/jim-bridwell-16/
22,TheatroSteep tufa climbing at,05,Mega top meta,7a,80,https://climbinleonidio.com/route/mega-top-meta-16/
22,TheatroSteep tufa climbing at,06,Breaking the law,7a,70,https://climbinleonidio.com/route/breaking-the-law-16/
22,TheatroSteep tufa climbing at,,07Hanging filakia??,,,https://climbinleonidio.com/route/hanging-filakia-16/
22,TheatroSteep tufa climbing at,08,Loupas,7b,80,https://climbinleonidio.com/route/loupas-16/
22,TheatroSteep tufa climbing at,09,Kurt albert,7b,73,https://climbinleonidio.com/route/kurt-albert-16/
22,TheatroSteep tufa climbing at,,10Ie roia??,,,https://climbinleonidio.com/route/ime-romia-16/
22,TheatroSteep tufa climbing at,,11Porno at gogo??,,,https://climbinleonidio.com/route/porno-at-gogo-16/
22,TheatroSteep tufa climbing at,,12Victoria’s secret7c?80,,,https://climbinleonidio.com/route/victorias-secret-16/
22,TheatroSteep tufa climbing at,13,Kamouli,6c,27,https://climbinleonidio.com/route/kamouli-31/
22,TheatroSteep tufa climbing at,14,Palikaria,6b+,27,https://climbinleonidio.com/route/palikaria-31/
22,TheatroSteep tufa climbing at,15,Russi,6a+,15,https://climbinleonidio.com/route/russi-16/
22,TheatroSteep tufa climbing at,16,Russi ext,6b+,25,https://climbinleonidio.com/route/russi-ext-16/
22,TheatroSteep tufa climbing at,17,Sporker,5c,15,https://climbinleonidio.com/route/sporker-16/
22,TheatroSteep tufa climbing at,18,Sporker ext,6c,25,https://climbinleonidio.com/route/sporker-ext-16/
22,TheatroSteep tufa climbing at,19,Alan turing,6b+,25,https://climbinleonidio.com/route/alan-turing-16/
22,TheatroSteep tufa climbing at,20,Portokalia,6b+,25,https://climbinleonidio.com/route/portokalia-31/
22,TheatroSteep tufa climbing at,21,Chrigel,6b,15,https://climbinleonidio.com/route/chrigel-16/
22,TheatroSteep tufa climbing at,22,Chrigel ext,6b+,25,https://climbinleonidio.com/route/chrigel-ext-16/
22,TheatroSteep tufa climbing at,23,Emilio comici,5c,15,https://climbinleonidio.com/route/emilio-comici-16/
22,TheatroSteep tufa climbing at,24,Emilio comici ext,6b+,25,https://climbinleonidio.com/route/emilio-comici-ext-16/
22,TheatroSteep tufa climbing at,25,Primal fear,6c,15,https://climbinleonidio.com/route/primal-fear-16/
22,TheatroSteep tufa climbing at,26,Grafitis,7a,15,https://climbinleonidio.com/route/grafitis-16/
22,TheatroSteep tufa climbing at,27,Gorefest,7b,15,https://climbinleonidio.com/route/gorefest-16/
22,TheatroSteep tufa climbing at,28,Aristofanis,7b,15,https://climbinleonidio.com/route/aristofanis-16/
22,TheatroSteep tufa climbing at,29,Partner tchsex,7b,16,https://climbinleonidio.com/route/partner-tchsex-16/
22,TheatroSteep tufa climbing at,30,Gavrilis,7b,16,https://climbinleonidio.com/route/gavrilis-16/
22,TheatroSteep tufa climbing at,31,Greek snack,6b,15,https://climbinleonidio.com/route/greek-snack-16/
22,TheatroSteep tufa climbing at,32,Greek snack ext,17b+,25,https://climbinleonidio.com/route/greek-snack-ext-1-16/
22,TheatroSteep tufa climbing at,33,Greek snack ext,27b+,40,https://climbinleonidio.com/route/greek-snack-ext-2-16/
22,TheatroSteep tufa climbing at,34,Ismini,7b,20,https://climbinleonidio.com/route/ismini-16/
22,TheatroSteep tufa climbing at,35,Golden moon,6b,15,https://climbinleonidio.com/route/golden-moon-16/
22,TheatroSteep tufa climbing at,36,Colo wet?,2,5,https://climbinleonidio.com/route/colo-wet-16/
22,TheatroSteep tufa climbing at,37,In your head?,2,5,https://climbinleonidio.com/route/in-your-head-16/
22,TheatroSteep tufa climbing at,38,Crazy dog,7b,20,https://climbinleonidio.com/route/crazy-dog-16/
22,TheatroSteep tufa climbing at,39,Magic cairns,6a,20,https://climbinleonidio.com/route/magic-cairns-16/
23,Hot,01,Warm up,6a+,26,https://climbinleonidio.com/route/warm-up-16/
23,Hot,02,Kurz,6a+,20,https://climbinleonidio.com/route/kurz-16/
23,Hot,03,Kurz ext,6c,35,https://climbinleonidio.com/route/kurz-ext-16/
23,Hot,04,Porno stars,6b,20,https://climbinleonidio.com/route/porno-stars-16/
23,Hot,05,Porno stars ext,7a+,35,https://climbinleonidio.com/route/porno-stars-ext-16/
23,Hot,06,Kairos,6c+,30,https://climbinleonidio.com/route/kairos-16/
23,Hot,07,Kalo,6b+,35,https://climbinleonidio.com/route/kalo-16/
23,Hot,08,Draculine,6c,35,https://climbinleonidio.com/route/draculine-16/
23,Hot,09,Roze,6b+,30,https://climbinleonidio.com/route/roze-16/
23,Hot,10,Krassi,6b+,32,https://climbinleonidio.com/route/krassi-16/
23,Hot,11,Sympatiki,7a+,32,https://climbinleonidio.com/route/sympatiki-16/
23,Hot,12,Hot rock,7a,25,https://climbinleonidio.com/route/hot-rock-16/
23,Hot,13,String climbing,7a+,25,https://climbinleonidio.com/route/string-climbing-16/
23,Hot,14,Drasi,6b+,25,https://climbinleonidio.com/route/drasi-16/
23,Hot,15,Helen,6c,30,https://climbinleonidio.com/route/helen-16/
23,Hot,16,Hotel hatzi,6c+,30,https://climbinleonidio.com/route/hotel-hatzi-16/
23,Hot,17,Oyk,7a+,38,https://climbinleonidio.com/route/oyk-16/
23,Hot,18,Commando,7a,35,https://climbinleonidio.com/route/commando-16/
23,Hot,19,Mayor,6b,38,https://climbinleonidio.com/route/mayor-16/
23,Hot,20,Iannis,6b+,22,https://climbinleonidio.com/route/iannis-16/
23,Hot,21,Bugaboo,6c+,22,https://climbinleonidio.com/route/bugaboo-16/
24,ÓramaA massive wall at the foot of,01,Erythrodermos,7c,200,https://climbinleonidio.com/route/erythrodermos-31/
24,ÓramaA massive wall at the foot of,02,Mazi,6c,180,https://climbinleonidio.com/route/mazi-31/
24,ÓramaA massive wall at the foot of,03,Happy wife,6a,36,https://climbinleonidio.com/route/happy-wife-16/
24,ÓramaA massive wall at the foot of,04,Happy life,6a+,35,https://climbinleonidio.com/route/happy-life-16/
24,ÓramaA massive wall at the foot of,05,Troumpas,6b,35,https://climbinleonidio.com/route/troumpas-16/
24,ÓramaA massive wall at the foot of,06,Soporo,6b+,35,https://climbinleonidio.com/route/soporo-16/
24,ÓramaA massive wall at the foot of,07,Fokou,6b,35,https://climbinleonidio.com/route/fokou-16/
24,ÓramaA massive wall at the foot of,08,Dilemma,6b+,35,https://climbinleonidio.com/route/dilemma-16/
24,ÓramaA massive wall at the foot of,09,Telos,6b,40,https://climbinleonidio.com/route/telos-16/
24,ÓramaA massive wall at the foot of,10,Stamo,6b+,35,https://climbinleonidio.com/route/stamo-16/
24,ÓramaA massive wall at the foot of,11,Stamo ext,6c,40,https://climbinleonidio.com/route/stamo-ext-16/
24,ÓramaA massive wall at the foot of,12,Dionysos plaka,6b,35,https://climbinleonidio.com/route/dionysos-plaka-16/
24,ÓramaA massive wall at the foot of,13,Dionysos plaka ext,6c,40,https://climbinleonidio.com/route/dionysos-plaka-ext-16/
24,ÓramaA massive wall at the foot of,14,Soxa,6b+,40,https://climbinleonidio.com/route/soxa-16/
24,ÓramaA massive wall at the foot of,15,Nightfall,6b,35,https://climbinleonidio.com/route/nightfall-16/
24,ÓramaA massive wall at the foot of,16,Nightfall ext,6c,40,https://climbinleonidio.com/route/nightfall-ext-16/
24,ÓramaA massive wall at the foot of,17,Marauder,6b,35,https://climbinleonidio.com/route/marauder-16/
24,ÓramaA massive wall at the foot of,18,Marauder ext,6b+,40,https://climbinleonidio.com/route/marauder-ext-16/
24,ÓramaA massive wall at the foot of,19,Septic flesh,6b+,35,https://climbinleonidio.com/route/septic-flesh-16/
24,ÓramaA massive wall at the foot of,20,Takataferno,6b,30,https://climbinleonidio.com/route/takataferno-16/
24,ÓramaA massive wall at the foot of,21,Biri biri,6b+,28,https://climbinleonidio.com/route/biri-biri-16/
24,ÓramaA massive wall at the foot of,22,Paskipos,6b+,35,https://climbinleonidio.com/route/paskipos-16/
24,ÓramaA massive wall at the foot of,23,Gomena,6b+,35,https://climbinleonidio.com/route/gomena-16/
24,ÓramaA massive wall at the foot of,24,Makari,6b,35,https://climbinleonidio.com/route/makari-31/
24,ÓramaA massive wall at the foot of,25,Bekri mézé,6b,40,https://climbinleonidio.com/route/bekri-meze-16/
24,ÓramaA massive wall at the foot of,26,Bekri mézé ext,6b,55,https://climbinleonidio.com/route/bekri-meze-ext-16/
24,ÓramaA massive wall at the foot of,27,For your eyes only,6a,40,https://climbinleonidio.com/route/for-your-eyes-only-16/
24,ÓramaA massive wall at the foot of,28,Undress me,6b,40,https://climbinleonidio.com/route/undress-me-16/
24,ÓramaA massive wall at the foot of,29,Kapari,6a+,40,https://climbinleonidio.com/route/kapari-16/
24,ÓramaA massive wall at the foot of,30,Hate yourself,6b,40,https://climbinleonidio.com/route/hate-yourself-16/
24,ÓramaA massive wall at the foot of,31,Toula,6b+,40,https://climbinleonidio.com/route/toula-16/
24,ÓramaA massive wall at the foot of,32,Nia Vardalos,6b,36,https://climbinleonidio.com/route/nia-vardalos-16/
24,ÓramaA massive wall at the foot of,33,A rock fili,6b+,34,https://climbinleonidio.com/route/a-rock-fili-16/
24,ÓramaA massive wall at the foot of,34,Takounia,6c+,34,https://climbinleonidio.com/route/takounia-16/
24,ÓramaA massive wall at the foot of,35,Fysitiras,7b+,32,https://climbinleonidio.com/route/fysitiras-16/
24,ÓramaA massive wall at the foot of,,36Ochi 4e reich6a25,,,https://climbinleonidio.com/route/ochi-4e-reich-16/
24,ÓramaA massive wall at the foot of,37,Marneris,5c,25,https://climbinleonidio.com/route/marneris-16/
24,ÓramaA massive wall at the foot of,38,Kosmos,5c,25,https://climbinleonidio.com/route/kosmos-16/
24,ÓramaA massive wall at the foot of,39,Plaka,6a,25,https://climbinleonidio.com/route/plaka-16/
24,ÓramaA massive wall at the foot of,40,Tsitos,6a,25,https://climbinleonidio.com/route/tsitos-16/
24,ÓramaA massive wall at the foot of,41,Babis,5c,30,https://climbinleonidio.com/route/babis-16/
24,ÓramaA massive wall at the foot of,42,I don’t want to grow up,5c+,30,https://climbinleonidio.com/route/i-dont-want-to-grow-up-16/
25,RocspotA small classic sector,01,El greco,6a+,30,https://climbinleonidio.com/route/el-greco-16/
25,RocspotA small classic sector,02,Michael Bachtis,6b,35,https://climbinleonidio.com/route/michael-bachtis-16/
25,RocspotA small classic sector,03,Higgs boson,6b+,35,https://climbinleonidio.com/route/higgs-boson-16/
25,RocspotA small classic sector,04,Cern,7a,42,https://climbinleonidio.com/route/cern-16/
25,RocspotA small classic sector,05,Kali chronia,6c,37,https://climbinleonidio.com/route/kali-chronia-16/
25,RocspotA small classic sector,06,Makis,6c+,37,https://climbinleonidio.com/route/makis-16/
25,RocspotA small classic sector,07,Petra,6c+,37,https://climbinleonidio.com/route/petra-16/
25,RocspotA small classic sector,08,Kallinikos,6c+,37,https://climbinleonidio.com/route/kallinikos-16/
25,RocspotA small classic sector,09,Nngh,7a,37,https://climbinleonidio.com/route/nngh-16/
25,RocspotA small classic sector,10,Polar circle,6c,37,https://climbinleonidio.com/route/polar-circle-16/
25,RocspotA small classic sector,11,Rousfeti,6b+,37,https://climbinleonidio.com/route/rousfeti-16/
25,RocspotA small classic sector,12,Tavli,6c,37,https://climbinleonidio.com/route/tavli-16/
25,RocspotA small classic sector,13,Milopita,6b+,37,https://climbinleonidio.com/route/milopita-16/
25,RocspotA small classic sector,14,Seferis,6b+,35,https://climbinleonidio.com/route/seferis-16/
25,RocspotA small classic sector,15,Amandine,6a+,35,https://climbinleonidio.com/route/amandine-16/
25,RocspotA small classic sector,16,Pomel,6a,30,https://climbinleonidio.com/route/pomel-16/
26,DouvariGrey and brown slabs an,01,Tsamiko,4c,27,https://climbinleonidio.com/route/tsamiko-16/
26,DouvariGrey and brown slabs an,02,Bakaliko,5b,27,https://climbinleonidio.com/route/bakaliko-16/
26,DouvariGrey and brown slabs an,03,Akadimia,6b+,27,https://climbinleonidio.com/route/akadimia-16/
26,DouvariGrey and brown slabs an,0448,ores,6a,25,https://climbinleonidio.com/route/48-ores-16/
26,DouvariGrey and brown slabs an,05,Rammstein in leonidio,6a+,30,https://climbinleonidio.com/route/rammstein-in-leonidio-16/
26,DouvariGrey and brown slabs an,06,Botsalo,5c+,30,https://climbinleonidio.com/route/botsalo-16/
26,DouvariGrey and brown slabs an,07,Hilti maniac,5a,30,https://climbinleonidio.com/route/hilti-maniac-16/
26,DouvariGrey and brown slabs an,08,Metallica,5c,33,https://climbinleonidio.com/route/metallica-16/
26,DouvariGrey and brown slabs an,09,Palikaria,5b,30,https://climbinleonidio.com/route/palikaria-32/
26,DouvariGrey and brown slabs an,10,Argo,5b,30,https://climbinleonidio.com/route/argo-16/
26,DouvariGrey and brown slabs an,11,Je suis charlie,5b+,30,https://climbinleonidio.com/route/je-suis-charlie-16/
26,DouvariGrey and brown slabs an,12,Cabu,5c,20,https://climbinleonidio.com/route/cabu-16/
26,DouvariGrey and brown slabs an,13,Holiday in cambodia,4b,18,https://climbinleonidio.com/route/holiday-in-cambodia-16/
26,DouvariGrey and brown slabs an,14,Holiday in cambodia ext,6a,28,https://climbinleonidio.com/route/holiday-in-cambodia-ext-16/
26,DouvariGrey and brown slabs an,15,Rock cleaner,5b,20,https://climbinleonidio.com/route/rock-cleaner-16/
26,DouvariGrey and brown slabs an,16,Rock cleaner ext,6a,30,https://climbinleonidio.com/route/rock-cleaner-ext-16/
26,DouvariGrey and brown slabs an,17,Margarita,5c,20,https://climbinleonidio.com/route/margarita-16/
26,DouvariGrey and brown slabs an,18,Margarita ext,6a+,30,https://climbinleonidio.com/route/margarita-ext-16/
26,DouvariGrey and brown slabs an,,19ini einstein2★5b+,,,https://climbinleonidio.com/route/mini-einstein-16/
26,DouvariGrey and brown slabs an,,20ini einstein ext2★5c+,,,https://climbinleonidio.com/route/mini-einstein-ext-16/
26,DouvariGrey and brown slabs an,,21rodoelo2★4c,,,https://climbinleonidio.com/route/rodomelo-16/
26,DouvariGrey and brown slabs an,,22rodoelo ext3★6b,,,https://climbinleonidio.com/route/rodomelo-ext-16/
26,DouvariGrey and brown slabs an,,23ouria2★4c,,,https://climbinleonidio.com/route/mouria-16/
26,DouvariGrey and brown slabs an,,24ouria ext3★6b,,,https://climbinleonidio.com/route/mouria-ext-16/
26,DouvariGrey and brown slabs an,,25yrtoon2★5a,,,https://climbinleonidio.com/route/myrtoon-16/
26,DouvariGrey and brown slabs an,,26yrtoon ext3★6b,,,https://climbinleonidio.com/route/myrtoon-ext-16/
26,DouvariGrey and brown slabs an,,27kefala2★5a,,,https://climbinleonidio.com/route/kefala-16/
26,DouvariGrey and brown slabs an,,28kefala ext2★6b+,,,https://climbinleonidio.com/route/kefala-ext-16/
26,DouvariGrey and brown slabs an,,29saatas2★5a,,,https://climbinleonidio.com/route/samatas-16/
26,DouvariGrey and brown slabs an,,30saatas ext 12★6a+,,,https://climbinleonidio.com/route/samatas-ext-1-16/
26,DouvariGrey and brown slabs an,,31saatas ext 22★6c+,,,https://climbinleonidio.com/route/samatas-ext-2-16/
26,DouvariGrey and brown slabs an,,32zaanfou3★5c,,,https://climbinleonidio.com/route/zamanfou-16/
26,DouvariGrey and brown slabs an,,33zaanfou ext3★6c,,,https://climbinleonidio.com/route/zamanfou-ext-16/
26,DouvariGrey and brown slabs an,,34etaxotos3★6a+,,,https://climbinleonidio.com/route/metaxotos-16/
26,DouvariGrey and brown slabs an,,35etaxotos ext2★6c+,,,https://climbinleonidio.com/route/metaxotos-ext-16/
26,DouvariGrey and brown slabs an,,36dokios2★6a+,,,https://climbinleonidio.com/route/dokimos-16/
26,DouvariGrey and brown slabs an,,37dokios ext2★6b+,,,https://climbinleonidio.com/route/dokimos-ext-16/
26,DouvariGrey and brown slabs an,,38faka2★6a,,,https://climbinleonidio.com/route/faka-16/
26,DouvariGrey and brown slabs an,,39faka ext3★6c,,,https://climbinleonidio.com/route/faka-ext-16/
26,DouvariGrey and brown slabs an,,40erotas above the city3★6a,,,https://climbinleonidio.com/route/erotas-above-the-city-16/
26,DouvariGrey and brown slabs an,,41erotas above the city ext2★6b+,,,https://climbinleonidio.com/route/erotas-above-the-city-ext-16/
26,DouvariGrey and brown slabs an,,42silk3★5c,,,https://climbinleonidio.com/route/silk-16/
27,Kokkinóvrachos,01,Erythrodermos,7c,200,https://climbinleonidio.com/route/erythrodermos-32/
27,Kokkinóvrachos,02,Mazi,6c,210,https://climbinleonidio.com/route/mazi-32/
27,Kokkinóvrachos,03,Voie helonas,7a,270,https://climbinleonidio.com/route/voie-helonas-16/
27,Kokkinóvrachos,04,Alternative facts,7a+,232,https://climbinleonidio.com/route/alternative-facts-16/
27,Kokkinóvrachos,05,Pillar of fire,6b,225,https://climbinleonidio.com/route/pillar-of-fire-16/
27,Kokkinóvrachos,06,Pillar of unity,6b+,230,https://climbinleonidio.com/route/pillar-of-unity-16/
27,Kokkinóvrachos,07,Grosso modo?,15,0,https://climbinleonidio.com/route/grosso-modo-16/
27,Kokkinóvrachos,08,Balls on the wall?,15,0,https://climbinleonidio.com/route/balls-on-the-wall-16/
27,Kokkinóvrachos,09,Odessa,7a,175,https://climbinleonidio.com/route/odessa-16/
27,Kokkinóvrachos,10,Tha ta poume,7a,195,https://climbinleonidio.com/route/tha-ta-poume-16/
27,Kokkinóvrachos,11,Plug and play,7a+,180,https://climbinleonidio.com/route/plug-and-play-16/
27,Kokkinóvrachos,12,Fasting therapy,8a,170,https://climbinleonidio.com/route/fasting-therapy-16/
27,Kokkinóvrachos,13,Portal therapy,7a,200,https://climbinleonidio.com/route/portal-therapy-16/
27,Kokkinóvrachos,14,Aramis,6c,195,https://climbinleonidio.com/route/aramis-16/
27,Kokkinóvrachos,15,Ura ka,6c+,185,https://climbinleonidio.com/route/ura-ka-16/
27,Kokkinóvrachos,16,Ramisi rock,7a,180,https://climbinleonidio.com/route/ramisi-rock-16/
27,Kokkinóvrachos,17,Open gate,7a,172,https://climbinleonidio.com/route/open-gate-16/
27,Kokkinóvrachos,18,Mira,6b,200,https://climbinleonidio.com/route/mira-16/
27,Kokkinóvrachos,19,Mignonette,5c+,185,https://climbinleonidio.com/route/mignonette-16/
27,Kokkinóvrachos,,20Velones kai Machairia7c+?195,,,https://climbinleonidio.com/route/velones-kai-machairia-14/
28,"MegakanteA small, very expo bu",01,Megakante,8a+,40,https://climbinleonidio.com/route/megakante-16/
28,"MegakanteA small, very expo bu",02,The abyss,8b,40,https://climbinleonidio.com/route/the-abyss-16/
28,"MegakanteA small, very expo bu",03,Mega misiaczek?,3,0,https://climbinleonidio.com/route/mega-misiaczek-16/
28,"MegakanteA small, very expo bu",04,O kathenas to violi tou,7b+,30,https://climbinleonidio.com/route/o-kathenas-to-violi-tou-16/
28,"MegakanteA small, very expo bu",05,Deadline,6c+,30,https://climbinleonidio.com/route/deadline-16/
29,HospitalEasy and mid-grade sin,01,Giota,6a,28,https://climbinleonidio.com/route/giota-31/
29,HospitalEasy and mid-grade sin,02,Theodoros,6a,28,https://climbinleonidio.com/route/theodoros-16/
29,HospitalEasy and mid-grade sin,03,Ethnos,6b,28,https://climbinleonidio.com/route/ethnos-16/
29,HospitalEasy and mid-grade sin,04,Petrounias,6a+,30,https://climbinleonidio.com/route/petrounias-16/
29,HospitalEasy and mid-grade sin,05,Funk,6b,33,https://climbinleonidio.com/route/funk-16/
29,HospitalEasy and mid-grade sin,06,Metal,6c,37,https://climbinleonidio.com/route/metal-16/
29,HospitalEasy and mid-grade sin,07,Jazz,6c,40,https://climbinleonidio.com/route/jazz-16/
29,HospitalEasy and mid-grade sin,08,Disco,6a+,40,https://climbinleonidio.com/route/disco-16/
29,HospitalEasy and mid-grade sin,09,Disco ext,6a+,45,https://climbinleonidio.com/route/disco-ext-16/
29,HospitalEasy and mid-grade sin,10,Freely,6b+,35,https://climbinleonidio.com/route/freely-16/
29,HospitalEasy and mid-grade sin,11,No name,116a,40,https://climbinleonidio.com/route/no-name-11-31/
29,HospitalEasy and mid-grade sin,,12No name,11,,https://climbinleonidio.com/route/no-name-11-ext-16/
29,HospitalEasy and mid-grade sin,13,Pretty woman,5b+,35,https://climbinleonidio.com/route/pretty-woman-16/
29,HospitalEasy and mid-grade sin,14,Efkaristo,5c+,40,https://climbinleonidio.com/route/efkaristo-16/
29,HospitalEasy and mid-grade sin,15,Efkaristo ext,6a,50,https://climbinleonidio.com/route/efkaristo-ext-16/
29,HospitalEasy and mid-grade sin,16,Pipila,6a,40,https://climbinleonidio.com/route/pipila-16/
29,HospitalEasy and mid-grade sin,17,Fuck,886a,40,https://climbinleonidio.com/route/fuck-88-16/
29,HospitalEasy and mid-grade sin,18,Manolis Glezos,5c,40,https://climbinleonidio.com/route/manolis-glezos-16/
29,HospitalEasy and mid-grade sin,19,Psila,6a,40,https://climbinleonidio.com/route/psila-16/
29,HospitalEasy and mid-grade sin,20,Psila ext,6a+,50,https://climbinleonidio.com/route/psila-ext-16/
29,HospitalEasy and mid-grade sin,21,Lurpak,6a+,35,https://climbinleonidio.com/route/lurpak-16/
29,HospitalEasy and mid-grade sin,22,Fanis,7c,105,https://climbinleonidio.com/route/fanis-16/
29,HospitalEasy and mid-grade sin,23,Saime,7a,95,https://climbinleonidio.com/route/saime-16/
29,HospitalEasy and mid-grade sin,24,Soft parade,4b,18,https://climbinleonidio.com/route/soft-parade-16/
29,HospitalEasy and mid-grade sin,25,Soft parade ext,6b,35,https://climbinleonidio.com/route/soft-parade-ext-16/
29,HospitalEasy and mid-grade sin,26,Masterplan,4c,18,https://climbinleonidio.com/route/masterplan-16/
29,HospitalEasy and mid-grade sin,27,Masterplan ext,6a,35,https://climbinleonidio.com/route/masterplan-ext-16/
29,HospitalEasy and mid-grade sin,28,Kounelaki,5a,20,https://climbinleonidio.com/route/kounelaki-16/
29,HospitalEasy and mid-grade sin,29,Kounelaki ext,6a,30,https://climbinleonidio.com/route/kounelaki-ext-16/
29,HospitalEasy and mid-grade sin,30,Forget me not,5a,20,https://climbinleonidio.com/route/forget-me-not-16/
29,HospitalEasy and mid-grade sin,31,Forget me not ext,6a,35,https://climbinleonidio.com/route/forget-me-not-ext-16/
29,HospitalEasy and mid-grade sin,32,Madri,5b+,20,https://climbinleonidio.com/route/madri-16/
29,HospitalEasy and mid-grade sin,33,Madri ext,16a,40,https://climbinleonidio.com/route/madri-ext-1-16/
29,HospitalEasy and mid-grade sin,34,Madri ext,26a+,50,https://climbinleonidio.com/route/madri-ext-2-16/
29,HospitalEasy and mid-grade sin,35,Vaskina,5b+,25,https://climbinleonidio.com/route/vaskina-16/
29,HospitalEasy and mid-grade sin,36,Kalavryta,5c,20,https://climbinleonidio.com/route/kalavryta-16/
29,HospitalEasy and mid-grade sin,37,Kalavryta ext,6a,38,https://climbinleonidio.com/route/kalavryta-ext-16/
29,HospitalEasy and mid-grade sin,38,Kosmas,5b+,20,https://climbinleonidio.com/route/kosmas-16/
29,HospitalEasy and mid-grade sin,39,Kosmas ext,6a,38,https://climbinleonidio.com/route/kosmas-ext-16/
29,HospitalEasy and mid-grade sin,40,Distomo,5c,20,https://climbinleonidio.com/route/distomo-16/
29,HospitalEasy and mid-grade sin,41,Distomo ext,6a+,40,https://climbinleonidio.com/route/distomo-ext-16/
29,HospitalEasy and mid-grade sin,42,Ghml,6a+,40,https://climbinleonidio.com/route/ghml-16/
29,HospitalEasy and mid-grade sin,43,Dream team,6a,40,https://climbinleonidio.com/route/dream-team-16/
29,HospitalEasy and mid-grade sin,44,Tsonta,6a+,40,https://climbinleonidio.com/route/tsonta-16/
29,HospitalEasy and mid-grade sin,45,Mega pipe,6a+,40,https://climbinleonidio.com/route/mega-pipe-16/
29,HospitalEasy and mid-grade sin,46,Julia alexandratou,6a+,40,https://climbinleonidio.com/route/julia-alexandratou-16/
29,HospitalEasy and mid-grade sin,01,Skyfall,6a+,40,https://climbinleonidio.com/route/skyfall-16/
29,HospitalEasy and mid-grade sin,02,Mitropoli,6a+,40,https://climbinleonidio.com/route/mitropoli-16/
29,HospitalEasy and mid-grade sin,03,Protimo ta glyka,6a+,35,https://climbinleonidio.com/route/protimo-ta-glyka-16/
29,HospitalEasy and mid-grade sin,04,Aghios Lemmy,6b,205,https://climbinleonidio.com/route/aghios-lemmy-16/
29,HospitalEasy and mid-grade sin,05,Tanaïs,7a+,240,https://climbinleonidio.com/route/tanais-16/
29,HospitalEasy and mid-grade sin,06,We salute you,6a+,185,https://climbinleonidio.com/route/we-salute-you-16/
29,HospitalEasy and mid-grade sin,07,Federer,6c,155,https://climbinleonidio.com/route/federer-16/
30,OlymposHigh above,01,Aptnsp,5c,20,https://climbinleonidio.com/route/aptnsp-16/
30,OlymposHigh above,02,...,6a,20,https://climbinleonidio.com/route/43446/
30,OlymposHigh above,03,R.i.p.,6c+,20,https://climbinleonidio.com/route/r-i-p-16/
30,OlymposHigh above,,04Leonidio-1.fc.union=10:06b+15,,,https://climbinleonidio.com/route/leonidio-1-fc-union100-16/
30,OlymposHigh above,05,Mi linia!,7a,15,https://climbinleonidio.com/route/mi-linia-16/
30,OlymposHigh above,0610,a,6a+,20,https://climbinleonidio.com/route/10a-16/
30,OlymposHigh above,07,Cebolla cruda,6b+,20,https://climbinleonidio.com/route/cebolla-cruda-16/
30,OlymposHigh above,08,"Si, pero...",6c,20,https://climbinleonidio.com/route/si-pero-16/
30,OlymposHigh above,09,Ninja,7b,25,https://climbinleonidio.com/route/ninja-16/
30,OlymposHigh above,10,Agent,0077b,25,https://climbinleonidio.com/route/agent-007-16/
30,OlymposHigh above,11,Aggressionskontrolle,7b+,25,https://climbinleonidio.com/route/aggressionskontrolle-16/
30,OlymposHigh above,12,Pequeño monstro,6c+,25,https://climbinleonidio.com/route/pequeno-monstro-16/
30,OlymposHigh above,13,La mina,6c,35,https://climbinleonidio.com/route/la-mina-16/
30,OlymposHigh above,14,Doctor p.,7b,20,https://climbinleonidio.com/route/doctor-p-16/
30,OlymposHigh above,15,Toystory,7b+,35,https://climbinleonidio.com/route/toystory-16/
30,OlymposHigh above,16,Hola ruben,7a+,25,https://climbinleonidio.com/route/hola-ruben-16/
30,OlymposHigh above,17,Chronic insatisfaction,7b,25,https://climbinleonidio.com/route/chronic-insatisfaction-16/
30,OlymposHigh above,18,Venga las chicas,7b+,25,https://climbinleonidio.com/route/venga-las-chicas-16/
30,OlymposHigh above,19,"No quickdraw, no flash!",7b+,30,https://climbinleonidio.com/route/no-quickdraw-no-flash-16/
30,OlymposHigh above,20,"No es talento, es genius",6a,20,https://climbinleonidio.com/route/no-es-talento-es-genius-16/
30,OlymposHigh above,21,"No es talento, es genius ext",7c,30,https://climbinleonidio.com/route/no-es-talento-es-genius-ext-16/
30,OlymposHigh above,22,Antibiotica,6b,20,https://climbinleonidio.com/route/antibiotica-16/
30,OlymposHigh above,23,Antibiotica ext,7c+,30,https://climbinleonidio.com/route/antibiotica-ext-16/
30,OlymposHigh above,24,Cuazu,7c+,30,https://climbinleonidio.com/route/cuazu-16/
30,OlymposHigh above,25,Flokati,7c,25,https://climbinleonidio.com/route/flokati-16/
30,OlymposHigh above,01,M’gnesio liquido,7a,15,https://climbinleonidio.com/route/mgnesio-liquido-16/
30,OlymposHigh above,02,Fava,7c,12,https://climbinleonidio.com/route/fava-16/
30,OlymposHigh above,,03Little tent8a+?12,,,https://climbinleonidio.com/route/little-tent-16/
30,OlymposHigh above,04,Laconic answer,7c+,12,https://climbinleonidio.com/route/laconic-answer-16/
30,OlymposHigh above,05,Drakonian measures,8a,12,https://climbinleonidio.com/route/drakonian-measures-16/
30,OlymposHigh above,06,Damokles sword,8a+,12,https://climbinleonidio.com/route/damokles-sword-16/
30,OlymposHigh above,07,Hephaistos vs blanka,7c+,15,https://climbinleonidio.com/route/hephaistos-vs-blanka-16/
30,OlymposHigh above,08,Hephaistos hammer,7c+,15,https://climbinleonidio.com/route/hephaistos-hammer-16/
30,OlymposHigh above,09,Christel wave,6b,12,https://climbinleonidio.com/route/christel-wave-16/
31,MarsA dreamy red tufa crag!,01,Black hole,6b+,32,https://climbinleonidio.com/route/black-hole-16/
31,MarsA dreamy red tufa crag!,02,Super nova,6c+,40,https://climbinleonidio.com/route/super-nova-16/
31,MarsA dreamy red tufa crag!,03,Spiders from mars,6c,35,https://climbinleonidio.com/route/spiders-from-mars-16/
31,MarsA dreamy red tufa crag!,04,Biosphäre,6b,35,https://climbinleonidio.com/route/biosphare-16/
31,MarsA dreamy red tufa crag!,05,Glamour on the rocks,6a+,30,https://climbinleonidio.com/route/glamour-on-the-rocks-16/
31,MarsA dreamy red tufa crag!,06,Glamour on the rocks direct,6b+,30,https://climbinleonidio.com/route/glamour-on-the-rocks-direct-16/
31,MarsA dreamy red tufa crag!,07,Alissa–sophia,7a,35,https://climbinleonidio.com/route/alissa-sophia-16/
31,MarsA dreamy red tufa crag!,08,Wilfried r.i.p.,6c,35,https://climbinleonidio.com/route/wilfried-r-i-p-16/
31,MarsA dreamy red tufa crag!,09,Greek run-out,6c+,40,https://climbinleonidio.com/route/greek-run-out-16/
31,MarsA dreamy red tufa crag!,10,Bon voyage,6b+,40,https://climbinleonidio.com/route/bon-voyage-16/
31,MarsA dreamy red tufa crag!,11,Oh mon dieu,6c+,25,https://climbinleonidio.com/route/oh-mon-dieu-16/
31,MarsA dreamy red tufa crag!,12,El gecko,6c+,20,https://climbinleonidio.com/route/el-gecko-16/
31,MarsA dreamy red tufa crag!,13,Yoko m-ono,7a,22,https://climbinleonidio.com/route/yoko-m-ono-16/
31,MarsA dreamy red tufa crag!,14,Jumanji,6c+,25,https://climbinleonidio.com/route/jumanji-16/
31,MarsA dreamy red tufa crag!,15,Drop city,7a,35,https://climbinleonidio.com/route/drop-city-16/
31,MarsA dreamy red tufa crag!,16,Drop city direct,7c,35,https://climbinleonidio.com/route/drop-city-direct-16/
31,MarsA dreamy red tufa crag!,17,Snickers,7b+,35,https://climbinleonidio.com/route/snickers-16/
31,MarsA dreamy red tufa crag!,18,Humidity lesson,7c,35,https://climbinleonidio.com/route/humidity-lesson-16/
31,MarsA dreamy red tufa crag!,19,Speckschüttel dyno,7c,38,https://climbinleonidio.com/route/speckschuttel-dyno-16/
31,MarsA dreamy red tufa crag!,20,Boubouki,6b+,20,https://climbinleonidio.com/route/boubouki-16/
31,MarsA dreamy red tufa crag!,21,Boubouki ext,7a+,38,https://climbinleonidio.com/route/boubouki-ext-16/
31,MarsA dreamy red tufa crag!,22,Pontiki sto tiri,6b+,20,https://climbinleonidio.com/route/pontiki-sto-tiri-16/
31,MarsA dreamy red tufa crag!,23,Pontiki sto tiri ext,7b,38,https://climbinleonidio.com/route/pontiki-sto-tiri-ext-16/
31,MarsA dreamy red tufa crag!,24,Sinter symphonie,6b,20,https://climbinleonidio.com/route/sinter-symphonie-16/
31,MarsA dreamy red tufa crag!,25,Spaceman spiff,6c,20,https://climbinleonidio.com/route/spaceman-spiff-16/
31,MarsA dreamy red tufa crag!,26,Spaceman spiff ext,7a+,38,https://climbinleonidio.com/route/spaceman-spiff-ext-16/
31,MarsA dreamy red tufa crag!,27,Tufatango,6c,18,https://climbinleonidio.com/route/tufatango-16/
31,MarsA dreamy red tufa crag!,28,Mystère et boule de gomme,6c+,20,https://climbinleonidio.com/route/mystere-et-boule-de-gomme-16/
31,MarsA dreamy red tufa crag!,29,Mystère et boule de...ext,7b+,35,https://climbinleonidio.com/route/mystere-et-boule-de-ext-16/
31,MarsA dreamy red tufa crag!,30,Chuck notis,7a+,20,https://climbinleonidio.com/route/chuck-notis-16/
31,MarsA dreamy red tufa crag!,31,Chuck notis ext,17c,38,https://climbinleonidio.com/route/chuck-notis-ext-1-16/
31,MarsA dreamy red tufa crag!,32,Chuck notis ext,28a,52,https://climbinleonidio.com/route/chuck-notis-ext-2-16/
31,MarsA dreamy red tufa crag!,33,Lost in space,7b,25,https://climbinleonidio.com/route/lost-in-space-16/
31,MarsA dreamy red tufa crag!,34,Lost in space ext,7b+,52,https://climbinleonidio.com/route/lost-in-space-ext-16/
31,MarsA dreamy red tufa crag!,35,Pasoclave.com,7b,40,https://climbinleonidio.com/route/pasoclave-com-16/
31,MarsA dreamy red tufa crag!,36,Œil de biche,7c,40,https://climbinleonidio.com/route/oeil-de-biche-16/
31,MarsA dreamy red tufa crag!,37,Œil de bœuf,7c+,42,https://climbinleonidio.com/route/oeil-de-boeuf-16/
31,MarsA dreamy red tufa crag!,38,Pathfinder,6c+,22,https://climbinleonidio.com/route/pathfinder-31/
31,MarsA dreamy red tufa crag!,39,E.S.A.,6a+,20,https://climbinleonidio.com/route/e-s-a-16/
31,MarsA dreamy red tufa crag!,40,E.S.A. ext,7c,35,https://climbinleonidio.com/route/e-s-a-ext-16/
31,MarsA dreamy red tufa crag!,41,The beast in the beauty,6c+,25,https://climbinleonidio.com/route/the-beast-in-the-beauty-16/
31,MarsA dreamy red tufa crag!,42,N.A.S.A.,7a,30,https://climbinleonidio.com/route/n-a-s-a-16/
31,MarsA dreamy red tufa crag!,01,Haiku kurouchi,6c+,40,https://climbinleonidio.com/route/haiku-kurouchi-16/
31,MarsA dreamy red tufa crag!,02,Speedy quick,6c,38,https://climbinleonidio.com/route/speedy-quick-16/
31,MarsA dreamy red tufa crag!,03,Vorsprung durch hektik,7b+,38,https://climbinleonidio.com/route/vorsprung-durch-hektik-16/
31,MarsA dreamy red tufa crag!,04,Lord of the crimps,7a+,35,https://climbinleonidio.com/route/lord-of-the-crimps-16/
31,MarsA dreamy red tufa crag!,05,Dihedral del rey,7b+,30,https://climbinleonidio.com/route/dihedral-del-rey-16/
31,MarsA dreamy red tufa crag!,06,Lovers for the weekend,7b+,30,https://climbinleonidio.com/route/lovers-for-the-weekend-16/
31,MarsA dreamy red tufa crag!,07,Meraklis,8a+,30,https://climbinleonidio.com/route/meraklis-16/
31,MarsA dreamy red tufa crag!,08,Om,7c,25,https://climbinleonidio.com/route/om-16/
31,MarsA dreamy red tufa crag!,09,El baile de tango,7b+,25,https://climbinleonidio.com/route/el-baile-de-tango-16/
31,MarsA dreamy red tufa crag!,10,Tufa liaison,6c+,20,https://climbinleonidio.com/route/tufa-liaison-16/
31,MarsA dreamy red tufa crag!,11,Cruxaki,8b,20,https://climbinleonidio.com/route/cruxaki-16/
31,MarsA dreamy red tufa crag!,12,Fires of varanasi,6b+,20,https://climbinleonidio.com/route/fires-of-varanasi-16/
31,MarsA dreamy red tufa crag!,13,Ojo dekoumene,6a,22,https://climbinleonidio.com/route/ojo-dekoumene-16/
31,MarsA dreamy red tufa crag!,14,Goan corner,6a,26,https://climbinleonidio.com/route/goan-corner-16/
31,MarsA dreamy red tufa crag!,01,Grand slam,7c,35,https://climbinleonidio.com/route/grand-slam-16/
31,MarsA dreamy red tufa crag!,,02All in!8a?35,,,https://climbinleonidio.com/route/all-in-16/
31,MarsA dreamy red tufa crag!,03,Carina,7c,35,https://climbinleonidio.com/route/carina-16/
31,MarsA dreamy red tufa crag!,04,Bunschi,7b+,35,https://climbinleonidio.com/route/bunschi-16/
31,MarsA dreamy red tufa crag!,05,Ein stier aus uri,7b+,40,https://climbinleonidio.com/route/ein-stier-aus-uri-16/
31,MarsA dreamy red tufa crag!,06,Viva adrenalina,7c+,40,https://climbinleonidio.com/route/viva-adrenalina-16/
31,MarsA dreamy red tufa crag!,07,Jalapeños,7a+,40,https://climbinleonidio.com/route/jalapenos-16/
31,MarsA dreamy red tufa crag!,08,Follow me,6c+,20,https://climbinleonidio.com/route/follow-me-16/
31,MarsA dreamy red tufa crag!,09,Quelles nouvelles!,5c+,25,https://climbinleonidio.com/route/quelles-nouvelles-16/
32,JupiterQuality climbing and co,01,No name,16c,30,https://climbinleonidio.com/route/no-name-1-16/
32,JupiterQuality climbing and co,02,No name,26c,20,https://climbinleonidio.com/route/no-name-2-16/
32,JupiterQuality climbing and co,,03No name,2,,https://climbinleonidio.com/route/no-name-2-ext-16/
32,JupiterQuality climbing and co,04,No name,47a,30,https://climbinleonidio.com/route/no-name-4-16/
32,JupiterQuality climbing and co,05,Hurry up and wait,7a,20,https://climbinleonidio.com/route/hurry-up-and-wait-16/
32,JupiterQuality climbing and co,06,Hurry up and wait ext,7a,40,https://climbinleonidio.com/route/hurry-up-and-wait-ext-16/
32,JupiterQuality climbing and co,07,No name,76c,30,https://climbinleonidio.com/route/no-name-7-16/
32,JupiterQuality climbing and co,08,Ancient melodies,7a+,20,https://climbinleonidio.com/route/ancient-melodies-16/
32,JupiterQuality climbing and co,09,Ancient melodies ext,7a+,42,https://climbinleonidio.com/route/ancient-melodies-ext-16/
32,JupiterQuality climbing and co,10,Lieblingsfarbe grün,6c+,30,https://climbinleonidio.com/route/lieblingsfarbe-grun-16/
32,JupiterQuality climbing and co,11,Lieblingsfarbe grün ext,6c+,42,https://climbinleonidio.com/route/lieblingsfarbe-grun-ext-16/
32,JupiterQuality climbing and co,12,Gene Clark,7a,35,https://climbinleonidio.com/route/gene-clark-16/
32,JupiterQuality climbing and co,13,Gene Clark ext,7a+,50,https://climbinleonidio.com/route/gene-clark-ext-16/
32,JupiterQuality climbing and co,14,All life ends,7a+,20,https://climbinleonidio.com/route/all-life-ends-16/
32,JupiterQuality climbing and co,15,All life ends ext,7b,42,https://climbinleonidio.com/route/all-life-ends-ext-16/
32,JupiterQuality climbing and co,16,I’d even grow mustache...,7a,28,https://climbinleonidio.com/route/id-even-grow-mustache-16/
32,JupiterQuality climbing and co,17,I’d even grow mustache ext,7b,42,https://climbinleonidio.com/route/id-even-grow-mustache-ext-16/
32,JupiterQuality climbing and co,18,And dress myself in black,6b,15,https://climbinleonidio.com/route/and-dress-myself-in-black-16/
32,JupiterQuality climbing and co,19,And dress myself in black ext,7c,45,https://climbinleonidio.com/route/and-dress-myself-in-black-ext-16/
32,JupiterQuality climbing and co,20,No name,208a,25,https://climbinleonidio.com/route/no-name-20-16/
32,JupiterQuality climbing and co,,21No name,20,,https://climbinleonidio.com/route/no-name-20-ext-16/
32,JupiterQuality climbing and co,22,Zeitlupe,7b+,45,https://climbinleonidio.com/route/zeitlupe-16/
32,JupiterQuality climbing and co,23,Fake palindroms,7c+,35,https://climbinleonidio.com/route/fake-palindroms-16/
32,JupiterQuality climbing and co,24,Sharpen your knife,7c,40,https://climbinleonidio.com/route/sharpen-your-knife-16/
32,JupiterQuality climbing and co,25,No name,257b,30,https://climbinleonidio.com/route/no-name-25-31/
32,JupiterQuality climbing and co,,26No name,25,,https://climbinleonidio.com/route/no-name-25-ext-16/
32,JupiterQuality climbing and co,27,Lykakia,6b+,20,https://climbinleonidio.com/route/lykakia-16/
32,JupiterQuality climbing and co,28,Lykakia ext,7a,40,https://climbinleonidio.com/route/lykakia-ext-16/
32,JupiterQuality climbing and co,29,Amiral,6c,25,https://climbinleonidio.com/route/amiral-16/
32,JupiterQuality climbing and co,30,Amiral ext,6c+,40,https://climbinleonidio.com/route/amiral-ext-16/
32,JupiterQuality climbing and co,31,Kalimero,7a+,40,https://climbinleonidio.com/route/kalimero-16/
32,JupiterQuality climbing and co,32,Warum warum,7a+,40,https://climbinleonidio.com/route/warum-warum-16/
32,JupiterQuality climbing and co,33,No name,337a+,45,https://climbinleonidio.com/route/no-name-33-16/
32,JupiterQuality climbing and co,34,Yorgos bogos,6c+,42,https://climbinleonidio.com/route/yorgos-bogos-16/
32,JupiterQuality climbing and co,35,Yorgos bogos ext,7a,65,https://climbinleonidio.com/route/yorgos-bogos-ext-16/
32,JupiterQuality climbing and co,36,Buddha’s eyes,7b+,55,https://climbinleonidio.com/route/buddhas-eyes-16/
32,JupiterQuality climbing and co,,3740:01:006c25,,,https://climbinleonidio.com/route/400100-16/
32,JupiterQuality climbing and co,,3840:1 ext7b45,,,https://climbinleonidio.com/route/401-ext-16/
32,JupiterQuality climbing and co,39,Doxa,6c+,25,https://climbinleonidio.com/route/doxa-16/
32,JupiterQuality climbing and co,40,Doxa ext,7a,45,https://climbinleonidio.com/route/doxa-ext-16/
32,JupiterQuality climbing and co,41,Clean your clock,7a,25,https://climbinleonidio.com/route/clean-your-clock-16/
32,JupiterQuality climbing and co,42,Clean your clock ext,7a+,50,https://climbinleonidio.com/route/clean-your-clock-ext-16/
32,JupiterQuality climbing and co,43,Metalizer,6c+,25,https://climbinleonidio.com/route/metalizer-16/
32,JupiterQuality climbing and co,44,Metalizer ext,7b,45,https://climbinleonidio.com/route/metalizer-ext-16/
32,JupiterQuality climbing and co,45,Great greece,6c+,30,https://climbinleonidio.com/route/great-greece-16/
32,JupiterQuality climbing and co,46,Great greece ext,6c+,55,https://climbinleonidio.com/route/great-greece-ext-16/
32,JupiterQuality climbing and co,47,Aufzug zum Olymp,6c+,30,https://climbinleonidio.com/route/aufzug-zum-olymp-16/
32,JupiterQuality climbing and co,48,Aufzug zum Olymp ext,7b,60,https://climbinleonidio.com/route/aufzug-zum-olymp-ext-16/
32,JupiterQuality climbing and co,49,The world is yours,7a,20,https://climbinleonidio.com/route/the-world-is-yours-16/
32,JupiterQuality climbing and co,50,The world is yours ext,7c+,45,https://climbinleonidio.com/route/the-world-is-yours-ext-16/
32,JupiterQuality climbing and co,51,Talbac,6c,25,https://climbinleonidio.com/route/talbac-16/
32,JupiterQuality climbing and co,52,Talbac ext,7a,45,https://climbinleonidio.com/route/talbac-ext-16/
32,JupiterQuality climbing and co,53,Naos,6c,45,https://climbinleonidio.com/route/naos-16/
32,JupiterQuality climbing and co,54,Astir,6a,18,https://climbinleonidio.com/route/astir-16/
32,JupiterQuality climbing and co,55,Astir ext,6a+,45,https://climbinleonidio.com/route/astir-ext-16/
32,JupiterQuality climbing and co,56,Sofos,6b+,42,https://climbinleonidio.com/route/sofos-16/
33,King of,01,Song of ice and fire,7b,25,https://climbinleonidio.com/route/song-of-ice-and-fire-16/
33,King of,02,Dance with dragons,7b+,25,https://climbinleonidio.com/route/dance-with-dragons-16/
33,King of,03,Winds of winter,7c+,25,https://climbinleonidio.com/route/winds-of-winter-16/
33,King of,04,Tsoutsouni,7a+,25,https://climbinleonidio.com/route/tsoutsouni-16/
33,King of,05,Expect the unexpert,7a+,25,https://climbinleonidio.com/route/expect-the-unexpert-16/
33,King of,06,Mächtig gewaltig,6b,25,https://climbinleonidio.com/route/machtig-gewaltig-16/
33,King of,07,Ein kinderspiel,6c,25,https://climbinleonidio.com/route/ein-kinderspiel-16/
33,King of,08,Ist das gefährlich?,6c+,25,https://climbinleonidio.com/route/ist-das-gefahrlich-16/
33,King of,09,Todsicher,7a+,25,https://climbinleonidio.com/route/todsicher-16/
33,King of,10,Franz jäger berlin,6b,25,https://climbinleonidio.com/route/franz-jager-berlin-16/
33,King of,11,Das dumme schwein,6c,25,https://climbinleonidio.com/route/das-dumme-schwein-16/
33,King of,12,Paparazzi route,6b+,25,https://climbinleonidio.com/route/paparazzi-route-16/
33,King of,13,Proletariat,6b+,25,https://climbinleonidio.com/route/proletariat-16/
33,King of,14,Bourgeoisie,5c+,25,https://climbinleonidio.com/route/bourgeoisie-16/
33,King of,15,Cover girl shot,6a+,15,https://climbinleonidio.com/route/cover-girl-shot-16/
33,King of,16,Saligaraki,6c,15,https://climbinleonidio.com/route/saligaraki-16/
33,King of,17,Chameleon,5c,15,https://climbinleonidio.com/route/chameleon-16/
33,King of,01,Terrier brothers,5a,17,https://climbinleonidio.com/route/terrier-brothers-16/
33,King of,02,Børge,5b,15,https://climbinleonidio.com/route/borge-16/
33,King of,03,Yvonne,6b,14,https://climbinleonidio.com/route/yvonne-16/
33,King of,04,Egon,6b+,14,https://climbinleonidio.com/route/egon-16/
33,King of,05,Kjeld,6b+,25,https://climbinleonidio.com/route/kjeld-16/
33,King of,06,Benny,6b,25,https://climbinleonidio.com/route/benny-16/
33,King of,07,Teamwerk',56b,25,https://climbinleonidio.com/route/teamwerk-5-16/
33,King of,08,Three holy kings,5c,30,https://climbinleonidio.com/route/three-holy-kings-16/
33,King of,09,Es war einmal,5c,25,https://climbinleonidio.com/route/es-war-einmal-16/
33,King of,10,Lila brausebär,7a,33,https://climbinleonidio.com/route/lila-brausebar-16/
33,King of,11,Glücksgriff,6c,35,https://climbinleonidio.com/route/glucksgriff-16/
33,King of,12,Witch,7a+,35,https://climbinleonidio.com/route/witch-31/
33,King of,13,Königin Elisabeth,6b,30,https://climbinleonidio.com/route/konigin-elisabeth-16/
33,King of,14,Prinz,6c+,30,https://climbinleonidio.com/route/prinz-16/
33,King of,15,Moussaka gedenkweg,6c,30,https://climbinleonidio.com/route/moussaka-gedenkweg-16/
33,King of,16,Fussballet,6c+,30,https://climbinleonidio.com/route/fussballet-16/
33,King of,17,King Koch,6c+,30,https://climbinleonidio.com/route/king-koch-16/
33,King of,18,No name,186b+,30,https://climbinleonidio.com/route/no-name-18-32/
33,King of,19,Schuttrutsche,6b,30,https://climbinleonidio.com/route/schuttrutsche-16/
33,King of,20,Nada esta escrito,6a+,30,https://climbinleonidio.com/route/nada-esta-escrito-16/
33,King of,21,Vorgedrängelt,6a+,27,https://climbinleonidio.com/route/vorgedrangelt-16/
33,King of,22,Nicht ist mal eben,6b,24,https://climbinleonidio.com/route/nicht-ist-mal-eben-16/
33,King of,23,Mut zur lücke,6a+,20,https://climbinleonidio.com/route/mut-zur-lucke-16/
33,King of,24,Marloni pepperoni,6a+,30,https://climbinleonidio.com/route/marloni-pepperoni-16/
33,King of,25,Mittelerde,6a,18,https://climbinleonidio.com/route/mittelerde-16/
33,King of,26,Blutspur,6a+,30,https://climbinleonidio.com/route/blutspur-16/
33,King of,27,No name,275b,15,https://climbinleonidio.com/route/no-name-27-16/
34,PanagiaFour sub-sectors (Panagia,01,La tufa germaine,7b+,135,https://climbinleonidio.com/route/la-tufa-germaine-16/
34,PanagiaFour sub-sectors (Panagia,025,s,6c,40,https://climbinleonidio.com/route/5s-16/
34,PanagiaFour sub-sectors (Panagia,03,Kisakas,6b,40,https://climbinleonidio.com/route/kisakas-16/
34,PanagiaFour sub-sectors (Panagia,04,Nimfes,6a+,25,https://climbinleonidio.com/route/nimfes-16/
34,PanagiaFour sub-sectors (Panagia,05,Karia,6a,38,https://climbinleonidio.com/route/karia-16/
34,PanagiaFour sub-sectors (Panagia,06,Memories of last summer,7a,138,https://climbinleonidio.com/route/memories-of-last-summer-16/
34,PanagiaFour sub-sectors (Panagia,07,Sintza,6b,38,https://climbinleonidio.com/route/sintza-16/
34,PanagiaFour sub-sectors (Panagia,08,Don whillans,6a,25,https://climbinleonidio.com/route/don-whillans-16/
34,PanagiaFour sub-sectors (Panagia,09,No name,95b,25,https://climbinleonidio.com/route/no-name-9-32/
34,PanagiaFour sub-sectors (Panagia,10,Training,2a,10,https://climbinleonidio.com/route/training-16/
34,PanagiaFour sub-sectors (Panagia,11,Sitena,5b,25,https://climbinleonidio.com/route/sitena-16/
34,PanagiaFour sub-sectors (Panagia,12,Led zeppelin,5b+,25,https://climbinleonidio.com/route/led-zeppelin-16/
34,PanagiaFour sub-sectors (Panagia,13,Prastos,5c,25,https://climbinleonidio.com/route/prastos-16/
34,PanagiaFour sub-sectors (Panagia,14,Ligeria,5c,25,https://climbinleonidio.com/route/ligeria-16/
34,PanagiaFour sub-sectors (Panagia,15,Ziva,5a,25,https://climbinleonidio.com/route/ziva-16/
34,PanagiaFour sub-sectors (Panagia,16,I.,55c,20,https://climbinleonidio.com/route/i-5-16/
34,PanagiaFour sub-sectors (Panagia,17,Boro na speek speek,5a+,20,https://climbinleonidio.com/route/boro-na-speek-speek-16/
34,PanagiaFour sub-sectors (Panagia,18,Caking,5b+,20,https://climbinleonidio.com/route/caking-16/
34,PanagiaFour sub-sectors (Panagia,19,Vert pomme,4c,25,https://climbinleonidio.com/route/vert-pomme-16/
34,PanagiaFour sub-sectors (Panagia,20,Solo,4b,20,https://climbinleonidio.com/route/solo-16/
34,PanagiaFour sub-sectors (Panagia,21,Solo de gauche,6c+,42,https://climbinleonidio.com/route/solo-de-gauche-16/
34,PanagiaFour sub-sectors (Panagia,22,Solo de droite,7a,42,https://climbinleonidio.com/route/solo-de-droite-16/
34,PanagiaFour sub-sectors (Panagia,23,No name,237b+,35,https://climbinleonidio.com/route/no-name-23-32/
34,PanagiaFour sub-sectors (Panagia,24,No name,247a+,30,https://climbinleonidio.com/route/no-name-24-16/
34,PanagiaFour sub-sectors (Panagia,25,No name,256b+,15,https://climbinleonidio.com/route/no-name-25-32/
34,PanagiaFour sub-sectors (Panagia,26,Edlinger,6c+,35,https://climbinleonidio.com/route/edlinger-16/
34,PanagiaFour sub-sectors (Panagia,27,Joe brown,6c+,35,https://climbinleonidio.com/route/joe-brown-16/
34,PanagiaFour sub-sectors (Panagia,28,Le cimetière des élephants,7a+,35,https://climbinleonidio.com/route/le-cimetiere-des-elephants-16/
34,PanagiaFour sub-sectors (Panagia,29,Güllich,6c+,30,https://climbinleonidio.com/route/gullich-16/
34,PanagiaFour sub-sectors (Panagia,30,Berhault,7a+,30,https://climbinleonidio.com/route/berhault-16/
34,PanagiaFour sub-sectors (Panagia,31,Sinterella,7a+,40,https://climbinleonidio.com/route/sinterella-16/
34,PanagiaFour sub-sectors (Panagia,32,No name,327a+,30,https://climbinleonidio.com/route/no-name-32-16/
34,PanagiaFour sub-sectors (Panagia,01,Herodotus,6a+,20,https://climbinleonidio.com/route/herodotus-16/
34,PanagiaFour sub-sectors (Panagia,02,Garden of Adam,6b,25,https://climbinleonidio.com/route/garden-of-adam-16/
34,PanagiaFour sub-sectors (Panagia,03,Paparouna,6a+,25,https://climbinleonidio.com/route/paparouna-16/
34,PanagiaFour sub-sectors (Panagia,04,Kolotouba,6b,25,https://climbinleonidio.com/route/kolotouba-16/
34,PanagiaFour sub-sectors (Panagia,05,Happy time,6a,20,https://climbinleonidio.com/route/happy-time-16/
34,PanagiaFour sub-sectors (Panagia,06,B,26b,25,https://climbinleonidio.com/route/b2-16/
34,PanagiaFour sub-sectors (Panagia,07,Aerostato,6a+,25,https://climbinleonidio.com/route/aerostato-16/
34,PanagiaFour sub-sectors (Panagia,08,Koukoutsi,6a,25,https://climbinleonidio.com/route/koukoutsi-16/
34,PanagiaFour sub-sectors (Panagia,09,Mini fousta,5c,22,https://climbinleonidio.com/route/mini-fousta-16/
34,PanagiaFour sub-sectors (Panagia,10,Gova,5c,22,https://climbinleonidio.com/route/gova-16/
34,PanagiaFour sub-sectors (Panagia,11,Tsimpouki,5c,25,https://climbinleonidio.com/route/tsimpouki-16/
34,PanagiaFour sub-sectors (Panagia,12,Rock love,6a,25,https://climbinleonidio.com/route/rock-love-16/
34,PanagiaFour sub-sectors (Panagia,13,Nirvana,6a+,30,https://climbinleonidio.com/route/nirvana-16/
34,PanagiaFour sub-sectors (Panagia,14,Chiotis,6a+,30,https://climbinleonidio.com/route/chiotis-16/
34,PanagiaFour sub-sectors (Panagia,15,I am a hero,6a+,30,https://climbinleonidio.com/route/i-am-a-hero-16/
34,PanagiaFour sub-sectors (Panagia,16,Don’t panic,6b,33,https://climbinleonidio.com/route/dont-panic-16/
34,PanagiaFour sub-sectors (Panagia,17,Politiki kouzina,6b,30,https://climbinleonidio.com/route/politiki-kouzina-16/
34,PanagiaFour sub-sectors (Panagia,18,Vlaka Tony,5c,25,https://climbinleonidio.com/route/vlaka-tony-16/
34,PanagiaFour sub-sectors (Panagia,19,F.o.s.l.,5c,30,https://climbinleonidio.com/route/f-o-s-l-16/
34,PanagiaFour sub-sectors (Panagia,20,Rolling Stones,5b+,25,https://climbinleonidio.com/route/rolling-stones-16/
34,PanagiaFour sub-sectors (Panagia,21,Jacob,4c,25,https://climbinleonidio.com/route/jacob-16/
34,PanagiaFour sub-sectors (Panagia,22,Jacob ext,5b,32,https://climbinleonidio.com/route/jacob-ext-16/
34,PanagiaFour sub-sectors (Panagia,01,Philos mavros,6a,25,https://climbinleonidio.com/route/philos-mavros-16/
34,PanagiaFour sub-sectors (Panagia,02,Ziggy stardust,6a,25,https://climbinleonidio.com/route/ziggy-stardust-16/
34,PanagiaFour sub-sectors (Panagia,03,Sim,5c+,25,https://climbinleonidio.com/route/sim-16/
34,PanagiaFour sub-sectors (Panagia,04,Max,6a,25,https://climbinleonidio.com/route/max-16/
34,PanagiaFour sub-sectors (Panagia,05,Pathfinder,5c,25,https://climbinleonidio.com/route/pathfinder-32/
34,PanagiaFour sub-sectors (Panagia,06,Daniela,5b,25,https://climbinleonidio.com/route/daniela-16/
34,PanagiaFour sub-sectors (Panagia,07,Joni,5c,25,https://climbinleonidio.com/route/joni-16/
34,PanagiaFour sub-sectors (Panagia,08,Kim,5b,25,https://climbinleonidio.com/route/kim-16/
34,PanagiaFour sub-sectors (Panagia,09,Twin flame,5b,25,https://climbinleonidio.com/route/twin-flame-16/
34,PanagiaFour sub-sectors (Panagia,01,Yellow submarine,6c,40,https://climbinleonidio.com/route/yellow-submarine-32/
34,PanagiaFour sub-sectors (Panagia,02,Lazari,7a,40,https://climbinleonidio.com/route/lazari-16/
34,PanagiaFour sub-sectors (Panagia,03,Old green,7a,30,https://climbinleonidio.com/route/old-green-16/
34,PanagiaFour sub-sectors (Panagia,04,Markaris,6c,32,https://climbinleonidio.com/route/markaris-16/
34,PanagiaFour sub-sectors (Panagia,05,Matarrana ports,6c+,32,https://climbinleonidio.com/route/matarrana-ports-16/
34,PanagiaFour sub-sectors (Panagia,06,Kokoletta,7a+,32,https://climbinleonidio.com/route/kokoletta-16/
34,PanagiaFour sub-sectors (Panagia,07,Manoleas tavern,7b+,30,https://climbinleonidio.com/route/manoleas-tavern-16/
34,PanagiaFour sub-sectors (Panagia,08,Karl Marx,7a,15,https://climbinleonidio.com/route/karl-marx-16/
34,PanagiaFour sub-sectors (Panagia,09,Hispano suiza,7b+,22,https://climbinleonidio.com/route/hispano-suiza-16/
34,PanagiaFour sub-sectors (Panagia,10,Sweet Carolina,7b,22,https://climbinleonidio.com/route/sweet-carolina-16/
35,TheósThe climbing at,01,Approach,6a,15,https://climbinleonidio.com/route/approach-16/
35,TheósThe climbing at,02,Approach ext,6c,40,https://climbinleonidio.com/route/approach-ext-16/
35,TheósThe climbing at,03,Thea,6a+,20,https://climbinleonidio.com/route/thea-16/
35,TheósThe climbing at,04,Pepper,6c+,40,https://climbinleonidio.com/route/pepper-16/
35,TheósThe climbing at,05,Mr. x,5b,15,https://climbinleonidio.com/route/mr-x-16/
35,TheósThe climbing at,06,Mr. y,6c,40,https://climbinleonidio.com/route/mr-y-16/
35,TheósThe climbing at,07,Mama,6a,20,https://climbinleonidio.com/route/mama-16/
35,TheósThe climbing at,08,Mama ext,6c+,25,https://climbinleonidio.com/route/mama-ext-16/
35,TheósThe climbing at,,0949.00%6c+30,,,https://climbinleonidio.com/route/49-00-16/
35,TheósThe climbing at,,1051.00%7a30,,,https://climbinleonidio.com/route/51-00-16/
35,TheósThe climbing at,11,Ace of spades,7a,30,https://climbinleonidio.com/route/ace-of-spades-16/
35,TheósThe climbing at,12,March or die,6a+,20,https://climbinleonidio.com/route/march-or-die-16/
35,TheósThe climbing at,13,God save rock,6b,30,https://climbinleonidio.com/route/god-save-rock-16/
35,TheósThe climbing at,14,Omada,6a,20,https://climbinleonidio.com/route/omada-16/
35,TheósThe climbing at,01,Cyclops pillar,7a,35,https://climbinleonidio.com/route/cyclops-pillar-16/
35,TheósThe climbing at,02,Geneve cayenne,6c+,30,https://climbinleonidio.com/route/geneve-cayenne-16/
35,TheósThe climbing at,03,The place to be,6c,30,https://climbinleonidio.com/route/the-place-to-be-16/
35,TheósThe climbing at,0421,grammes,6b,20,https://climbinleonidio.com/route/21-grammes-16/
35,TheósThe climbing at,0521,grammes ext,6c+,30,https://climbinleonidio.com/route/21-grammes-ext-16/
35,TheósThe climbing at,0625,˚,6b,20,https://climbinleonidio.com/route/25%cb%9a-16/
35,TheósThe climbing at,07,Sun max,6b,18,https://climbinleonidio.com/route/sun-max-16/
35,TheósThe climbing at,08,Nora,6b,18,https://climbinleonidio.com/route/nora-16/
35,TheósThe climbing at,09,Partouza,6b,18,https://climbinleonidio.com/route/partouza-16/
35,TheósThe climbing at,10,Partouza ext,7c,25,https://climbinleonidio.com/route/partouza-ext-16/
35,TheósThe climbing at,11,Dali left variation,7c,32,https://climbinleonidio.com/route/dali-left-variation-16/
35,TheósThe climbing at,12,Dali,6c+,23,https://climbinleonidio.com/route/dali-16/
35,TheósThe climbing at,13,Rainmen,7a,23,https://climbinleonidio.com/route/rainmen-16/
35,TheósThe climbing at,14,Psili kamilopardali,7a,35,https://climbinleonidio.com/route/psili-kamilopardali-16/
35,TheósThe climbing at,15,Les chevaliers du fiel,7c,40,https://climbinleonidio.com/route/les-chevaliers-du-fiel-16/
35,TheósThe climbing at,16,Centipede,7c,35,https://climbinleonidio.com/route/centipede-16/
35,TheósThe climbing at,17,Mise en place,7c+,35,https://climbinleonidio.com/route/mise-en-place-16/
35,TheósThe climbing at,18,Hlios,8a+,40,https://climbinleonidio.com/route/hlios-16/
35,TheósThe climbing at,19,Rocky erickson,7b,25,https://climbinleonidio.com/route/rocky-erickson-16/
35,TheósThe climbing at,,20Rocky erickson ext7c(+)40,,,https://climbinleonidio.com/route/rocky-erickson-ext-16/
35,TheósThe climbing at,21,Zeus,7a,20,https://climbinleonidio.com/route/zeus-16/
35,TheósThe climbing at,22,Zeus ext,7b+,35,https://climbinleonidio.com/route/zeus-ext-16/
35,TheósThe climbing at,23,Rien n’est reservé içi,7c,35,https://climbinleonidio.com/route/rien-nest-reserve-ici-16/
35,TheósThe climbing at,24,Tortoise,7b,30,https://climbinleonidio.com/route/tortoise-16/
35,TheósThe climbing at,25,Turtle,8a,20,https://climbinleonidio.com/route/turtle-16/
35,TheósThe climbing at,26,Sturmvogel,7c+,25,https://climbinleonidio.com/route/sturmvogel-16/
35,TheósThe climbing at,27,Secret pink flamingos soc.,7c+,37,https://climbinleonidio.com/route/secret-pink-flamingos-soc-16/
35,TheósThe climbing at,28,Xibalba,7b,25,https://climbinleonidio.com/route/xibalba-16/
35,TheósThe climbing at,01,Cojones,6b+,30,https://climbinleonidio.com/route/cojones-16/
35,TheósThe climbing at,02,With gadi,6c,25,https://climbinleonidio.com/route/with-gadi-16/
35,TheósThe climbing at,03,Talvisota,7a,25,https://climbinleonidio.com/route/talvisota-16/
35,TheósThe climbing at,04,Anasa,6c,20,https://climbinleonidio.com/route/anasa-16/
35,TheósThe climbing at,05,Perfect,6c+,25,https://climbinleonidio.com/route/perfect-16/
35,TheósThe climbing at,06,Walking in the air,7c,30,https://climbinleonidio.com/route/walking-in-the-air-16/
35,TheósThe climbing at,07,Filos,7a+,25,https://climbinleonidio.com/route/filos-16/
35,TheósThe climbing at,,08My first 8a7a+25,,,https://climbinleonidio.com/route/my-first-8a-16/
35,TheósThe climbing at,09,Megaforce,7b,20,https://climbinleonidio.com/route/megaforce-16/
35,TheósThe climbing at,10,Festival,7a+,20,https://climbinleonidio.com/route/festival-16/
35,TheósThe climbing at,11,Fabrica,6c,20,https://climbinleonidio.com/route/fabrica-16/
35,TheósThe climbing at,12,Rainbow,6b,20,https://climbinleonidio.com/route/rainbow-16/
35,TheósThe climbing at,01,Master of glyka,6a+,25,https://climbinleonidio.com/route/master-of-glyka-16/
35,TheósThe climbing at,02,Master of glyka ext,6c+,33,https://climbinleonidio.com/route/master-of-glyka-ext-16/
35,TheósThe climbing at,03,Striplease,6b+,33,https://climbinleonidio.com/route/striplease-16/
35,TheósThe climbing at,04,Sexe and bolts,6a+,20,https://climbinleonidio.com/route/sexe-and-bolts-16/
35,TheósThe climbing at,05,Sexe and bolts ext,6b+,33,https://climbinleonidio.com/route/sexe-and-bolts-ext-16/
35,TheósThe climbing at,06,Omorfos popos,6a+,20,https://climbinleonidio.com/route/omorfos-popos-16/
35,TheósThe climbing at,07,Beautiful rourouni,6b,20,https://climbinleonidio.com/route/beautiful-rourouni-16/
35,TheósThe climbing at,08,Ride to the top,6b,20,https://climbinleonidio.com/route/ride-to-the-top-16/
35,TheósThe climbing at,09,Ride to the top ext,7a+,30,https://climbinleonidio.com/route/ride-to-the-top-ext-16/
35,TheósThe climbing at,10,Ekmek,6b,20,https://climbinleonidio.com/route/ekmek-16/
35,TheósThe climbing at,11,Ekmek ext,7b,33,https://climbinleonidio.com/route/ekmek-ext-16/
35,TheósThe climbing at,12,Sylver machine,6b,22,https://climbinleonidio.com/route/sylver-machine-16/
35,TheósThe climbing at,13,Sylver machine ext,6c,36,https://climbinleonidio.com/route/sylver-machine-ext-16/
35,TheósThe climbing at,14,Spanakopita,6b,20,https://climbinleonidio.com/route/spanakopita-16/
35,TheósThe climbing at,15,Spanakopita ext,6b+,33,https://climbinleonidio.com/route/spanakopita-ext-16/
35,TheósThe climbing at,16,Boltman,5c,18,https://climbinleonidio.com/route/boltman-16/
35,TheósThe climbing at,17,Boltman ext,6a,25,https://climbinleonidio.com/route/boltman-ext-16/
35,TheósThe climbing at,18,Mad ball,6a,25,https://climbinleonidio.com/route/mad-ball-16/
35,TheósThe climbing at,01,Lucky luke,5c,15,https://climbinleonidio.com/route/lucky-luke-16/
35,TheósThe climbing at,02,Tsarouxi,6a+,18,https://climbinleonidio.com/route/tsarouxi-16/
35,TheósThe climbing at,03,White line fever,6b,20,https://climbinleonidio.com/route/white-line-fever-16/
35,TheósThe climbing at,04,Lightning,6b+,20,https://climbinleonidio.com/route/lightning-16/
35,TheósThe climbing at,05,Da vinci code,6c+,22,https://climbinleonidio.com/route/da-vinci-code-16/
35,TheósThe climbing at,06,Ta matia sou,6c+,22,https://climbinleonidio.com/route/ta-matia-sou-31/
35,TheósThe climbing at,07,Mr. pistoleros,6a,22,https://climbinleonidio.com/route/mr-pistoleros-16/
35,TheósThe climbing at,08,James,6b+,22,https://climbinleonidio.com/route/james-16/
35,TheósThe climbing at,09,Gory,6c,20,https://climbinleonidio.com/route/gory-16/
35,TheósThe climbing at,10,Stay hungry,6c,15,https://climbinleonidio.com/route/stay-hungry-16/
35,TheósThe climbing at,11,Stay foolish,6b,15,https://climbinleonidio.com/route/stay-foolish-16/
35,TheósThe climbing at,12,Baramina?,1,5,https://climbinleonidio.com/route/baramina-16/
35,TheósThe climbing at,13,Under cover,7a,15,https://climbinleonidio.com/route/under-cover-16/
35,TheósThe climbing at,14,Words of wisdom,6c+,20,https://climbinleonidio.com/route/words-of-wisdom-16/
35,TheósThe climbing at,15,Dirty lies,6c+,18,https://climbinleonidio.com/route/dirty-lies-16/
35,TheósThe climbing at,16,Shoot ‘em down,6b+,15,https://climbinleonidio.com/route/shoot-em-down-16/
35,TheósThe climbing at,17,Ké o aghios,6c,15,https://climbinleonidio.com/route/ke-o-aghios-16/
35,TheósThe climbing at,18,Fovera theli,7a,15,https://climbinleonidio.com/route/fovera-theli-16/
35,TheósThe climbing at,19,Into the fire,6c,15,https://climbinleonidio.com/route/into-the-fire-16/
35,TheósThe climbing at,20,Desperate sex wives,7a,15,https://climbinleonidio.com/route/desperate-sex-wives-16/
35,TheósThe climbing at,21,Tataki,6c,17,https://climbinleonidio.com/route/tataki-16/
35,TheósThe climbing at,22,In vibram we trust,6c+,15,https://climbinleonidio.com/route/in-vibram-we-trust-16/
35,TheósThe climbing at,23,God save our sole,6b+,15,https://climbinleonidio.com/route/god-save-our-sole-16/
35,TheósThe climbing at,24,Hells bells,6c,15,https://climbinleonidio.com/route/hells-bells-16/
35,TheósThe climbing at,25,Mikkey,5c,15,https://climbinleonidio.com/route/mikkey-16/
35,TheósThe climbing at,26,Mou skizi,6a,15,https://climbinleonidio.com/route/mou-skizi-16/
35,TheósThe climbing at,27,Tin cardia,6a+,12,https://climbinleonidio.com/route/tin-cardia-16/
36,MitiA small crag near the sea.,01,Hongy,7a,30,https://climbinleonidio.com/route/hongy-16/
36,MitiA small crag near the sea.,02,Kunik,7a+,30,https://climbinleonidio.com/route/kunik-16/
36,MitiA small crag near the sea.,03,Beso Peloponneso,7b,30,https://climbinleonidio.com/route/beso-peloponneso-16/
36,MitiA small crag near the sea.,04,Chip monkey,7b,35,https://climbinleonidio.com/route/chip-monkey-16/
36,MitiA small crag near the sea.,05,Tempora mutantur,7a,40,https://climbinleonidio.com/route/tempora-mutantur-16/
36,MitiA small crag near the sea.,06,Poseidon,6c+,38,https://climbinleonidio.com/route/poseidon-16/
36,MitiA small crag near the sea.,07,Nautilus,7b+,38,https://climbinleonidio.com/route/nautilus-16/
36,MitiA small crag near the sea.,08,Honey hunter,5c,10,https://climbinleonidio.com/route/honey-hunter-16/
36,MitiA small crag near the sea.,09,Orange-ute,7c,38,https://climbinleonidio.com/route/orange-ute-16/
36,MitiA small crag near the sea.,10,Seeblick,7a+,40,https://climbinleonidio.com/route/seeblick-16/
36,MitiA small crag near the sea.,11,No name,116c,25,https://climbinleonidio.com/route/no-name-11-32/
36,MitiA small crag near the sea.,,12No nae 12?15,,,https://climbinleonidio.com/route/no-name-12-16/
36,MitiA small crag near the sea.,,13No nae 13?15,,,https://climbinleonidio.com/route/no-name-13-16/
37,SabatonAnother popular sector,01,We fly,7b+,15,https://climbinleonidio.com/route/we-fly-16/
37,SabatonAnother popular sector,02,Attero dominatus,7a,15,https://climbinleonidio.com/route/attero-dominatus-16/
37,SabatonAnother popular sector,03,Panoptes,8a+,15,https://climbinleonidio.com/route/panoptes-16/
37,SabatonAnother popular sector,04,Omihli,7a,20,https://climbinleonidio.com/route/omihli-16/
37,SabatonAnother popular sector,05,Fuck the system,6b+,20,https://climbinleonidio.com/route/fuck-the-system-16/
37,SabatonAnother popular sector,06,Tokotoukan,6a,16,https://climbinleonidio.com/route/tokotoukan-16/
37,SabatonAnother popular sector,07,Giota,5c,16,https://climbinleonidio.com/route/giota-32/
37,SabatonAnother popular sector,08,Green dragons,4c,12,https://climbinleonidio.com/route/green-dragons-16/
37,SabatonAnother popular sector,09,Juliett,4b,12,https://climbinleonidio.com/route/juliett-16/
37,SabatonAnother popular sector,10,Juliett ext,5b,16,https://climbinleonidio.com/route/juliett-ext-16/
37,SabatonAnother popular sector,11,Oskar,6b+,25,https://climbinleonidio.com/route/oskar-16/
37,SabatonAnother popular sector,12,Dreamare,6b+,25,https://climbinleonidio.com/route/dreamare-16/
37,SabatonAnother popular sector,13,Napadeuro,6a,25,https://climbinleonidio.com/route/napadeuro-16/
37,SabatonAnother popular sector,14,Podikos,5c,28,https://climbinleonidio.com/route/podikos-16/
37,SabatonAnother popular sector,15,My sexual programme,6b,20,https://climbinleonidio.com/route/my-sexual-programme-16/
37,SabatonAnother popular sector,16,Love of my life,7b+,25,https://climbinleonidio.com/route/love-of-my-life-16/
37,SabatonAnother popular sector,17,Savra,6b+,15,https://climbinleonidio.com/route/savra-32/
37,SabatonAnother popular sector,18,Savra ext,7b+,25,https://climbinleonidio.com/route/savra-ext-32/
37,SabatonAnother popular sector,19,No name,198b,25,https://climbinleonidio.com/route/no-name-19-32/
37,SabatonAnother popular sector,20,Gabriel,5b,20,https://climbinleonidio.com/route/gabriel-16/
37,SabatonAnother popular sector,21,Ilektra,5a,20,https://climbinleonidio.com/route/ilektra-16/
37,SabatonAnother popular sector,22,Ilektra direct start,6a+,20,https://climbinleonidio.com/route/ilektra-direct-start-16/
37,SabatonAnother popular sector,23,Rise of evil,8b,20,https://climbinleonidio.com/route/rise-of-evil-16/
37,SabatonAnother popular sector,24,Sit down start,7c,15,https://climbinleonidio.com/route/sit-down-start-16/
37,SabatonAnother popular sector,25,Tsukatos,6c+,18,https://climbinleonidio.com/route/tsukatos-16/
37,SabatonAnother popular sector,26,Ultra mega shit,6a,15,https://climbinleonidio.com/route/ultra-mega-shit-16/
37,SabatonAnother popular sector,27,Crazy drill,6a,15,https://climbinleonidio.com/route/crazy-drill-16/
37,SabatonAnother popular sector,28,Welcome Morgenthau,6b+,22,https://climbinleonidio.com/route/welcome-morgenthau-16/
37,SabatonAnother popular sector,29,White death,6c,20,https://climbinleonidio.com/route/white-death-16/
37,SabatonAnother popular sector,,30Born,2,,https://climbinleonidio.com/route/born-2-be-precious-16/
37,SabatonAnother popular sector,31,Mandarinia,7a+,15,https://climbinleonidio.com/route/mandarinia-16/
37,SabatonAnother popular sector,32,Makari,7a,20,https://climbinleonidio.com/route/makari-32/
37,SabatonAnother popular sector,33,Skliris,6c+,20,https://climbinleonidio.com/route/skliris-16/
37,SabatonAnother popular sector,34,Giakoumis,6c+,15,https://climbinleonidio.com/route/giakoumis-16/
37,SabatonAnother popular sector,35,Welcome mossad,6c,15,https://climbinleonidio.com/route/welcome-mossad-16/
37,SabatonAnother popular sector,36,S.o.k.,6a+,15,https://climbinleonidio.com/route/s-o-k-16/
37,SabatonAnother popular sector,37,S.o.k. ext,6c+,20,https://climbinleonidio.com/route/s-o-k-ext-16/
37,SabatonAnother popular sector,38,Roro,7a+,20,https://climbinleonidio.com/route/roro-16/
37,SabatonAnother popular sector,39,Torellis toys,7b+,20,https://climbinleonidio.com/route/torellis-toys-16/
37,SabatonAnother popular sector,40,Final solution,7c,18,https://climbinleonidio.com/route/final-solution-16/
37,SabatonAnother popular sector,41,Fun and fuck,6c+,18,https://climbinleonidio.com/route/fun-and-fuck-16/
37,SabatonAnother popular sector,42,Uprising,7a+,18,https://climbinleonidio.com/route/uprising-16/
37,SabatonAnother popular sector,43,Murder one,7b+,18,https://climbinleonidio.com/route/murder-one-16/
37,SabatonAnother popular sector,44,Hell rider,7a+,18,https://climbinleonidio.com/route/hell-rider-16/
37,SabatonAnother popular sector,45,Coat of arms,6b+,18,https://climbinleonidio.com/route/coat-of-arms-16/
37,SabatonAnother popular sector,,62 927a+18m,4697,62,https://climbinleonidio.com/route/97-62-92-16/
37,SabatonAnother popular sector,47,Marilyn,7a+,18,https://climbinleonidio.com/route/marilyn-16/
37,SabatonAnother popular sector,48,Metal crüe,7a+,18,https://climbinleonidio.com/route/metal-crue-16/
37,SabatonAnother popular sector,49,Paksimadi,7a,15,https://climbinleonidio.com/route/paksimadi-16/
37,SabatonAnother popular sector,50,Is fokiano,6c,18,https://climbinleonidio.com/route/is-fokiano-16/
37,SabatonAnother popular sector,51,Bobo,6c+,18,https://climbinleonidio.com/route/bobo-16/
37,SabatonAnother popular sector,52,Spaga,6c,18,https://climbinleonidio.com/route/spaga-16/
37,SabatonAnother popular sector,53,Kamouli,6c,15,https://climbinleonidio.com/route/kamouli-32/
37,SabatonAnother popular sector,54,Tsanas,6c+,20,https://climbinleonidio.com/route/tsanas-16/
37,SabatonAnother popular sector,55,Pavlos,6a+,20,https://climbinleonidio.com/route/pavlos-16/
37,SabatonAnother popular sector,56,Skata,7a,18,https://climbinleonidio.com/route/skata-16/
37,SabatonAnother popular sector,57,Sweet dreams,6b+,18,https://climbinleonidio.com/route/sweet-dreams-16/
37,SabatonAnother popular sector,58,Ariadni,6b,18,https://climbinleonidio.com/route/ariadni-16/
37,SabatonAnother popular sector,59,Angel low,6c,18,https://climbinleonidio.com/route/angel-low-16/
37,SabatonAnother popular sector,60,Angel low ext,7a,22,https://climbinleonidio.com/route/angel-low-ext-16/
37,SabatonAnother popular sector,61,Freedom,6b,20,https://climbinleonidio.com/route/freedom-16/
37,SabatonAnother popular sector,62,Peace,6a,20,https://climbinleonidio.com/route/peace-16/
37,SabatonAnother popular sector,63,Biskota,6a,15,https://climbinleonidio.com/route/biskota-16/
37,SabatonAnother popular sector,64,Ronti,6a+,15,https://climbinleonidio.com/route/ronti-16/
37,SabatonAnother popular sector,65,Kilaso,6a,15,https://climbinleonidio.com/route/kilaso-16/
37,SabatonAnother popular sector,66,Sios,6b+,15,https://climbinleonidio.com/route/sios-16/
37,SabatonAnother popular sector,67,Ntom,6b+,15,https://climbinleonidio.com/route/ntom-16/
37,SabatonAnother popular sector,68,Kanaris,6b,22,https://climbinleonidio.com/route/kanaris-16/
37,SabatonAnother popular sector,69,Ochi,6b,22,https://climbinleonidio.com/route/ochi-16/
37,SabatonAnother popular sector,01,God save leonidio,6c,15,https://climbinleonidio.com/route/god-save-leonidio-16/
37,SabatonAnother popular sector,02,God save leonidio ext,7a+,20,https://climbinleonidio.com/route/god-save-leonidio-ext-16/
37,SabatonAnother popular sector,03,Heavy music,7a+,20,https://climbinleonidio.com/route/heavy-music-16/
37,SabatonAnother popular sector,04,And cakes by tonnes,7a,20,https://climbinleonidio.com/route/and-cakes-by-tonnes-16/
37,SabatonAnother popular sector,05,Angels calling,5c,15,https://climbinleonidio.com/route/angels-calling-16/
37,SabatonAnother popular sector,06,Malakamoumou,5c,15,https://climbinleonidio.com/route/malakamoumou-16/
37,SabatonAnother popular sector,07,Malakamoumou ext,6a+,25,https://climbinleonidio.com/route/malakamoumou-ext-16/
37,SabatonAnother popular sector,08,Aghios thomas,6b+,20,https://climbinleonidio.com/route/aghios-thomas-16/
37,SabatonAnother popular sector,09,Kubinos,6b+,20,https://climbinleonidio.com/route/kubinos-16/
37,SabatonAnother popular sector,10,Ta matia sou,6b+,15,https://climbinleonidio.com/route/ta-matia-sou-32/
37,SabatonAnother popular sector,11,Bad magic,6b+,15,https://climbinleonidio.com/route/bad-magic-16/
37,SabatonAnother popular sector,12,Kopros,5c+,15,https://climbinleonidio.com/route/kopros-16/
37,SabatonAnother popular sector,13,Stone monkey,7a,15,https://climbinleonidio.com/route/stone-monkey-16/
37,SabatonAnother popular sector,14,Masturbators in the elevator,7b,18,https://climbinleonidio.com/route/masturbators-in-the-elevator-16/
37,SabatonAnother popular sector,15,Diablesses rouges,7a,20,https://climbinleonidio.com/route/diablesses-rouges-16/
37,SabatonAnother popular sector,16,Portokalia,5b,15,https://climbinleonidio.com/route/portokalia-32/
37,SabatonAnother popular sector,17,Portokalia ext,6a,22,https://climbinleonidio.com/route/portokalia-ext-16/
37,SabatonAnother popular sector,18,Faklana,5c,15,https://climbinleonidio.com/route/faklana-16/
37,SabatonAnother popular sector,19,Faklana ext,6a,20,https://climbinleonidio.com/route/faklana-ext-16/
37,SabatonAnother popular sector,20,Ride the ridge,6b,20,https://climbinleonidio.com/route/ride-the-ridge-16/
37,SabatonAnother popular sector,21,Maminas,5c+,20,https://climbinleonidio.com/route/maminas-16/
37,SabatonAnother popular sector,22,Moving target,6a+,20,https://climbinleonidio.com/route/moving-target-16/
37,SabatonAnother popular sector,23,Best & worst,6b,20,https://climbinleonidio.com/route/best-worst-16/
37,SabatonAnother popular sector,24,Manowar,6a+,15,https://climbinleonidio.com/route/manowar-16/
37,SabatonAnother popular sector,01,Mocca,6a+,10,https://climbinleonidio.com/route/mocca-16/
37,SabatonAnother popular sector,02,Flippa,6b+,10,https://climbinleonidio.com/route/flippa-16/
37,SabatonAnother popular sector,03,Wellengang,6c,12,https://climbinleonidio.com/route/wellengang-16/
37,SabatonAnother popular sector,04,Blue little feet,7a,12,https://climbinleonidio.com/route/blue-little-feet-16/
37,SabatonAnother popular sector,05,Stay cool in the pool,6a,15,https://climbinleonidio.com/route/stay-cool-in-the-pool-16/
37,SabatonAnother popular sector,06,Free...,5c,15,https://climbinleonidio.com/route/free-16/
37,SabatonAnother popular sector,07,...catalonia,5c,12,https://climbinleonidio.com/route/catalonia-16/
37,SabatonAnother popular sector,081984,is now,6b,12,https://climbinleonidio.com/route/1984-is-now-16/
37,SabatonAnother popular sector,09,Diskolo,6a,12,https://climbinleonidio.com/route/diskolo-16/
37,SabatonAnother popular sector,10,Diskolo direct,7a,12,https://climbinleonidio.com/route/diskolo-direct-16/
37,SabatonAnother popular sector,11,Bloody mary,5c,8,https://climbinleonidio.com/route/bloody-mary-16/
37,SabatonAnother popular sector,12,Cuba libre,6c+,8,https://climbinleonidio.com/route/cuba-libre-16/
37,SabatonAnother popular sector,13,White russian,6c+,12,https://climbinleonidio.com/route/white-russian-16/
38,Saint,01,Kopsi tou stavrou,7c,50,https://climbinleonidio.com/route/kopsi-tou-stavrou-16/
38,Saint,02,Monks in the gym,7c,80,https://climbinleonidio.com/route/monks-in-the-gym-16/
38,Saint,03,Taraxippus,6a,20,https://climbinleonidio.com/route/taraxippus-16/
38,Saint,04,Taraxippus ext,6b+,50,https://climbinleonidio.com/route/taraxippus-ext-16/
38,Saint,05,Kifinas,6b,50,https://climbinleonidio.com/route/kifinas-16/
38,Saint,06,Je m’en fous,6c+,40,https://climbinleonidio.com/route/je-men-fous-16/
38,Saint,07,Sphingofoleas,7b,90,https://climbinleonidio.com/route/sphingofoleas-16/
38,Saint,08,Leptospirosis,7c,40,https://climbinleonidio.com/route/leptospirosis-16/
38,Saint,09,Archgoat,7a,35,https://climbinleonidio.com/route/archgoat-16/
38,Saint,10,Apo michanis theos,7a,35,https://climbinleonidio.com/route/apo-michanis-theos-16/
38,Saint,11,Kaour ekokiate,7b,35,https://climbinleonidio.com/route/kaour-ekokiate-32/
38,Saint,12,Krampus,7c,35,https://climbinleonidio.com/route/krampus-16/
38,Saint,13,Falling stones,8a,35,https://climbinleonidio.com/route/falling-stones-16/
38,Saint,01,Biskota/keks,6a,15,https://climbinleonidio.com/route/biskota-keks-16/
38,Saint,02,Hanni bunny,7b,25,https://climbinleonidio.com/route/hanni-bunny-16/
38,Saint,03,Tado,6b,25,https://climbinleonidio.com/route/tado-16/
38,Saint,04,Mono-ton,6c+,22,https://climbinleonidio.com/route/mono-ton-16/
38,Saint,05,Leonardo in Leonidio,7a,12,https://climbinleonidio.com/route/leonardo-in-leonidio-16/
38,Saint,06,Goats up,6c+,30,https://climbinleonidio.com/route/goats-up-16/
38,Saint,07,Windjammer,8a+,15,https://climbinleonidio.com/route/windjammer-16/
38,Saint,08,Wheelie,6c+,17,https://climbinleonidio.com/route/wheelie-16/
38,Saint,09,Broom,6a+,20,https://climbinleonidio.com/route/broom-16/
38,Saint,10,Broom right variation,6a,20,https://climbinleonidio.com/route/broom-right-variation-16/
38,Saint,11,Witch,5b,25,https://climbinleonidio.com/route/witch-32/
38,Saint,12,Witch ext,7a,40,https://climbinleonidio.com/route/witch-ext-16/
38,Saint,13,Kleines geschenk,5c,25,https://climbinleonidio.com/route/kleines-geschenk-16/
38,Saint,14,Grobes geschenk,7b,40,https://climbinleonidio.com/route/grobes-geschenk-16/
38,Saint,15,Fuga di sambatraz,7b+,40,https://climbinleonidio.com/route/fuga-di-sambatraz-16/
38,Saint,16,Itchy,6c+,38,https://climbinleonidio.com/route/itchy-16/
38,Saint,17,Cornerboy,6c+,38,https://climbinleonidio.com/route/cornerboy-16/
38,Saint,18,St Nikolaus,6b,22,https://climbinleonidio.com/route/st-nikolaus-16/
38,Saint,01,Banoffi,6a+,20,https://climbinleonidio.com/route/banoffi-16/
38,Saint,02,Slab me,7c,20,https://climbinleonidio.com/route/slab-me-16/
38,Saint,03,Two girls one jug?,1,5,https://climbinleonidio.com/route/two-girls-one-jug-16/
38,Saint,04,Es posible?,1,5,https://climbinleonidio.com/route/es-posible-16/
38,Saint,05,Dulce de leche,7c,15,https://climbinleonidio.com/route/dulce-de-leche-16/
38,Saint,06,Peanut butter cake,7a,15,https://climbinleonidio.com/route/peanut-butter-cake-16/
38,Saint,07,Mono-mental,7b,15,https://climbinleonidio.com/route/mono-mental-16/
38,Saint,08,Project?,1,5,https://climbinleonidio.com/route/project-96/
38,Saint,09,Relentless,7c+,17,https://climbinleonidio.com/route/relentless-16/
38,Saint,10100,% natural,7c+,17,https://climbinleonidio.com/route/100-natural-16/
38,Saint,11,Theos dionysos,7c,17,https://climbinleonidio.com/route/theos-dionysos-16/
38,Saint,12,Kadmos,8a,17,https://climbinleonidio.com/route/kadmos-16/
38,Saint,13,Grypas,7c+,20,https://climbinleonidio.com/route/grypas-16/
38,Saint,14,Kires,8b+,20,https://climbinleonidio.com/route/kires-16/
38,Saint,15,Buru-buru,7c+,17,https://climbinleonidio.com/route/buru-buru-16/
38,Saint,16,Talk doesn’t make the work,7b+,12,https://climbinleonidio.com/route/talk-doesnt-make-the-work-16/
38,Saint,01,The experiment of toricceli,7c,120,https://climbinleonidio.com/route/the-experiment-of-toricceli-16/
38,Saint,02,Madama butterfly,7c+,125,https://climbinleonidio.com/route/madama-butterfly-16/
38,Saint,,03Fuori di zucca7c+/8a135,,,https://climbinleonidio.com/route/fuori-di-zucca-16/
