crag_number,crag_name,route_number,route_name,grade,length_m,route_url
01,"NifadaAt 800m elevation, a colorful cave with hardcore sport climbing. Just before it is Frankenstein, a grey cliff with a few 5c-6b routes.",,Hase6c18m,,,https://climbinleonidio.com/route/hase-16/
01,"NifadaAt 800m elevation, a colorful cave with hardcore sport climbing. Just before it is Frankenstein, a grey cliff with a few 5c-6b routes.",,Igel7b+15m,,,https://climbinleonidio.com/route/igel-16/
01,"NifadaAt 800m elevation, a colorful cave with hardcore sport climbing. Just before it is Frankenstein, a grey cliff with a few 5c-6b routes.",,Sonic6c+15m,,,https://climbinleonidio.com/route/sonic-16/
01,"NifadaAt 800m elevation, a colorful cave with hardcore sport climbing. Just before it is Frankenstein, a grey cliff with a few 5c-6b routes.",,Der igel schlägt zurück7b+20m,,,https://climbinleonidio.com/route/der-igel-schlagt-zuruck-16/
01,"NifadaAt 800m elevation, a colorful cave with hardcore sport climbing. Just before it is Frankenstein, a grey cliff with a few 5c-6b routes.",,De puta madre8c30m,,,https://climbinleonidio.com/route/de-puta-madre-16/
01,"NifadaAt 800m elevation, a colorful cave with hardcore sport climbing. Just before it is Frankenstein, a grey cliff with a few 5c-6b routes.",,Stelli mantrisch6c+15m,,,https://climbinleonidio.com/route/stelli-mantrisch-16/
01,"NifadaAt 800m elevation, a colorful cave with hardcore sport climbing. Just before it is Frankenstein, a grey cliff with a few 5c-6b routes.",,Bat patting8c+50m,,,https://climbinleonidio.com/route/bat-patting-16/
01,"NifadaAt 800m elevation, a colorful cave with hardcore sport climbing. Just before it is Frankenstein, a grey cliff with a few 5c-6b routes.",,Prend ton trou8b+45m,,,https://climbinleonidio.com/route/prend-ton-trou-16/
01,"NifadaAt 800m elevation, a colorful cave with hardcore sport climbing. Just before it is Frankenstein, a grey cliff with a few 5c-6b routes.",,The glue8b30m,,,https://climbinleonidio.com/route/the-glue-16/
01,"NifadaAt 800m elevation, a colorful cave with hardcore sport climbing. Just before it is Frankenstein, a grey cliff with a few 5c-6b routes.",,Boys8a30m,,,https://climbinleonidio.com/route/boys-16/
01,"NifadaAt 800m elevation, a colorful cave with hardcore sport climbing. Just before it is Frankenstein, a grey cliff with a few 5c-6b routes.",,Girls8a+30m,,,https://climbinleonidio.com/route/girls-16/
01,"NifadaAt 800m elevation, a colorful cave with hardcore sport climbing. Just before it is Frankenstein, a grey cliff with a few 5c-6b routes.",,Baumkraxler7a+15m,,,https://climbinleonidio.com/route/baumkraxler-16/
01,"NifadaAt 800m elevation, a colorful cave with hardcore sport climbing. Just before it is Frankenstein, a grey cliff with a few 5c-6b routes.",,Baum des lebens8a+25m,,,https://climbinleonidio.com/route/baum-des-lebens-16/
01,"NifadaAt 800m elevation, a colorful cave with hardcore sport climbing. Just before it is Frankenstein, a grey cliff with a few 5c-6b routes.",,In memo martin6c+15m,,,https://climbinleonidio.com/route/in-memo-martin-16/
01,"NifadaAt 800m elevation, a colorful cave with hardcore sport climbing. Just before it is Frankenstein, a grey cliff with a few 5c-6b routes.",,Cac8a25m,,,https://climbinleonidio.com/route/cac-16/
01,"NifadaAt 800m elevation, a colorful cave with hardcore sport climbing. Just before it is Frankenstein, a grey cliff with a few 5c-6b routes.",,Wings for life8a+30m,,,https://climbinleonidio.com/route/wings-for-life-16/
01,"NifadaAt 800m elevation, a colorful cave with hardcore sport climbing. Just before it is Frankenstein, a grey cliff with a few 5c-6b routes.",,Angi orangi6c15m,,,https://climbinleonidio.com/route/angi-orangi-16/
01,"NifadaAt 800m elevation, a colorful cave with hardcore sport climbing. Just before it is Frankenstein, a grey cliff with a few 5c-6b routes.",,Angi orangi ext8a35m,,,https://climbinleonidio.com/route/angi-orangi-ext-16/
01,"NifadaAt 800m elevation, a colorful cave with hardcore sport climbing. Just before it is Frankenstein, a grey cliff with a few 5c-6b routes.",,Angi orangi direct8a35m,,,https://climbinleonidio.com/route/angi-orangi-direct-16/
01,"NifadaAt 800m elevation, a colorful cave with hardcore sport climbing. Just before it is Frankenstein, a grey cliff with a few 5c-6b routes.",,Brexit7c35m,,,https://climbinleonidio.com/route/brexit-16/
01,"NifadaAt 800m elevation, a colorful cave with hardcore sport climbing. Just before it is Frankenstein, a grey cliff with a few 5c-6b routes.",,Bauschkraft 8008a35m,,,https://climbinleonidio.com/route/bauschkraft-800-16/
01,"NifadaAt 800m elevation, a colorful cave with hardcore sport climbing. Just before it is Frankenstein, a grey cliff with a few 5c-6b routes.",,Bauschkraft,800,,https://climbinleonidio.com/route/bauschkraft-800-ext-16/
01,"NifadaAt 800m elevation, a colorful cave with hardcore sport climbing. Just before it is Frankenstein, a grey cliff with a few 5c-6b routes.",,Croits slits shrauben tsia6a+18m,,,https://climbinleonidio.com/route/croits-slits-shrauben-tsia-16/
01,"NifadaAt 800m elevation, a colorful cave with hardcore sport climbing. Just before it is Frankenstein, a grey cliff with a few 5c-6b routes.",,Honich kouchen feat7a15m,,,https://climbinleonidio.com/route/honich-kouchen-feat-16/
01,"NifadaAt 800m elevation, a colorful cave with hardcore sport climbing. Just before it is Frankenstein, a grey cliff with a few 5c-6b routes.",,Fronapropen6b10m,,,https://climbinleonidio.com/route/fronapropen-16/
01,"NifadaAt 800m elevation, a colorful cave with hardcore sport climbing. Just before it is Frankenstein, a grey cliff with a few 5c-6b routes.",,Donkey kong junior8a25m,,,https://climbinleonidio.com/route/donkey-kong-junior-16/
01,"NifadaAt 800m elevation, a colorful cave with hardcore sport climbing. Just before it is Frankenstein, a grey cliff with a few 5c-6b routes.",,Donkey kong8b30m,,,https://climbinleonidio.com/route/donkey-kong-16/
01,"NifadaAt 800m elevation, a colorful cave with hardcore sport climbing. Just before it is Frankenstein, a grey cliff with a few 5c-6b routes.",,Guigui the kid8c25m,,,https://climbinleonidio.com/route/guigui-the-kid-16/
01,"NifadaAt 800m elevation, a colorful cave with hardcore sport climbing. Just before it is Frankenstein, a grey cliff with a few 5c-6b routes.",,Rainbow warrior8c25m,,,https://climbinleonidio.com/route/rainbow-warrior-16/
01,"NifadaAt 800m elevation, a colorful cave with hardcore sport climbing. Just before it is Frankenstein, a grey cliff with a few 5c-6b routes.",,Nid de fadas9a+?25m,,,https://climbinleonidio.com/route/nid-de-fadas-16/
01,"NifadaAt 800m elevation, a colorful cave with hardcore sport climbing. Just before it is Frankenstein, a grey cliff with a few 5c-6b routes.",,K3 climbing7c15m,,,https://climbinleonidio.com/route/k3-climbing-16/
01,"NifadaAt 800m elevation, a colorful cave with hardcore sport climbing. Just before it is Frankenstein, a grey cliff with a few 5c-6b routes.",,K3 climbing ext8b+25m,,,https://climbinleonidio.com/route/k3-climbing-ext-16/
01,"NifadaAt 800m elevation, a colorful cave with hardcore sport climbing. Just before it is Frankenstein, a grey cliff with a few 5c-6b routes.",,First class7c+15m,,,https://climbinleonidio.com/route/first-class-16/
01,"NifadaAt 800m elevation, a colorful cave with hardcore sport climbing. Just before it is Frankenstein, a grey cliff with a few 5c-6b routes.",,Bergsteigerkante7c+10m,,,https://climbinleonidio.com/route/bergsteigerkante-16/
01,"NifadaAt 800m elevation, a colorful cave with hardcore sport climbing. Just before it is Frankenstein, a grey cliff with a few 5c-6b routes.",,Bergsteigerkante ext8b+20m,,,https://climbinleonidio.com/route/bergsteigerkante-ext-16/
01,"NifadaAt 800m elevation, a colorful cave with hardcore sport climbing. Just before it is Frankenstein, a grey cliff with a few 5c-6b routes.",,Lai lai7a25m,,,https://climbinleonidio.com/route/lai-lai-16/
01,"NifadaAt 800m elevation, a colorful cave with hardcore sport climbing. Just before it is Frankenstein, a grey cliff with a few 5c-6b routes.",,Manyong7a20m,,,https://climbinleonidio.com/route/manyong-16/
01,"NifadaAt 800m elevation, a colorful cave with hardcore sport climbing. Just before it is Frankenstein, a grey cliff with a few 5c-6b routes.",,Stalker7a20m,,,https://climbinleonidio.com/route/stalker-16/
01,"NifadaAt 800m elevation, a colorful cave with hardcore sport climbing. Just before it is Frankenstein, a grey cliff with a few 5c-6b routes.",,Bernie musculus7c+15m,,,https://climbinleonidio.com/route/bernie-musculus-16/
01,"NifadaAt 800m elevation, a colorful cave with hardcore sport climbing. Just before it is Frankenstein, a grey cliff with a few 5c-6b routes.",,No name 407b+?15m,,,https://climbinleonidio.com/route/no-name-40-16/
01,"NifadaAt 800m elevation, a colorful cave with hardcore sport climbing. Just before it is Frankenstein, a grey cliff with a few 5c-6b routes.",,Dr oktagon left variation7a+15m,,,https://climbinleonidio.com/route/dr-oktagon-left-variation-16/
01,"NifadaAt 800m elevation, a colorful cave with hardcore sport climbing. Just before it is Frankenstein, a grey cliff with a few 5c-6b routes.",,Dr oktagon8a+15m,,,https://climbinleonidio.com/route/dr-oktagon-16/
01,"NifadaAt 800m elevation, a colorful cave with hardcore sport climbing. Just before it is Frankenstein, a grey cliff with a few 5c-6b routes.",,No name 437b15m,,,https://climbinleonidio.com/route/no-name-43-16/
01,"NifadaAt 800m elevation, a colorful cave with hardcore sport climbing. Just before it is Frankenstein, a grey cliff with a few 5c-6b routes.",,No name 447a+15m,,,https://climbinleonidio.com/route/no-name-44-31/
01,"NifadaAt 800m elevation, a colorful cave with hardcore sport climbing. Just before it is Frankenstein, a grey cliff with a few 5c-6b routes.",,Caveman7a15m,,,https://climbinleonidio.com/route/caveman-16/
01,"NifadaAt 800m elevation, a colorful cave with hardcore sport climbing. Just before it is Frankenstein, a grey cliff with a few 5c-6b routes.",,Stone age graffiti7b15m,,,https://climbinleonidio.com/route/stone-age-graffiti-16/
01,"NifadaAt 800m elevation, a colorful cave with hardcore sport climbing. Just before it is Frankenstein, a grey cliff with a few 5c-6b routes.",,Erdogan is a terrorist?15m,,,https://climbinleonidio.com/route/erdogan-is-a-terrorist-16/
01,"NifadaAt 800m elevation, a colorful cave with hardcore sport climbing. Just before it is Frankenstein, a grey cliff with a few 5c-6b routes.",,Project?22m,,,https://climbinleonidio.com/route/project-91/
01,"NifadaAt 800m elevation, a colorful cave with hardcore sport climbing. Just before it is Frankenstein, a grey cliff with a few 5c-6b routes.",,Action indirect?22m,,,https://climbinleonidio.com/route/action-indirect-16/
01,"NifadaAt 800m elevation, a colorful cave with hardcore sport climbing. Just before it is Frankenstein, a grey cliff with a few 5c-6b routes.",,Fingerbillard7b22m,,,https://climbinleonidio.com/route/fingerbillard-16/
01,"NifadaAt 800m elevation, a colorful cave with hardcore sport climbing. Just before it is Frankenstein, a grey cliff with a few 5c-6b routes.",,The bee7c22m,,,https://climbinleonidio.com/route/the-bee-16/
01,"NifadaAt 800m elevation, a colorful cave with hardcore sport climbing. Just before it is Frankenstein, a grey cliff with a few 5c-6b routes.",,"Girl, you’ll be a woman soon7a+22m",,,https://climbinleonidio.com/route/girl-youll-be-a-woman-soon-16/
01,"NifadaAt 800m elevation, a colorful cave with hardcore sport climbing. Just before it is Frankenstein, a grey cliff with a few 5c-6b routes.",,Le big mac7b+22m,,,https://climbinleonidio.com/route/le-big-mac-16/
01,"NifadaAt 800m elevation, a colorful cave with hardcore sport climbing. Just before it is Frankenstein, a grey cliff with a few 5c-6b routes.",,Chrisul5b30m,,,https://climbinleonidio.com/route/chrisul-16/
01,"NifadaAt 800m elevation, a colorful cave with hardcore sport climbing. Just before it is Frankenstein, a grey cliff with a few 5c-6b routes.",,Nihao5c35m,,,https://climbinleonidio.com/route/nihao-16/
01,"NifadaAt 800m elevation, a colorful cave with hardcore sport climbing. Just before it is Frankenstein, a grey cliff with a few 5c-6b routes.",,Chilema6a+35m,,,https://climbinleonidio.com/route/chilema-16/
01,"NifadaAt 800m elevation, a colorful cave with hardcore sport climbing. Just before it is Frankenstein, a grey cliff with a few 5c-6b routes.",,Manzou6b20m,,,https://climbinleonidio.com/route/manzou-16/
01,"NifadaAt 800m elevation, a colorful cave with hardcore sport climbing. Just before it is Frankenstein, a grey cliff with a few 5c-6b routes.",,Haesghum6b30m,,,https://climbinleonidio.com/route/haesghum-16/
01,"NifadaAt 800m elevation, a colorful cave with hardcore sport climbing. Just before it is Frankenstein, a grey cliff with a few 5c-6b routes.",,Zaijian6b35m,,,https://climbinleonidio.com/route/zaijian-16/
01,"NifadaAt 800m elevation, a colorful cave with hardcore sport climbing. Just before it is Frankenstein, a grey cliff with a few 5c-6b routes.",,Juar6a20m,,,https://climbinleonidio.com/route/juar-16/
01,"NifadaAt 800m elevation, a colorful cave with hardcore sport climbing. Just before it is Frankenstein, a grey cliff with a few 5c-6b routes.",,Gudsi6b20m,,,https://climbinleonidio.com/route/gudsi-16/
01,"NifadaAt 800m elevation, a colorful cave with hardcore sport climbing. Just before it is Frankenstein, a grey cliff with a few 5c-6b routes.",,Gudsi ext6b35m,,,https://climbinleonidio.com/route/gudsi-ext-16/
02,"PanoramaAt 700m elevation, a shady and cool crag with technical, vertical climbing. Bolting, though, is not climber-friendly.",,Hoch dit been7a+34m,,,https://climbinleonidio.com/route/hoch-dit-been-16/
02,"PanoramaAt 700m elevation, a shady and cool crag with technical, vertical climbing. Bolting, though, is not climber-friendly.",,Viele wege führen nach room6c+25m,,,https://climbinleonidio.com/route/viele-wege-fuhren-nach-room-16/
02,"PanoramaAt 700m elevation, a shady and cool crag with technical, vertical climbing. Bolting, though, is not climber-friendly.",,No pasaran!7c25m,,,https://climbinleonidio.com/route/no-pasaran-16/
02,"PanoramaAt 700m elevation, a shady and cool crag with technical, vertical climbing. Bolting, though, is not climber-friendly.",,No pasaran! Ext8a?32m,,,https://climbinleonidio.com/route/no-pasaran-ext-16/
02,"PanoramaAt 700m elevation, a shady and cool crag with technical, vertical climbing. Bolting, though, is not climber-friendly.",,Concave7b30m,,,https://climbinleonidio.com/route/concave-16/
02,"PanoramaAt 700m elevation, a shady and cool crag with technical, vertical climbing. Bolting, though, is not climber-friendly.",,Convex7c+30m,,,https://climbinleonidio.com/route/convex-16/
02,"PanoramaAt 700m elevation, a shady and cool crag with technical, vertical climbing. Bolting, though, is not climber-friendly.",,Mono dedos7c30m,,,https://climbinleonidio.com/route/mono-dedos-16/
02,"PanoramaAt 700m elevation, a shady and cool crag with technical, vertical climbing. Bolting, though, is not climber-friendly.",,Stairway to heaven6c15m,,,https://climbinleonidio.com/route/stairway-to-heaven-16/
02,"PanoramaAt 700m elevation, a shady and cool crag with technical, vertical climbing. Bolting, though, is not climber-friendly.",,Fakir7c15m,,,https://climbinleonidio.com/route/fakir-16/
02,"PanoramaAt 700m elevation, a shady and cool crag with technical, vertical climbing. Bolting, though, is not climber-friendly.",,Fakir ext8b?32m,,,https://climbinleonidio.com/route/fakir-ext-16/
02,"PanoramaAt 700m elevation, a shady and cool crag with technical, vertical climbing. Bolting, though, is not climber-friendly.",,Dutch cupcake7c28m,,,https://climbinleonidio.com/route/dutch-cupcake-16/
02,"PanoramaAt 700m elevation, a shady and cool crag with technical, vertical climbing. Bolting, though, is not climber-friendly.",,Gran cereal7c+28m,,,https://climbinleonidio.com/route/gran-cereal-16/
02,"PanoramaAt 700m elevation, a shady and cool crag with technical, vertical climbing. Bolting, though, is not climber-friendly.",,From berlin to bombay7a+15m,,,https://climbinleonidio.com/route/from-berlin-to-bombay-16/
02,"PanoramaAt 700m elevation, a shady and cool crag with technical, vertical climbing. Bolting, though, is not climber-friendly.",,Blue whale’s dick8a28m,,,https://climbinleonidio.com/route/blue-whales-dick-16/
02,"PanoramaAt 700m elevation, a shady and cool crag with technical, vertical climbing. Bolting, though, is not climber-friendly.",,Gecko slalom7c15m,,,https://climbinleonidio.com/route/gecko-slalom-16/
02,"PanoramaAt 700m elevation, a shady and cool crag with technical, vertical climbing. Bolting, though, is not climber-friendly.",,Gecko slalom ext8a25m,,,https://climbinleonidio.com/route/gecko-slalom-ext-16/
02,"PanoramaAt 700m elevation, a shady and cool crag with technical, vertical climbing. Bolting, though, is not climber-friendly.",,Blue tufas7b23m,,,https://climbinleonidio.com/route/blue-tufas-16/
02,"PanoramaAt 700m elevation, a shady and cool crag with technical, vertical climbing. Bolting, though, is not climber-friendly.",,Adartes7b24m,,,https://climbinleonidio.com/route/adartes-16/
02,"PanoramaAt 700m elevation, a shady and cool crag with technical, vertical climbing. Bolting, though, is not climber-friendly.",,Noah6c24m,,,https://climbinleonidio.com/route/noah-16/
02,"PanoramaAt 700m elevation, a shady and cool crag with technical, vertical climbing. Bolting, though, is not climber-friendly.",,Dinaki6c20m,,,https://climbinleonidio.com/route/dinaki-16/
02,"PanoramaAt 700m elevation, a shady and cool crag with technical, vertical climbing. Bolting, though, is not climber-friendly.",,Lou6b20m,,,https://climbinleonidio.com/route/lou-16/
03,ElonaA world-class tufa crag in the mountains for hardcore sport climbing.,,Copper pipe7c30m,,,https://climbinleonidio.com/route/copper-pipe-16/
03,ElonaA world-class tufa crag in the mountains for hardcore sport climbing.,,Diet dope7b25m,,,https://climbinleonidio.com/route/diet-dope-16/
03,ElonaA world-class tufa crag in the mountains for hardcore sport climbing.,,The battle of succession7c25m,,,https://climbinleonidio.com/route/the-battle-of-succession-16/
03,ElonaA world-class tufa crag in the mountains for hardcore sport climbing.,,The battle of succession ext8a45m,,,https://climbinleonidio.com/route/the-battle-of-succession-ext-16/
03,ElonaA world-class tufa crag in the mountains for hardcore sport climbing.,,David direct8c?30m,,,https://climbinleonidio.com/route/david-direct-16/
03,ElonaA world-class tufa crag in the mountains for hardcore sport climbing.,,David8a30m,,,https://climbinleonidio.com/route/david-16/
03,ElonaA world-class tufa crag in the mountains for hardcore sport climbing.,,David ext 18a+40m,,,https://climbinleonidio.com/route/david-ext-1-16/
03,ElonaA world-class tufa crag in the mountains for hardcore sport climbing.,,David ext 28b+?60m,,,https://climbinleonidio.com/route/david-ext-2-16/
03,ElonaA world-class tufa crag in the mountains for hardcore sport climbing.,,Goliath 1st part7c35m,,,https://climbinleonidio.com/route/goliath-1st-part-16/
03,ElonaA world-class tufa crag in the mountains for hardcore sport climbing.,,Goliath8b60m,,,https://climbinleonidio.com/route/goliath-16/
03,ElonaA world-class tufa crag in the mountains for hardcore sport climbing.,,Natural mystic8c35m,,,https://climbinleonidio.com/route/natural-mystic-16/
03,ElonaA world-class tufa crag in the mountains for hardcore sport climbing.,1210,,1210,,https://climbinleonidio.com/route/10-hispanos-16/
03,ElonaA world-class tufa crag in the mountains for hardcore sport climbing.,1310,,1310,,https://climbinleonidio.com/route/10-hispanos-ext-16/
03,ElonaA world-class tufa crag in the mountains for hardcore sport climbing.,,Eisvoleas7c20m,,,https://climbinleonidio.com/route/eisvoleas-16/
03,ElonaA world-class tufa crag in the mountains for hardcore sport climbing.,,Venganza del silencio8a20m,,,https://climbinleonidio.com/route/venganza-del-silencio-16/
03,ElonaA world-class tufa crag in the mountains for hardcore sport climbing.,,On the edge8a20m,,,https://climbinleonidio.com/route/on-the-edge-16/
03,ElonaA world-class tufa crag in the mountains for hardcore sport climbing.,,Pope star7c35m,,,https://climbinleonidio.com/route/pope-star-16/
03,ElonaA world-class tufa crag in the mountains for hardcore sport climbing.,,Mavra dakrya7b25m,,,https://climbinleonidio.com/route/mavra-dakrya-16/
03,ElonaA world-class tufa crag in the mountains for hardcore sport climbing.,,Du opfa8a25m,,,https://climbinleonidio.com/route/du-opfa-16/
03,ElonaA world-class tufa crag in the mountains for hardcore sport climbing.,,Du opfa ext8c+?40m,,,https://climbinleonidio.com/route/du-opfa-ext-16/
03,ElonaA world-class tufa crag in the mountains for hardcore sport climbing.,,Skouliki7b+20m,,,https://climbinleonidio.com/route/skouliki-16/
03,ElonaA world-class tufa crag in the mountains for hardcore sport climbing.,,Kneebaropoulos7a+25m,,,https://climbinleonidio.com/route/kneebaropoulos-16/
03,ElonaA world-class tufa crag in the mountains for hardcore sport climbing.,,Kneebaropoulos ext8c+?50m,,,https://climbinleonidio.com/route/kneebaropoulos-ext-16/
03,ElonaA world-class tufa crag in the mountains for hardcore sport climbing.,,Free fall7c+30m,,,https://climbinleonidio.com/route/free-fall-16/
03,ElonaA world-class tufa crag in the mountains for hardcore sport climbing.,,Free fall ext8b+40m,,,https://climbinleonidio.com/route/free-fall-ext-16/
03,ElonaA world-class tufa crag in the mountains for hardcore sport climbing.,,Kopakabana7c+30m,,,https://climbinleonidio.com/route/kopakabana-16/
03,ElonaA world-class tufa crag in the mountains for hardcore sport climbing.,,Kopakabana ext8b37m,,,https://climbinleonidio.com/route/kopakabana-ext-16/
03,ElonaA world-class tufa crag in the mountains for hardcore sport climbing.,,Jolly jump8a+30m,,,https://climbinleonidio.com/route/jolly-jump-16/
03,ElonaA world-class tufa crag in the mountains for hardcore sport climbing.,,Jolly jump ext9a?40m,,,https://climbinleonidio.com/route/jolly-jump-ext-16/
03,ElonaA world-class tufa crag in the mountains for hardcore sport climbing.,,Die heilige dreifaltigkeit7b20m,,,https://climbinleonidio.com/route/die-heilige-dreifaltigkeit-16/
03,ElonaA world-class tufa crag in the mountains for hardcore sport climbing.,,Paranihida7a+20m,,,https://climbinleonidio.com/route/paranihida-16/
03,ElonaA world-class tufa crag in the mountains for hardcore sport climbing.,,Paranihida ext 18a28m,,,https://climbinleonidio.com/route/paranihida-ext-1-16/
03,ElonaA world-class tufa crag in the mountains for hardcore sport climbing.,,Paranihida ext 28b+40m,,,https://climbinleonidio.com/route/paranihida-ext-2-16/
03,ElonaA world-class tufa crag in the mountains for hardcore sport climbing.,,Ernie7b+22m,,,https://climbinleonidio.com/route/ernie-16/
03,ElonaA world-class tufa crag in the mountains for hardcore sport climbing.,,Bert7c22m,,,https://climbinleonidio.com/route/bert-16/
03,ElonaA world-class tufa crag in the mountains for hardcore sport climbing.,,Insane in the membrane7b20m,,,https://climbinleonidio.com/route/insane-in-the-membrane-16/
03,ElonaA world-class tufa crag in the mountains for hardcore sport climbing.,,Insane hanuman8b30m,,,https://climbinleonidio.com/route/insane-hanuman-16/
03,ElonaA world-class tufa crag in the mountains for hardcore sport climbing.,,Hanuman7c20m,,,https://climbinleonidio.com/route/hanuman-16/
03,ElonaA world-class tufa crag in the mountains for hardcore sport climbing.,,Hanuman ext8c30m,,,https://climbinleonidio.com/route/hanuman-ext-16/
03,ElonaA world-class tufa crag in the mountains for hardcore sport climbing.,,At tension7a+20m,,,https://climbinleonidio.com/route/at-tension-16/
03,ElonaA world-class tufa crag in the mountains for hardcore sport climbing.,,At tension ext8b+?25m,,,https://climbinleonidio.com/route/at-tension-ext-16/
03,ElonaA world-class tufa crag in the mountains for hardcore sport climbing.,,Scorpion venom8b+?25m,,,https://climbinleonidio.com/route/scorpion-venom-16/
03,ElonaA world-class tufa crag in the mountains for hardcore sport climbing.,,Project???m,,,https://climbinleonidio.com/route/project-92/
03,ElonaA world-class tufa crag in the mountains for hardcore sport climbing.,,Hima sto kyma8b35m,,,https://climbinleonidio.com/route/hima-sto-kyma-16/
03,ElonaA world-class tufa crag in the mountains for hardcore sport climbing.,,Mr miyagi7c+12m,,,https://climbinleonidio.com/route/mr-miyagi-16/
03,ElonaA world-class tufa crag in the mountains for hardcore sport climbing.,,Daniel san7c12m,,,https://climbinleonidio.com/route/daniel-san-16/
03,ElonaA world-class tufa crag in the mountains for hardcore sport climbing.,,Lolly pope7b25m,,,https://climbinleonidio.com/route/lolly-pope-16/
03,ElonaA world-class tufa crag in the mountains for hardcore sport climbing.,,Winter is coming6c15m,,,https://climbinleonidio.com/route/winter-is-coming-16/
03,ElonaA world-class tufa crag in the mountains for hardcore sport climbing.,,Techno berlin6c20m,,,https://climbinleonidio.com/route/techno-berlin-16/
03,ElonaA world-class tufa crag in the mountains for hardcore sport climbing.,,Drigi drigi mana mou7b+22m,,,https://climbinleonidio.com/route/drigi-drigi-mana-mou-16/
03,ElonaA world-class tufa crag in the mountains for hardcore sport climbing.,,Cobra8a25m,,,https://climbinleonidio.com/route/cobra-16/
03,ElonaA world-class tufa crag in the mountains for hardcore sport climbing.,,El ojo de nazar7c20m,,,https://climbinleonidio.com/route/el-ojo-de-nazar-16/
03,ElonaA world-class tufa crag in the mountains for hardcore sport climbing.,,Lolek8a20m,,,https://climbinleonidio.com/route/lolek-16/
03,ElonaA world-class tufa crag in the mountains for hardcore sport climbing.,,Bolek8a20m,,,https://climbinleonidio.com/route/bolek-16/
03,ElonaA world-class tufa crag in the mountains for hardcore sport climbing.,,Jazz against the machine7c+20m,,,https://climbinleonidio.com/route/jazz-against-the-machine-16/
03,ElonaA world-class tufa crag in the mountains for hardcore sport climbing.,,Silvester alone7c22m,,,https://climbinleonidio.com/route/silvester-alone-16/
03,ElonaA world-class tufa crag in the mountains for hardcore sport climbing.,,So ill7a+22m,,,https://climbinleonidio.com/route/so-ill-16/
03,ElonaA world-class tufa crag in the mountains for hardcore sport climbing.,,Hopfigkeiten am wirsthaus...7a22m,,,https://climbinleonidio.com/route/hopfigkeiten-am-wirsthaus-16/
03,ElonaA world-class tufa crag in the mountains for hardcore sport climbing.,,White rabbit6b15m,,,https://climbinleonidio.com/route/white-rabbit-16/
03,ElonaA world-class tufa crag in the mountains for hardcore sport climbing.,,Cornflakes + tahini7a22m,,,https://climbinleonidio.com/route/cornflakes-tahini-16/
03,ElonaA world-class tufa crag in the mountains for hardcore sport climbing.,,Ice cream7b22m,,,https://climbinleonidio.com/route/ice-cream-16/
03,ElonaA world-class tufa crag in the mountains for hardcore sport climbing.,,I scream7c22m,,,https://climbinleonidio.com/route/i-scream-16/
03,ElonaA world-class tufa crag in the mountains for hardcore sport climbing.,,Bibo6a+22m,,,https://climbinleonidio.com/route/bibo-16/
03,ElonaA world-class tufa crag in the mountains for hardcore sport climbing.,,Last chance for a slow dance6b+22m,,,https://climbinleonidio.com/route/last-chance-for-a-slow-dance-16/
03,ElonaA world-class tufa crag in the mountains for hardcore sport climbing.,,Gypsy climb7c+20m,,,https://climbinleonidio.com/route/gypsy-climb-16/
03,ElonaA world-class tufa crag in the mountains for hardcore sport climbing.,,Troubadix6c+15m,,,https://climbinleonidio.com/route/troubadix-16/
03,ElonaA world-class tufa crag in the mountains for hardcore sport climbing.,,Majestix6b+12m,,,https://climbinleonidio.com/route/majestix-16/
03,ElonaA world-class tufa crag in the mountains for hardcore sport climbing.,,Miraculix6c12m,,,https://climbinleonidio.com/route/miraculix-16/
03,ElonaA world-class tufa crag in the mountains for hardcore sport climbing.,,Verleinix6b12m,,,https://climbinleonidio.com/route/verleinix-16/
03,ElonaA world-class tufa crag in the mountains for hardcore sport climbing.,,Muscule shirt5c12m,,,https://climbinleonidio.com/route/muscule-shirt-16/
03,ElonaA world-class tufa crag in the mountains for hardcore sport climbing.,,Idefix5a10m,,,https://climbinleonidio.com/route/idefix-16/
04,"NeanderthalA new hard crag in the mountains at 750m. Short, tough cave routes, or longer climbs on tufas and compact walls.",,A l’aurée du doigt8b10m,,,https://climbinleonidio.com/route/a-lauree-du-doigt-16/
04,"NeanderthalA new hard crag in the mountains at 750m. Short, tough cave routes, or longer climbs on tufas and compact walls.",,Mechanical doping8a+10m,,,https://climbinleonidio.com/route/mechanical-doping-16/
04,"NeanderthalA new hard crag in the mountains at 750m. Short, tough cave routes, or longer climbs on tufas and compact walls.",,La crème des imbéciles8b+10m,,,https://climbinleonidio.com/route/la-creme-des-imbeciles-16/
04,"NeanderthalA new hard crag in the mountains at 750m. Short, tough cave routes, or longer climbs on tufas and compact walls.",,Magic mushroom8a+10m,,,https://climbinleonidio.com/route/magic-mushroom-16/
04,"NeanderthalA new hard crag in the mountains at 750m. Short, tough cave routes, or longer climbs on tufas and compact walls.",,Ou c’est tu?7b18m,,,https://climbinleonidio.com/route/ou-cest-tu-16/
04,"NeanderthalA new hard crag in the mountains at 750m. Short, tough cave routes, or longer climbs on tufas and compact walls.",,The arête7a15m,,,https://climbinleonidio.com/route/the-arete-16/
04,"NeanderthalA new hard crag in the mountains at 750m. Short, tough cave routes, or longer climbs on tufas and compact walls.",,El diedro6c+15m,,,https://climbinleonidio.com/route/el-diedro-16/
04,"NeanderthalA new hard crag in the mountains at 750m. Short, tough cave routes, or longer climbs on tufas and compact walls.",,The boulder7a15m,,,https://climbinleonidio.com/route/the-boulder-16/
04,"NeanderthalA new hard crag in the mountains at 750m. Short, tough cave routes, or longer climbs on tufas and compact walls.",,No name 97?15m,,,https://climbinleonidio.com/route/no-name-9-31/
04,"NeanderthalA new hard crag in the mountains at 750m. Short, tough cave routes, or longer climbs on tufas and compact walls.",,No name 107?15m,,,https://climbinleonidio.com/route/no-name-10-16/
04,"NeanderthalA new hard crag in the mountains at 750m. Short, tough cave routes, or longer climbs on tufas and compact walls.",,Frog attack7b+18m,,,https://climbinleonidio.com/route/frog-attack-16/
04,"NeanderthalA new hard crag in the mountains at 750m. Short, tough cave routes, or longer climbs on tufas and compact walls.",,Steep slab8a18m,,,https://climbinleonidio.com/route/steep-slab-16/
04,"NeanderthalA new hard crag in the mountains at 750m. Short, tough cave routes, or longer climbs on tufas and compact walls.",,Neanderthal8b18m,,,https://climbinleonidio.com/route/neanderthal-16/
04,"NeanderthalA new hard crag in the mountains at 750m. Short, tough cave routes, or longer climbs on tufas and compact walls.",,Popetta8a18m,,,https://climbinleonidio.com/route/popetta-16/
04,"NeanderthalA new hard crag in the mountains at 750m. Short, tough cave routes, or longer climbs on tufas and compact walls.",,Yogurt7b20m,,,https://climbinleonidio.com/route/yogurt-16/
04,"NeanderthalA new hard crag in the mountains at 750m. Short, tough cave routes, or longer climbs on tufas and compact walls.",,Tobol7a20m,,,https://climbinleonidio.com/route/tobol-16/
04,"NeanderthalA new hard crag in the mountains at 750m. Short, tough cave routes, or longer climbs on tufas and compact walls.",,El paso6c+17m,,,https://climbinleonidio.com/route/el-paso-16/
04,"NeanderthalA new hard crag in the mountains at 750m. Short, tough cave routes, or longer climbs on tufas and compact walls.",,Eliza8c15m,,,https://climbinleonidio.com/route/eliza-16/
04,"NeanderthalA new hard crag in the mountains at 750m. Short, tough cave routes, or longer climbs on tufas and compact walls.",,Protect life8a15m,,,https://climbinleonidio.com/route/protect-life-16/
04,"NeanderthalA new hard crag in the mountains at 750m. Short, tough cave routes, or longer climbs on tufas and compact walls.",,Papatopolis6c+22m,,,https://climbinleonidio.com/route/papatopolis-16/
04,"NeanderthalA new hard crag in the mountains at 750m. Short, tough cave routes, or longer climbs on tufas and compact walls.",,Prise de tètine6c22m,,,https://climbinleonidio.com/route/prise-de-tetine-16/
05,"La Maison des ChèvresA cave with crimpy grey or steep hard routes. On left, sub-sectors Le Château Polonais, Le Jardin Publique offer technical climbing.",,Exkalibur5c20m,,,https://climbinleonidio.com/route/exkalibur-16/
05,"La Maison des ChèvresA cave with crimpy grey or steep hard routes. On left, sub-sectors Le Château Polonais, Le Jardin Publique offer technical climbing.",,Tuk-tuk5c20m,,,https://climbinleonidio.com/route/tuk-tuk-16/
05,"La Maison des ChèvresA cave with crimpy grey or steep hard routes. On left, sub-sectors Le Château Polonais, Le Jardin Publique offer technical climbing.",,Tanzmarie6c+25m,,,https://climbinleonidio.com/route/tanzmarie-16/
05,"La Maison des ChèvresA cave with crimpy grey or steep hard routes. On left, sub-sectors Le Château Polonais, Le Jardin Publique offer technical climbing.",,Finding mono7a25m,,,https://climbinleonidio.com/route/finding-mono-16/
05,"La Maison des ChèvresA cave with crimpy grey or steep hard routes. On left, sub-sectors Le Château Polonais, Le Jardin Publique offer technical climbing.",,The kid7c20m,,,https://climbinleonidio.com/route/the-kid-16/
05,"La Maison des ChèvresA cave with crimpy grey or steep hard routes. On left, sub-sectors Le Château Polonais, Le Jardin Publique offer technical climbing.",,Mr nice7c+20m,,,https://climbinleonidio.com/route/mr-nice-16/
05,"La Maison des ChèvresA cave with crimpy grey or steep hard routes. On left, sub-sectors Le Château Polonais, Le Jardin Publique offer technical climbing.",,Nemesis7b+20m,,,https://climbinleonidio.com/route/nemesis-16/
05,"La Maison des ChèvresA cave with crimpy grey or steep hard routes. On left, sub-sectors Le Château Polonais, Le Jardin Publique offer technical climbing.",,Three billy goats gruff8a+18m,,,https://climbinleonidio.com/route/three-billy-goats-gruff-16/
05,"La Maison des ChèvresA cave with crimpy grey or steep hard routes. On left, sub-sectors Le Château Polonais, Le Jardin Publique offer technical climbing.",,La chèvre de mr seguin8a22m,,,https://climbinleonidio.com/route/la-chevre-de-mr-seguin-16/
05,"La Maison des ChèvresA cave with crimpy grey or steep hard routes. On left, sub-sectors Le Château Polonais, Le Jardin Publique offer technical climbing.",,Pan7c18m,,,https://climbinleonidio.com/route/pan-16/
05,"La Maison des ChèvresA cave with crimpy grey or steep hard routes. On left, sub-sectors Le Château Polonais, Le Jardin Publique offer technical climbing.",,Amalthée7b20m,,,https://climbinleonidio.com/route/amalthee-16/
05,"La Maison des ChèvresA cave with crimpy grey or steep hard routes. On left, sub-sectors Le Château Polonais, Le Jardin Publique offer technical climbing.",,Po po7c+20m,,,https://climbinleonidio.com/route/po-po-16/
05,"La Maison des ChèvresA cave with crimpy grey or steep hard routes. On left, sub-sectors Le Château Polonais, Le Jardin Publique offer technical climbing.",,Capricorn8c+18m,,,https://climbinleonidio.com/route/capricorn-16/
05,"La Maison des ChèvresA cave with crimpy grey or steep hard routes. On left, sub-sectors Le Château Polonais, Le Jardin Publique offer technical climbing.",,Pantysgawn8c18m,,,https://climbinleonidio.com/route/pantysgawn-16/
05,"La Maison des ChèvresA cave with crimpy grey or steep hard routes. On left, sub-sectors Le Château Polonais, Le Jardin Publique offer technical climbing.",,Mikro chioni6c15m,,,https://climbinleonidio.com/route/mikro-chioni-16/
05,"La Maison des ChèvresA cave with crimpy grey or steep hard routes. On left, sub-sectors Le Château Polonais, Le Jardin Publique offer technical climbing.",,X-mas7a+25m,,,https://climbinleonidio.com/route/x-mas-16/
05,"La Maison des ChèvresA cave with crimpy grey or steep hard routes. On left, sub-sectors Le Château Polonais, Le Jardin Publique offer technical climbing.",,Vulpes vulpes7c+20m,,,https://climbinleonidio.com/route/vulpes-vulpes-16/
05,"La Maison des ChèvresA cave with crimpy grey or steep hard routes. On left, sub-sectors Le Château Polonais, Le Jardin Publique offer technical climbing.",,Valentynsky bozk6c20m,,,https://climbinleonidio.com/route/valentynsky-bozk-16/
05,"La Maison des ChèvresA cave with crimpy grey or steep hard routes. On left, sub-sectors Le Château Polonais, Le Jardin Publique offer technical climbing.",,Thum thum7a+20m,,,https://climbinleonidio.com/route/thum-thum-16/
05,"La Maison des ChèvresA cave with crimpy grey or steep hard routes. On left, sub-sectors Le Château Polonais, Le Jardin Publique offer technical climbing.",,Thraumpaar6a+20m,,,https://climbinleonidio.com/route/thraumpaar-16/
05,"La Maison des ChèvresA cave with crimpy grey or steep hard routes. On left, sub-sectors Le Château Polonais, Le Jardin Publique offer technical climbing.",,Turmweg6b37m,,,https://climbinleonidio.com/route/turmweg-16/
05,"La Maison des ChèvresA cave with crimpy grey or steep hard routes. On left, sub-sectors Le Château Polonais, Le Jardin Publique offer technical climbing.",,Franchetto7b+38m,,,https://climbinleonidio.com/route/franchetto-16/
05,"La Maison des ChèvresA cave with crimpy grey or steep hard routes. On left, sub-sectors Le Château Polonais, Le Jardin Publique offer technical climbing.",,Endspiel7c35m,,,https://climbinleonidio.com/route/endspiel-16/
05,"La Maison des ChèvresA cave with crimpy grey or steep hard routes. On left, sub-sectors Le Château Polonais, Le Jardin Publique offer technical climbing.",,Desperado7b+36m,,,https://climbinleonidio.com/route/desperado-16/
05,"La Maison des ChèvresA cave with crimpy grey or steep hard routes. On left, sub-sectors Le Château Polonais, Le Jardin Publique offer technical climbing.",,Eröffnung7a35m,,,https://climbinleonidio.com/route/eroffnung-16/
05,"La Maison des ChèvresA cave with crimpy grey or steep hard routes. On left, sub-sectors Le Château Polonais, Le Jardin Publique offer technical climbing.",,Schachmatt7b+25m,,,https://climbinleonidio.com/route/schachmatt-16/
05,"La Maison des ChèvresA cave with crimpy grey or steep hard routes. On left, sub-sectors Le Château Polonais, Le Jardin Publique offer technical climbing.",,Isolani7b28m,,,https://climbinleonidio.com/route/isolani-16/
05,"La Maison des ChèvresA cave with crimpy grey or steep hard routes. On left, sub-sectors Le Château Polonais, Le Jardin Publique offer technical climbing.",,Rochade7a28m,,,https://climbinleonidio.com/route/rochade-16/
05,"La Maison des ChèvresA cave with crimpy grey or steep hard routes. On left, sub-sectors Le Château Polonais, Le Jardin Publique offer technical climbing.",,Figurine notation7a27m,,,https://climbinleonidio.com/route/figurine-notation-16/
05,"La Maison des ChèvresA cave with crimpy grey or steep hard routes. On left, sub-sectors Le Château Polonais, Le Jardin Publique offer technical climbing.",,Hangepartie7a27m,,,https://climbinleonidio.com/route/hangepartie-16/
05,"La Maison des ChèvresA cave with crimpy grey or steep hard routes. On left, sub-sectors Le Château Polonais, Le Jardin Publique offer technical climbing.",,Zwickmuhle7c+25m,,,https://climbinleonidio.com/route/zwickmuhle-16/
05,"La Maison des ChèvresA cave with crimpy grey or steep hard routes. On left, sub-sectors Le Château Polonais, Le Jardin Publique offer technical climbing.",,Zugzwang7b25m,,,https://climbinleonidio.com/route/zugzwang-16/
05,"La Maison des ChèvresA cave with crimpy grey or steep hard routes. On left, sub-sectors Le Château Polonais, Le Jardin Publique offer technical climbing.",,Fingerfehler7c25m,,,https://climbinleonidio.com/route/fingerfehler-16/
05,"La Maison des ChèvresA cave with crimpy grey or steep hard routes. On left, sub-sectors Le Château Polonais, Le Jardin Publique offer technical climbing.",,Gampit7a+25m,,,https://climbinleonidio.com/route/gampit-16/
05,"La Maison des ChèvresA cave with crimpy grey or steep hard routes. On left, sub-sectors Le Château Polonais, Le Jardin Publique offer technical climbing.",,Jodoube6c+20m,,,https://climbinleonidio.com/route/jodoube-16/
05,"La Maison des ChèvresA cave with crimpy grey or steep hard routes. On left, sub-sectors Le Château Polonais, Le Jardin Publique offer technical climbing.",,Qualitätsopfer6c28m,,,https://climbinleonidio.com/route/qualitatsopfer-16/
05,"La Maison des ChèvresA cave with crimpy grey or steep hard routes. On left, sub-sectors Le Château Polonais, Le Jardin Publique offer technical climbing.",,En passant6c35m,,,https://climbinleonidio.com/route/en-passant-16/
05,"La Maison des ChèvresA cave with crimpy grey or steep hard routes. On left, sub-sectors Le Château Polonais, Le Jardin Publique offer technical climbing.",,To’na heri nivi t’allo7a+30m,,,https://climbinleonidio.com/route/tona-heri-nivi-tallo-16/
05,"La Maison des ChèvresA cave with crimpy grey or steep hard routes. On left, sub-sectors Le Château Polonais, Le Jardin Publique offer technical climbing.",,Hochmut kommt vor dem fall7b30m,,,https://climbinleonidio.com/route/hochmut-kommt-vor-dem-fall-16/
05,"La Maison des ChèvresA cave with crimpy grey or steep hard routes. On left, sub-sectors Le Château Polonais, Le Jardin Publique offer technical climbing.",,Un pieds7a30m,,,https://climbinleonidio.com/route/un-pieds-16/
05,"La Maison des ChèvresA cave with crimpy grey or steep hard routes. On left, sub-sectors Le Château Polonais, Le Jardin Publique offer technical climbing.",,And silence is golden7a30m,,,https://climbinleonidio.com/route/and-silence-is-golden-16/
05,"La Maison des ChèvresA cave with crimpy grey or steep hard routes. On left, sub-sectors Le Château Polonais, Le Jardin Publique offer technical climbing.",,Cogito ergo sum7b25m,,,https://climbinleonidio.com/route/cogito-ergo-sum-16/
05,"La Maison des ChèvresA cave with crimpy grey or steep hard routes. On left, sub-sectors Le Château Polonais, Le Jardin Publique offer technical climbing.",,Cogito ergo sum ext7c30m,,,https://climbinleonidio.com/route/cogito-ergo-sum-ext-16/
05,"La Maison des ChèvresA cave with crimpy grey or steep hard routes. On left, sub-sectors Le Château Polonais, Le Jardin Publique offer technical climbing.",,Übung macht den meister7b25m,,,https://climbinleonidio.com/route/ubung-macht-den-meister-16/
05,"La Maison des ChèvresA cave with crimpy grey or steep hard routes. On left, sub-sectors Le Château Polonais, Le Jardin Publique offer technical climbing.",,Übung macht den meister ext7c+35m,,,https://climbinleonidio.com/route/ubung-macht-den-meister-ext-16/
05,"La Maison des ChèvresA cave with crimpy grey or steep hard routes. On left, sub-sectors Le Château Polonais, Le Jardin Publique offer technical climbing.",,Ola echune to logo tus7b35m,,,https://climbinleonidio.com/route/ola-echune-to-logo-tus-16/
05,"La Maison des ChèvresA cave with crimpy grey or steep hard routes. On left, sub-sectors Le Château Polonais, Le Jardin Publique offer technical climbing.",,Quod erat demonstrandum7b+35m,,,https://climbinleonidio.com/route/quod-erat-demonstrandum-16/
05,"La Maison des ChèvresA cave with crimpy grey or steep hard routes. On left, sub-sectors Le Château Polonais, Le Jardin Publique offer technical climbing.",,Lo que no7b+30m,,,https://climbinleonidio.com/route/lo-que-no-16/
05,"La Maison des ChèvresA cave with crimpy grey or steep hard routes. On left, sub-sectors Le Château Polonais, Le Jardin Publique offer technical climbing.",,"Harm set, harm get7a+35m",,,https://climbinleonidio.com/route/harm-set-harm-get-16/
05,"La Maison des ChèvresA cave with crimpy grey or steep hard routes. On left, sub-sectors Le Château Polonais, Le Jardin Publique offer technical climbing.",,Pierre gui roule6c+30m,,,https://climbinleonidio.com/route/pierre-gui-roule-16/
05,"La Maison des ChèvresA cave with crimpy grey or steep hard routes. On left, sub-sectors Le Château Polonais, Le Jardin Publique offer technical climbing.",,El gue mucho7b25m,,,https://climbinleonidio.com/route/el-gue-mucho-16/
06,"Adršpach WallAn impressive, slightly overhanging wall with tufas and bulges opposite the road to Élona.",,Black mamba7c25m,,,https://climbinleonidio.com/route/black-mamba-16/
06,"Adršpach WallAn impressive, slightly overhanging wall with tufas and bulges opposite the road to Élona.",,Sugar loaf8a+25m,,,https://climbinleonidio.com/route/sugar-loaf-16/
06,"Adršpach WallAn impressive, slightly overhanging wall with tufas and bulges opposite the road to Élona.",,Vesuvian?25m,,,https://climbinleonidio.com/route/vesuvian-16/
06,"Adršpach WallAn impressive, slightly overhanging wall with tufas and bulges opposite the road to Élona.",,Řecký bonzák6b15m,,,https://climbinleonidio.com/route/recky-bonzak-16/
06,"Adršpach WallAn impressive, slightly overhanging wall with tufas and bulges opposite the road to Élona.",,Mythos7a+20m,,,https://climbinleonidio.com/route/mythos-16/
06,"Adršpach WallAn impressive, slightly overhanging wall with tufas and bulges opposite the road to Élona.",,Vino tinto7b+22m,,,https://climbinleonidio.com/route/vino-tinto-16/
06,"Adršpach WallAn impressive, slightly overhanging wall with tufas and bulges opposite the road to Élona.",,Orange express7a15m,,,https://climbinleonidio.com/route/orange-express-16/
06,"Adršpach WallAn impressive, slightly overhanging wall with tufas and bulges opposite the road to Élona.",,Adršpach party7b20m,,,https://climbinleonidio.com/route/adrspach-party-16/
06,"Adršpach WallAn impressive, slightly overhanging wall with tufas and bulges opposite the road to Élona.",,Yellow submarine7a+20m,,,https://climbinleonidio.com/route/yellow-submarine-31/
06,"Adršpach WallAn impressive, slightly overhanging wall with tufas and bulges opposite the road to Élona.",,Ahoi8a28m,,,https://climbinleonidio.com/route/ahoi-16/
06,"Adršpach WallAn impressive, slightly overhanging wall with tufas and bulges opposite the road to Élona.",,Jukama6b+20m,,,https://climbinleonidio.com/route/jukama-16/
06,"Adršpach WallAn impressive, slightly overhanging wall with tufas and bulges opposite the road to Élona.",1299,,1299,,https://climbinleonidio.com/route/99-bolts-16/
06,"Adršpach WallAn impressive, slightly overhanging wall with tufas and bulges opposite the road to Élona.",,Rolling stone7a+30m,,,https://climbinleonidio.com/route/rolling-stone-16/
06,"Adršpach WallAn impressive, slightly overhanging wall with tufas and bulges opposite the road to Élona.",,Pillar of dream6a+15m,,,https://climbinleonidio.com/route/pillar-of-dream-16/
07,"SkiadiánikoA major crag with routes of all grades and climbing styles, and sub-sector Pomegranate, small cliff in the shade after 14:30.",,Fasilitsa4c12m,,,https://climbinleonidio.com/route/fasilitsa-16/
07,"SkiadiánikoA major crag with routes of all grades and climbing styles, and sub-sector Pomegranate, small cliff in the shade after 14:30.",,Well pie5a15m,,,https://climbinleonidio.com/route/well-pie-16/
07,"SkiadiánikoA major crag with routes of all grades and climbing styles, and sub-sector Pomegranate, small cliff in the shade after 14:30.",,Pritsini6a18m,,,https://climbinleonidio.com/route/pritsini-16/
07,"SkiadiánikoA major crag with routes of all grades and climbing styles, and sub-sector Pomegranate, small cliff in the shade after 14:30.",,Potami5c18m,,,https://climbinleonidio.com/route/potami-16/
07,"SkiadiánikoA major crag with routes of all grades and climbing styles, and sub-sector Pomegranate, small cliff in the shade after 14:30.",,Viva loxa5b22m,,,https://climbinleonidio.com/route/viva-loxa-16/
07,"SkiadiánikoA major crag with routes of all grades and climbing styles, and sub-sector Pomegranate, small cliff in the shade after 14:30.",,Souxou mouxou5b20m,,,https://climbinleonidio.com/route/souxou-mouxou-16/
07,"SkiadiánikoA major crag with routes of all grades and climbing styles, and sub-sector Pomegranate, small cliff in the shade after 14:30.",,Fuerte6a+20m,,,https://climbinleonidio.com/route/fuerte-16/
07,"SkiadiánikoA major crag with routes of all grades and climbing styles, and sub-sector Pomegranate, small cliff in the shade after 14:30.",,Giorgalis5b22m,,,https://climbinleonidio.com/route/giorgalis-16/
07,"SkiadiánikoA major crag with routes of all grades and climbing styles, and sub-sector Pomegranate, small cliff in the shade after 14:30.",,Kazabooboo6a20m,,,https://climbinleonidio.com/route/kazabooboo-16/
07,"SkiadiánikoA major crag with routes of all grades and climbing styles, and sub-sector Pomegranate, small cliff in the shade after 14:30.",,Chrepi6a22m,,,https://climbinleonidio.com/route/chrepi-16/
07,"SkiadiánikoA major crag with routes of all grades and climbing styles, and sub-sector Pomegranate, small cliff in the shade after 14:30.",,Roumpi6a+22m,,,https://climbinleonidio.com/route/roumpi-16/
07,"SkiadiánikoA major crag with routes of all grades and climbing styles, and sub-sector Pomegranate, small cliff in the shade after 14:30.",,Sushi5c22m,,,https://climbinleonidio.com/route/sushi-16/
07,"SkiadiánikoA major crag with routes of all grades and climbing styles, and sub-sector Pomegranate, small cliff in the shade after 14:30.",,Meligoni5c22m,,,https://climbinleonidio.com/route/meligoni-16/
07,"SkiadiánikoA major crag with routes of all grades and climbing styles, and sub-sector Pomegranate, small cliff in the shade after 14:30.",,Primera5c22m,,,https://climbinleonidio.com/route/primera-16/
07,"SkiadiánikoA major crag with routes of all grades and climbing styles, and sub-sector Pomegranate, small cliff in the shade after 14:30.",,Sterna6a20m,,,https://climbinleonidio.com/route/sterna-16/
07,"SkiadiánikoA major crag with routes of all grades and climbing styles, and sub-sector Pomegranate, small cliff in the shade after 14:30.",,Leihina6a28m,,,https://climbinleonidio.com/route/leihina-16/
07,"SkiadiánikoA major crag with routes of all grades and climbing styles, and sub-sector Pomegranate, small cliff in the shade after 14:30.",,Fola5b22m,,,https://climbinleonidio.com/route/fola-16/
07,"SkiadiánikoA major crag with routes of all grades and climbing styles, and sub-sector Pomegranate, small cliff in the shade after 14:30.",,Voutan5b+22m,,,https://climbinleonidio.com/route/voutan-16/
07,"SkiadiánikoA major crag with routes of all grades and climbing styles, and sub-sector Pomegranate, small cliff in the shade after 14:30.",,Masmagoudi6a+30m,,,https://climbinleonidio.com/route/masmagoudi-16/
07,"SkiadiánikoA major crag with routes of all grades and climbing styles, and sub-sector Pomegranate, small cliff in the shade after 14:30.",,Fever tree6b32m,,,https://climbinleonidio.com/route/fever-tree-16/
07,"SkiadiánikoA major crag with routes of all grades and climbing styles, and sub-sector Pomegranate, small cliff in the shade after 14:30.",,Boghusho5c+18m,,,https://climbinleonidio.com/route/boghusho-16/
07,"SkiadiánikoA major crag with routes of all grades and climbing styles, and sub-sector Pomegranate, small cliff in the shade after 14:30.",,Caramela6a28m,,,https://climbinleonidio.com/route/caramela-16/
07,"SkiadiánikoA major crag with routes of all grades and climbing styles, and sub-sector Pomegranate, small cliff in the shade after 14:30.",,Vatsina6a+25m,,,https://climbinleonidio.com/route/vatsina-16/
07,"SkiadiánikoA major crag with routes of all grades and climbing styles, and sub-sector Pomegranate, small cliff in the shade after 14:30.",,Elegant6a20m,,,https://climbinleonidio.com/route/elegant-16/
07,"SkiadiánikoA major crag with routes of all grades and climbing styles, and sub-sector Pomegranate, small cliff in the shade after 14:30.",,Elephant6a28m,,,https://climbinleonidio.com/route/elephant-16/
07,"SkiadiánikoA major crag with routes of all grades and climbing styles, and sub-sector Pomegranate, small cliff in the shade after 14:30.",,Scheky7a+35m,,,https://climbinleonidio.com/route/scheky-16/
07,"SkiadiánikoA major crag with routes of all grades and climbing styles, and sub-sector Pomegranate, small cliff in the shade after 14:30.",,Rumble7b38m,,,https://climbinleonidio.com/route/rumble-16/
07,"SkiadiánikoA major crag with routes of all grades and climbing styles, and sub-sector Pomegranate, small cliff in the shade after 14:30.",,Marsipitation7a25m,,,https://climbinleonidio.com/route/marsipitation-16/
07,"SkiadiánikoA major crag with routes of all grades and climbing styles, and sub-sector Pomegranate, small cliff in the shade after 14:30.",,Tsoupa6c+20m,,,https://climbinleonidio.com/route/tsoupa-16/
07,"SkiadiánikoA major crag with routes of all grades and climbing styles, and sub-sector Pomegranate, small cliff in the shade after 14:30.",,Pouro6b15m,,,https://climbinleonidio.com/route/pouro-16/
07,"SkiadiánikoA major crag with routes of all grades and climbing styles, and sub-sector Pomegranate, small cliff in the shade after 14:30.",,Hronologio7b30m,,,https://climbinleonidio.com/route/hronologio-16/
07,"SkiadiánikoA major crag with routes of all grades and climbing styles, and sub-sector Pomegranate, small cliff in the shade after 14:30.",,Ginger7b+28m,,,https://climbinleonidio.com/route/ginger-16/
07,"SkiadiánikoA major crag with routes of all grades and climbing styles, and sub-sector Pomegranate, small cliff in the shade after 14:30.",,Canguro6c15m,,,https://climbinleonidio.com/route/canguro-16/
07,"SkiadiánikoA major crag with routes of all grades and climbing styles, and sub-sector Pomegranate, small cliff in the shade after 14:30.",,Super canguro7c+28m,,,https://climbinleonidio.com/route/super-canguro-16/
07,"SkiadiánikoA major crag with routes of all grades and climbing styles, and sub-sector Pomegranate, small cliff in the shade after 14:30.",,Mai tai7c+18m,,,https://climbinleonidio.com/route/mai-tai-16/
07,"SkiadiánikoA major crag with routes of all grades and climbing styles, and sub-sector Pomegranate, small cliff in the shade after 14:30.",,Madame8a?20m,,,https://climbinleonidio.com/route/madame-16/
07,"SkiadiánikoA major crag with routes of all grades and climbing styles, and sub-sector Pomegranate, small cliff in the shade after 14:30.",,Fleche noire7b+22m,,,https://climbinleonidio.com/route/fleche-noire-16/
07,"SkiadiánikoA major crag with routes of all grades and climbing styles, and sub-sector Pomegranate, small cliff in the shade after 14:30.",,Sfiga7b+18m,,,https://climbinleonidio.com/route/sfiga-16/
07,"SkiadiánikoA major crag with routes of all grades and climbing styles, and sub-sector Pomegranate, small cliff in the shade after 14:30.",,Zacke7c+25m,,,https://climbinleonidio.com/route/zacke-16/
07,"SkiadiánikoA major crag with routes of all grades and climbing styles, and sub-sector Pomegranate, small cliff in the shade after 14:30.",,Iho7b22m,,,https://climbinleonidio.com/route/iho-16/
07,"SkiadiánikoA major crag with routes of all grades and climbing styles, and sub-sector Pomegranate, small cliff in the shade after 14:30.",,Mpora5b18m,,,https://climbinleonidio.com/route/mpora-16/
07,"SkiadiánikoA major crag with routes of all grades and climbing styles, and sub-sector Pomegranate, small cliff in the shade after 14:30.",,Amnesia6a20m,,,https://climbinleonidio.com/route/amnesia-16/
07,"SkiadiánikoA major crag with routes of all grades and climbing styles, and sub-sector Pomegranate, small cliff in the shade after 14:30.",,Mr 406a+25m,,,https://climbinleonidio.com/route/mr-40-16/
07,"SkiadiánikoA major crag with routes of all grades and climbing styles, and sub-sector Pomegranate, small cliff in the shade after 14:30.",,Skismeno kolan6a+20m,,,https://climbinleonidio.com/route/skismeno-kolan-16/
07,"SkiadiánikoA major crag with routes of all grades and climbing styles, and sub-sector Pomegranate, small cliff in the shade after 14:30.",,Porto lenidi6a22m,,,https://climbinleonidio.com/route/porto-lenidi-16/
07,"SkiadiánikoA major crag with routes of all grades and climbing styles, and sub-sector Pomegranate, small cliff in the shade after 14:30.",,porto6b25m,,,https://climbinleonidio.com/route/2porto-16/
07,"SkiadiánikoA major crag with routes of all grades and climbing styles, and sub-sector Pomegranate, small cliff in the shade after 14:30.",,Eye of the tiger6b+30m,,,https://climbinleonidio.com/route/eye-of-the-tiger-16/
07,"SkiadiánikoA major crag with routes of all grades and climbing styles, and sub-sector Pomegranate, small cliff in the shade after 14:30.",,Lordos mylon6c28m,,,https://climbinleonidio.com/route/lordos-mylon-16/
07,"SkiadiánikoA major crag with routes of all grades and climbing styles, and sub-sector Pomegranate, small cliff in the shade after 14:30.",,Brown cougar7a28m,,,https://climbinleonidio.com/route/brown-cougar-16/
07,"SkiadiánikoA major crag with routes of all grades and climbing styles, and sub-sector Pomegranate, small cliff in the shade after 14:30.",,Ramasca6c+20m,,,https://climbinleonidio.com/route/ramasca-16/
07,"SkiadiánikoA major crag with routes of all grades and climbing styles, and sub-sector Pomegranate, small cliff in the shade after 14:30.",,Super ramasca7a38m,,,https://climbinleonidio.com/route/super-ramasca-16/
07,"SkiadiánikoA major crag with routes of all grades and climbing styles, and sub-sector Pomegranate, small cliff in the shade after 14:30.",,Red honey7b18m,,,https://climbinleonidio.com/route/red-honey-16/
07,"SkiadiánikoA major crag with routes of all grades and climbing styles, and sub-sector Pomegranate, small cliff in the shade after 14:30.",,Red honey variation7b20m,,,https://climbinleonidio.com/route/red-honey-variation-16/
07,"SkiadiánikoA major crag with routes of all grades and climbing styles, and sub-sector Pomegranate, small cliff in the shade after 14:30.",,White powder7a+20m,,,https://climbinleonidio.com/route/white-powder-16/
07,"SkiadiánikoA major crag with routes of all grades and climbing styles, and sub-sector Pomegranate, small cliff in the shade after 14:30.",,Tree6b16m,,,https://climbinleonidio.com/route/tree-16/
07,"SkiadiánikoA major crag with routes of all grades and climbing styles, and sub-sector Pomegranate, small cliff in the shade after 14:30.",,Tavor6c20m,,,https://climbinleonidio.com/route/tavor-16/
07,"SkiadiánikoA major crag with routes of all grades and climbing styles, and sub-sector Pomegranate, small cliff in the shade after 14:30.",,Roupi6b20m,,,https://climbinleonidio.com/route/roupi-16/
07,"SkiadiánikoA major crag with routes of all grades and climbing styles, and sub-sector Pomegranate, small cliff in the shade after 14:30.",,Gum6a+15m,,,https://climbinleonidio.com/route/gum-16/
07,"SkiadiánikoA major crag with routes of all grades and climbing styles, and sub-sector Pomegranate, small cliff in the shade after 14:30.",,Anonymous mosh6b+25m,,,https://climbinleonidio.com/route/anonymous-mosh-16/
07,"SkiadiánikoA major crag with routes of all grades and climbing styles, and sub-sector Pomegranate, small cliff in the shade after 14:30.",,Solar black6c+25m,,,https://climbinleonidio.com/route/solar-black-16/
07,"SkiadiánikoA major crag with routes of all grades and climbing styles, and sub-sector Pomegranate, small cliff in the shade after 14:30.",,Foo foo fighters7b22m,,,https://climbinleonidio.com/route/foo-foo-fighters-16/
07,"SkiadiánikoA major crag with routes of all grades and climbing styles, and sub-sector Pomegranate, small cliff in the shade after 14:30.",,Hooga7b+38m,,,https://climbinleonidio.com/route/hooga-16/
07,"SkiadiánikoA major crag with routes of all grades and climbing styles, and sub-sector Pomegranate, small cliff in the shade after 14:30.",,A tufa too far7a30m,,,https://climbinleonidio.com/route/a-tufa-too-far-16/
07,"SkiadiánikoA major crag with routes of all grades and climbing styles, and sub-sector Pomegranate, small cliff in the shade after 14:30.",,Spinaki7a38m,,,https://climbinleonidio.com/route/spinaki-16/
07,"SkiadiánikoA major crag with routes of all grades and climbing styles, and sub-sector Pomegranate, small cliff in the shade after 14:30.",,Falafalaal7a+40m,,,https://climbinleonidio.com/route/falafalaal-16/
07,"SkiadiánikoA major crag with routes of all grades and climbing styles, and sub-sector Pomegranate, small cliff in the shade after 14:30.",,Arabesque6c+40m,,,https://climbinleonidio.com/route/arabesque-16/
07,"SkiadiánikoA major crag with routes of all grades and climbing styles, and sub-sector Pomegranate, small cliff in the shade after 14:30.",,Madame pomegranate7a30m,,,https://climbinleonidio.com/route/madame-pomegranate-16/
07,"SkiadiánikoA major crag with routes of all grades and climbing styles, and sub-sector Pomegranate, small cliff in the shade after 14:30.",,Bompogenesis7a35m,,,https://climbinleonidio.com/route/bompogenesis-16/
08,LimériA roadside crag with lots of variety and some outstanding tufa routes in the 7c–8a range.,,Rehab center6c+12m,,,https://climbinleonidio.com/route/rehab-center-16/
08,LimériA roadside crag with lots of variety and some outstanding tufa routes in the 7c–8a range.,,Nanotechnologia7a+12m,,,https://climbinleonidio.com/route/nanotechnologia-16/
08,LimériA roadside crag with lots of variety and some outstanding tufa routes in the 7c–8a range.,,The grimms7a12m,,,https://climbinleonidio.com/route/the-grimms-16/
08,LimériA roadside crag with lots of variety and some outstanding tufa routes in the 7c–8a range.,,Hionati6c+12m,,,https://climbinleonidio.com/route/hionati-16/
08,LimériA roadside crag with lots of variety and some outstanding tufa routes in the 7c–8a range.,,Ksotiko6c12m,,,https://climbinleonidio.com/route/ksotiko-16/
08,LimériA roadside crag with lots of variety and some outstanding tufa routes in the 7c–8a range.,,Lip stick?10m,,,https://climbinleonidio.com/route/lip-stick-16/
08,LimériA roadside crag with lots of variety and some outstanding tufa routes in the 7c–8a range.,,Easy6a+10m,,,https://climbinleonidio.com/route/easy-16/
08,LimériA roadside crag with lots of variety and some outstanding tufa routes in the 7c–8a range.,,Le piliers de bar7a+18m,,,https://climbinleonidio.com/route/le-piliers-de-bar-16/
08,LimériA roadside crag with lots of variety and some outstanding tufa routes in the 7c–8a range.,,Prodosia?25m,,,https://climbinleonidio.com/route/prodosia-16/
08,LimériA roadside crag with lots of variety and some outstanding tufa routes in the 7c–8a range.,,Skatos8a?20m,,,https://climbinleonidio.com/route/skatos-16/
08,LimériA roadside crag with lots of variety and some outstanding tufa routes in the 7c–8a range.,,Bolzenfresser6b+32m,,,https://climbinleonidio.com/route/bolzenfresser-16/
08,LimériA roadside crag with lots of variety and some outstanding tufa routes in the 7c–8a range.,,Paraspondia7a20m,,,https://climbinleonidio.com/route/paraspondia-16/
08,LimériA roadside crag with lots of variety and some outstanding tufa routes in the 7c–8a range.,,Milky way6c+20m,,,https://climbinleonidio.com/route/milky-way-16/
08,LimériA roadside crag with lots of variety and some outstanding tufa routes in the 7c–8a range.,,Koutornithi7a+20m,,,https://climbinleonidio.com/route/koutornithi-16/
08,LimériA roadside crag with lots of variety and some outstanding tufa routes in the 7c–8a range.,,Fesi7a+20m,,,https://climbinleonidio.com/route/fesi-16/
08,LimériA roadside crag with lots of variety and some outstanding tufa routes in the 7c–8a range.,,Parakratisi6c+20m,,,https://climbinleonidio.com/route/parakratisi-16/
08,LimériA roadside crag with lots of variety and some outstanding tufa routes in the 7c–8a range.,,Prothesmia6c+20m,,,https://climbinleonidio.com/route/prothesmia-16/
08,LimériA roadside crag with lots of variety and some outstanding tufa routes in the 7c–8a range.,,Ligo ap’ola7b+22m,,,https://climbinleonidio.com/route/ligo-apola-16/
08,LimériA roadside crag with lots of variety and some outstanding tufa routes in the 7c–8a range.,,Coffee way8a+30m,,,https://climbinleonidio.com/route/coffee-way-16/
08,LimériA roadside crag with lots of variety and some outstanding tufa routes in the 7c–8a range.,,Mama africa8a35m,,,https://climbinleonidio.com/route/mama-africa-16/
08,LimériA roadside crag with lots of variety and some outstanding tufa routes in the 7c–8a range.,,Acrovatis7c30m,,,https://climbinleonidio.com/route/acrovatis-16/
08,LimériA roadside crag with lots of variety and some outstanding tufa routes in the 7c–8a range.,,Edu el “recio”7c+30m,,,https://climbinleonidio.com/route/edu-el-recio-16/
08,LimériA roadside crag with lots of variety and some outstanding tufa routes in the 7c–8a range.,,To fthino manaviko8a+25m,,,https://climbinleonidio.com/route/to-fthino-manaviko-16/
08,LimériA roadside crag with lots of variety and some outstanding tufa routes in the 7c–8a range.,,Goofy8c25m,,,https://climbinleonidio.com/route/goofy-16/
08,LimériA roadside crag with lots of variety and some outstanding tufa routes in the 7c–8a range.,,Super goofy8c+?25m,,,https://climbinleonidio.com/route/super-goofy-16/
08,LimériA roadside crag with lots of variety and some outstanding tufa routes in the 7c–8a range.,,Oaka i.c.7c+22m,,,https://climbinleonidio.com/route/oaka-i-c-16/
08,LimériA roadside crag with lots of variety and some outstanding tufa routes in the 7c–8a range.,,Paraplanisi7c+20m,,,https://climbinleonidio.com/route/paraplanisi-16/
08,LimériA roadside crag with lots of variety and some outstanding tufa routes in the 7c–8a range.,,Klika7c+20m,,,https://climbinleonidio.com/route/klika-16/
08,LimériA roadside crag with lots of variety and some outstanding tufa routes in the 7c–8a range.,,Reklama7c20m,,,https://climbinleonidio.com/route/reklama-16/
08,LimériA roadside crag with lots of variety and some outstanding tufa routes in the 7c–8a range.,,Spazokefalia7b+20m,,,https://climbinleonidio.com/route/spazokefalia-16/
08,LimériA roadside crag with lots of variety and some outstanding tufa routes in the 7c–8a range.,,The revenge of smart7a20m,,,https://climbinleonidio.com/route/the-revenge-of-smart-16/
08,LimériA roadside crag with lots of variety and some outstanding tufa routes in the 7c–8a range.,,Resumé6c+20m,,,https://climbinleonidio.com/route/resume-16/
08,LimériA roadside crag with lots of variety and some outstanding tufa routes in the 7c–8a range.,,Coffee right7c18m,,,https://climbinleonidio.com/route/coffee-right-16/
08,LimériA roadside crag with lots of variety and some outstanding tufa routes in the 7c–8a range.,,Symmoria6c15m,,,https://climbinleonidio.com/route/symmoria-16/
08,LimériA roadside crag with lots of variety and some outstanding tufa routes in the 7c–8a range.,,Symmoria ext8a22m,,,https://climbinleonidio.com/route/symmoria-ext-16/
08,LimériA roadside crag with lots of variety and some outstanding tufa routes in the 7c–8a range.,,Aoplos7c+20m,,,https://climbinleonidio.com/route/aoplos-16/
08,LimériA roadside crag with lots of variety and some outstanding tufa routes in the 7c–8a range.,,Kaour ekokiate7b20m,,,https://climbinleonidio.com/route/kaour-ekokiate-31/
08,LimériA roadside crag with lots of variety and some outstanding tufa routes in the 7c–8a range.,,Route to kosma7a+25m,,,https://climbinleonidio.com/route/route-to-kosma-16/
08,LimériA roadside crag with lots of variety and some outstanding tufa routes in the 7c–8a range.,3950,,3950,,https://climbinleonidio.com/route/50-asini-16/
08,LimériA roadside crag with lots of variety and some outstanding tufa routes in the 7c–8a range.,,Lord of souvlaki7b+20m,,,https://climbinleonidio.com/route/lord-of-souvlaki-16/
09,"KamáresA new crag with two large caves. Good for some of the best 8b routes on the right side, but needs more traffic.",,Mageiras6b12m,,,https://climbinleonidio.com/route/mageiras-16/
09,"KamáresA new crag with two large caves. Good for some of the best 8b routes on the right side, but needs more traffic.",,Giras6a12m,,,https://climbinleonidio.com/route/giras-16/
09,"KamáresA new crag with two large caves. Good for some of the best 8b routes on the right side, but needs more traffic.",,Exorixi6a15m,,,https://climbinleonidio.com/route/exorixi-16/
09,"KamáresA new crag with two large caves. Good for some of the best 8b routes on the right side, but needs more traffic.",,Allagi topiou6b16m,,,https://climbinleonidio.com/route/allagi-topiou-16/
09,"KamáresA new crag with two large caves. Good for some of the best 8b routes on the right side, but needs more traffic.",,Pelekanos5c15m,,,https://climbinleonidio.com/route/pelekanos-16/
09,"KamáresA new crag with two large caves. Good for some of the best 8b routes on the right side, but needs more traffic.",,Louki5b12m,,,https://climbinleonidio.com/route/louki-16/
09,"KamáresA new crag with two large caves. Good for some of the best 8b routes on the right side, but needs more traffic.",,Grammara?22m,,,https://climbinleonidio.com/route/grammara-16/
09,"KamáresA new crag with two large caves. Good for some of the best 8b routes on the right side, but needs more traffic.",,Grammara ext?45m,,,https://climbinleonidio.com/route/grammara-ext-16/
09,"KamáresA new crag with two large caves. Good for some of the best 8b routes on the right side, but needs more traffic.",,Book of heroes8b?20m,,,https://climbinleonidio.com/route/book-of-heroes-16/
09,"KamáresA new crag with two large caves. Good for some of the best 8b routes on the right side, but needs more traffic.",,Book of heroes ext?45m,,,https://climbinleonidio.com/route/book-of-heroes-ext-16/
09,"KamáresA new crag with two large caves. Good for some of the best 8b routes on the right side, but needs more traffic.",,Anichti akroasi7c20m,,,https://climbinleonidio.com/route/anichti-akroasi-16/
09,"KamáresA new crag with two large caves. Good for some of the best 8b routes on the right side, but needs more traffic.",,Anichti akroasi ext8a45m,,,https://climbinleonidio.com/route/anichti-akroasi-ext-16/
09,"KamáresA new crag with two large caves. Good for some of the best 8b routes on the right side, but needs more traffic.",,Kitrinos typos7c20m,,,https://climbinleonidio.com/route/kitrinos-typos-16/
09,"KamáresA new crag with two large caves. Good for some of the best 8b routes on the right side, but needs more traffic.",,Kitrinos typos ext7c+45m,,,https://climbinleonidio.com/route/kitrinos-typos-ext-16/
09,"KamáresA new crag with two large caves. Good for some of the best 8b routes on the right side, but needs more traffic.",,Misofeggaro8a30m,,,https://climbinleonidio.com/route/misofeggaro-16/
09,"KamáresA new crag with two large caves. Good for some of the best 8b routes on the right side, but needs more traffic.",,Korakovouni7a+20m,,,https://climbinleonidio.com/route/korakovouni-16/
09,"KamáresA new crag with two large caves. Good for some of the best 8b routes on the right side, but needs more traffic.",,Karagouna7b30m,,,https://climbinleonidio.com/route/karagouna-16/
09,"KamáresA new crag with two large caves. Good for some of the best 8b routes on the right side, but needs more traffic.",,Karagouna ext7c+45m,,,https://climbinleonidio.com/route/karagouna-ext-16/
09,"KamáresA new crag with two large caves. Good for some of the best 8b routes on the right side, but needs more traffic.",,Carmirina7b30m,,,https://climbinleonidio.com/route/carmirina-16/
09,"KamáresA new crag with two large caves. Good for some of the best 8b routes on the right side, but needs more traffic.",,Carmirina ext7b45m,,,https://climbinleonidio.com/route/carmirina-ext-16/
09,"KamáresA new crag with two large caves. Good for some of the best 8b routes on the right side, but needs more traffic.",,Katsavoulias7c+30m,,,https://climbinleonidio.com/route/katsavoulias-16/
09,"KamáresA new crag with two large caves. Good for some of the best 8b routes on the right side, but needs more traffic.",,Katsavoulias ext7c+50m,,,https://climbinleonidio.com/route/katsavoulias-ext-16/
09,"KamáresA new crag with two large caves. Good for some of the best 8b routes on the right side, but needs more traffic.",,No name 237c30m,,,https://climbinleonidio.com/route/no-name-23-31/
09,"KamáresA new crag with two large caves. Good for some of the best 8b routes on the right side, but needs more traffic.",,Filarakia8a35m,,,https://climbinleonidio.com/route/filarakia-16/
09,"KamáresA new crag with two large caves. Good for some of the best 8b routes on the right side, but needs more traffic.",,Me gantia7b+25m,,,https://climbinleonidio.com/route/me-gantia-16/
09,"KamáresA new crag with two large caves. Good for some of the best 8b routes on the right side, but needs more traffic.",,Modistros7b+30m,,,https://climbinleonidio.com/route/modistros-16/
09,"KamáresA new crag with two large caves. Good for some of the best 8b routes on the right side, but needs more traffic.",,Pistolia8c30m,,,https://climbinleonidio.com/route/pistolia-16/
09,"KamáresA new crag with two large caves. Good for some of the best 8b routes on the right side, but needs more traffic.",,Pizza me to metro8b30m,,,https://climbinleonidio.com/route/pizza-me-to-metro-16/
09,"KamáresA new crag with two large caves. Good for some of the best 8b routes on the right side, but needs more traffic.",,Haraktis8b25m,,,https://climbinleonidio.com/route/haraktis-16/
09,"KamáresA new crag with two large caves. Good for some of the best 8b routes on the right side, but needs more traffic.",,Digmata grafis8b25m,,,https://climbinleonidio.com/route/digmata-grafis-16/
09,"KamáresA new crag with two large caves. Good for some of the best 8b routes on the right side, but needs more traffic.",,Apo sverko7b+25m,,,https://climbinleonidio.com/route/apo-sverko-16/
09,"KamáresA new crag with two large caves. Good for some of the best 8b routes on the right side, but needs more traffic.",,Ta dyo trita7b+15m,,,https://climbinleonidio.com/route/ta-dyo-trita-16/
09,"KamáresA new crag with two large caves. Good for some of the best 8b routes on the right side, but needs more traffic.",,At homo’s yard6c+15m,,,https://climbinleonidio.com/route/at-homos-yard-16/
09,"KamáresA new crag with two large caves. Good for some of the best 8b routes on the right side, but needs more traffic.",,Surprise6c+18m,,,https://climbinleonidio.com/route/surprise-16/
09,"KamáresA new crag with two large caves. Good for some of the best 8b routes on the right side, but needs more traffic.",,Terma deksia7b15m,,,https://climbinleonidio.com/route/terma-deksia-16/
10,El PerpatiAn angular pillar with vertical or slightly overhanging routes on good rock. With traffic it will improve and become a great crag.,,Plaka me kaneis6c15m,,,https://climbinleonidio.com/route/plaka-me-kaneis-16/
10,El PerpatiAn angular pillar with vertical or slightly overhanging routes on good rock. With traffic it will improve and become a great crag.,,Mpahalogatos?20m,,,https://climbinleonidio.com/route/mpahalogatos-16/
10,El PerpatiAn angular pillar with vertical or slightly overhanging routes on good rock. With traffic it will improve and become a great crag.,,Bloody heri7b+22m,,,https://climbinleonidio.com/route/bloody-heri-16/
10,El PerpatiAn angular pillar with vertical or slightly overhanging routes on good rock. With traffic it will improve and become a great crag.,,Fight de fight the fly8a25m,,,https://climbinleonidio.com/route/fight-de-fight-the-fly-16/
10,El PerpatiAn angular pillar with vertical or slightly overhanging routes on good rock. With traffic it will improve and become a great crag.,,Kollitos7a25m,,,https://climbinleonidio.com/route/kollitos-16/
10,El PerpatiAn angular pillar with vertical or slightly overhanging routes on good rock. With traffic it will improve and become a great crag.,,Trompa crack6c20m,,,https://climbinleonidio.com/route/trompa-crack-16/
10,El PerpatiAn angular pillar with vertical or slightly overhanging routes on good rock. With traffic it will improve and become a great crag.,,Allou gia allou6c20m,,,https://climbinleonidio.com/route/allou-gia-allou-16/
10,El PerpatiAn angular pillar with vertical or slightly overhanging routes on good rock. With traffic it will improve and become a great crag.,,Arathimos7a+20m,,,https://climbinleonidio.com/route/arathimos-16/
10,El PerpatiAn angular pillar with vertical or slightly overhanging routes on good rock. With traffic it will improve and become a great crag.,,Ta kalitera tis gionas7b20m,,,https://climbinleonidio.com/route/ta-kalitera-tis-gionas-16/
10,El PerpatiAn angular pillar with vertical or slightly overhanging routes on good rock. With traffic it will improve and become a great crag.,,Gyalia karfia?20m,,,https://climbinleonidio.com/route/gyalia-karfia-16/
10,El PerpatiAn angular pillar with vertical or slightly overhanging routes on good rock. With traffic it will improve and become a great crag.,,Momentum8a20m,,,https://climbinleonidio.com/route/momentum-16/
10,El PerpatiAn angular pillar with vertical or slightly overhanging routes on good rock. With traffic it will improve and become a great crag.,,Trelloaimatos7c20m,,,https://climbinleonidio.com/route/trelloaimatos-16/
10,El PerpatiAn angular pillar with vertical or slightly overhanging routes on good rock. With traffic it will improve and become a great crag.,,El perpati7c+25m,,,https://climbinleonidio.com/route/el-perpati-16/
10,El PerpatiAn angular pillar with vertical or slightly overhanging routes on good rock. With traffic it will improve and become a great crag.,,Relanti7a+20m,,,https://climbinleonidio.com/route/relanti-16/
10,El PerpatiAn angular pillar with vertical or slightly overhanging routes on good rock. With traffic it will improve and become a great crag.,,Fortaleza7c+/8a25m,,,https://climbinleonidio.com/route/fortaleza-16/
10,El PerpatiAn angular pillar with vertical or slightly overhanging routes on good rock. With traffic it will improve and become a great crag.,,Kai stin korfi kanella8a25m,,,https://climbinleonidio.com/route/kai-stin-korfi-kanella-16/
10,El PerpatiAn angular pillar with vertical or slightly overhanging routes on good rock. With traffic it will improve and become a great crag.,,Keep on crimping7c+25m,,,https://climbinleonidio.com/route/keep-on-crimping-16/
10,El PerpatiAn angular pillar with vertical or slightly overhanging routes on good rock. With traffic it will improve and become a great crag.,,No name 185c20m,,,https://climbinleonidio.com/route/no-name-18-31/
10,El PerpatiAn angular pillar with vertical or slightly overhanging routes on good rock. With traffic it will improve and become a great crag.,,No name 195a15m,,,https://climbinleonidio.com/route/no-name-19-31/
10,El PerpatiAn angular pillar with vertical or slightly overhanging routes on good rock. With traffic it will improve and become a great crag.,,My secret love7a+20m,,,https://climbinleonidio.com/route/my-secret-love-16/
10,El PerpatiAn angular pillar with vertical or slightly overhanging routes on good rock. With traffic it will improve and become a great crag.,,My secret love ext7a+60m,,,https://climbinleonidio.com/route/my-secret-love-ext-16/
11,"Grande CuckooA small crag, but with some good mid-grade climbing on",,Formage6a+30m,,,https://climbinleonidio.com/route/formage-16/
11,"Grande CuckooA small crag, but with some good mid-grade climbing on",,No breakfast no glory6b+22m,,,https://climbinleonidio.com/route/no-breakfast-no-glory-16/
11,"Grande CuckooA small crag, but with some good mid-grade climbing on",,Sophie the giraffe6b+25m,,,https://climbinleonidio.com/route/sophie-the-giraffe-16/
11,"Grande CuckooA small crag, but with some good mid-grade climbing on",,Micra picra6c+25m,,,https://climbinleonidio.com/route/micra-picra-16/
11,"Grande CuckooA small crag, but with some good mid-grade climbing on",,Klimataria6b22m,,,https://climbinleonidio.com/route/klimataria-16/
11,"Grande CuckooA small crag, but with some good mid-grade climbing on",,Tsachpinis6b22m,,,https://climbinleonidio.com/route/tsachpinis-16/
11,"Grande CuckooA small crag, but with some good mid-grade climbing on",,Raccoon6b+23m,,,https://climbinleonidio.com/route/raccoon-16/
11,"Grande CuckooA small crag, but with some good mid-grade climbing on",,Beboucian6a+22m,,,https://climbinleonidio.com/route/beboucian-16/
11,"Grande CuckooA small crag, but with some good mid-grade climbing on",,Penguin4b12m,,,https://climbinleonidio.com/route/penguin-16/
11,"Grande CuckooA small crag, but with some good mid-grade climbing on",,Nestsitter6b+30m,,,https://climbinleonidio.com/route/nestsitter-16/
11,"Grande CuckooA small crag, but with some good mid-grade climbing on",,Over-slab6a10m,,,https://climbinleonidio.com/route/over-slab-16/
12,"H.A.D.A.A tough crag on a natural terrace in a shady gorge. Naturally polished rock and tricky, hard-for-the grade routes.",,Emovoros8a+25m,,,https://climbinleonidio.com/route/emovoros-16/
12,"H.A.D.A.A tough crag on a natural terrace in a shady gorge. Naturally polished rock and tricky, hard-for-the grade routes.",,Skithropos8a25m,,,https://climbinleonidio.com/route/skithropos-16/
12,"H.A.D.A.A tough crag on a natural terrace in a shady gorge. Naturally polished rock and tricky, hard-for-the grade routes.",,Parakladi8b25m,,,https://climbinleonidio.com/route/parakladi-16/
12,"H.A.D.A.A tough crag on a natural terrace in a shady gorge. Naturally polished rock and tricky, hard-for-the grade routes.",,Ortolana8b+?25m,,,https://climbinleonidio.com/route/ortolana-16/
12,"H.A.D.A.A tough crag on a natural terrace in a shady gorge. Naturally polished rock and tricky, hard-for-the grade routes.",,Ortolana ext8c?30m,,,https://climbinleonidio.com/route/ortolana-ext-16/
12,"H.A.D.A.A tough crag on a natural terrace in a shady gorge. Naturally polished rock and tricky, hard-for-the grade routes.",,Octopus arms7c+25m,,,https://climbinleonidio.com/route/octopus-arms-16/
12,"H.A.D.A.A tough crag on a natural terrace in a shady gorge. Naturally polished rock and tricky, hard-for-the grade routes.",,Knucklehead8a+?20m,,,https://climbinleonidio.com/route/knucklehead-16/
12,"H.A.D.A.A tough crag on a natural terrace in a shady gorge. Naturally polished rock and tricky, hard-for-the grade routes.",,The roof is on fire8a15m,,,https://climbinleonidio.com/route/the-roof-is-on-fire-16/
12,"H.A.D.A.A tough crag on a natural terrace in a shady gorge. Naturally polished rock and tricky, hard-for-the grade routes.",,Heidi witzka9a?40m,,,https://climbinleonidio.com/route/heidi-witzka-16/
12,"H.A.D.A.A tough crag on a natural terrace in a shady gorge. Naturally polished rock and tricky, hard-for-the grade routes.",,Der helle wahnsinn8a+25m,,,https://climbinleonidio.com/route/der-helle-wahnsinn-16/
12,"H.A.D.A.A tough crag on a natural terrace in a shady gorge. Naturally polished rock and tricky, hard-for-the grade routes.",,Tampourlo7c+12m,,,https://climbinleonidio.com/route/tampourlo-16/
12,"H.A.D.A.A tough crag on a natural terrace in a shady gorge. Naturally polished rock and tricky, hard-for-the grade routes.",,Destroy7b25m,,,https://climbinleonidio.com/route/destroy-16/
12,"H.A.D.A.A tough crag on a natural terrace in a shady gorge. Naturally polished rock and tricky, hard-for-the grade routes.",,Erase7a+25m,,,https://climbinleonidio.com/route/erase-16/
12,"H.A.D.A.A tough crag on a natural terrace in a shady gorge. Naturally polished rock and tricky, hard-for-the grade routes.",,Improve7b+25m,,,https://climbinleonidio.com/route/improve-16/
12,"H.A.D.A.A tough crag on a natural terrace in a shady gorge. Naturally polished rock and tricky, hard-for-the grade routes.",,Unconditional love7c25m,,,https://climbinleonidio.com/route/unconditional-love-16/
12,"H.A.D.A.A tough crag on a natural terrace in a shady gorge. Naturally polished rock and tricky, hard-for-the grade routes.",,Unconditional love ext?40m,,,https://climbinleonidio.com/route/unconditional-love-ext-16/
12,"H.A.D.A.A tough crag on a natural terrace in a shady gorge. Naturally polished rock and tricky, hard-for-the grade routes.",,Unconventional affair7b+25m,,,https://climbinleonidio.com/route/unconventional-affair-16/
12,"H.A.D.A.A tough crag on a natural terrace in a shady gorge. Naturally polished rock and tricky, hard-for-the grade routes.",,Zeybreak7c40m,,,https://climbinleonidio.com/route/zeybreak-16/
12,"H.A.D.A.A tough crag on a natural terrace in a shady gorge. Naturally polished rock and tricky, hard-for-the grade routes.",,Amigo6a15m,,,https://climbinleonidio.com/route/amigo-16/
12,"H.A.D.A.A tough crag on a natural terrace in a shady gorge. Naturally polished rock and tricky, hard-for-the grade routes.",,Flying steps6b+20m,,,https://climbinleonidio.com/route/flying-steps-16/
12,"H.A.D.A.A tough crag on a natural terrace in a shady gorge. Naturally polished rock and tricky, hard-for-the grade routes.",,Gastone duck6c22m,,,https://climbinleonidio.com/route/gastone-duck-16/
12,"H.A.D.A.A tough crag on a natural terrace in a shady gorge. Naturally polished rock and tricky, hard-for-the grade routes.",,No name 226c+20m,,,https://climbinleonidio.com/route/no-name-22-16/
12,"H.A.D.A.A tough crag on a natural terrace in a shady gorge. Naturally polished rock and tricky, hard-for-the grade routes.",,Medousa6b15m,,,https://climbinleonidio.com/route/medousa-16/
12,"H.A.D.A.A tough crag on a natural terrace in a shady gorge. Naturally polished rock and tricky, hard-for-the grade routes.",,Medousa ext7b+28m,,,https://climbinleonidio.com/route/medousa-ext-16/
12,"H.A.D.A.A tough crag on a natural terrace in a shady gorge. Naturally polished rock and tricky, hard-for-the grade routes.",,Brownie7a20m,,,https://climbinleonidio.com/route/brownie-16/
12,"H.A.D.A.A tough crag on a natural terrace in a shady gorge. Naturally polished rock and tricky, hard-for-the grade routes.",,Skylisia apodrasi6c+20m,,,https://climbinleonidio.com/route/skylisia-apodrasi-16/
12,"H.A.D.A.A tough crag on a natural terrace in a shady gorge. Naturally polished rock and tricky, hard-for-the grade routes.",,Happy new year daila6c20m,,,https://climbinleonidio.com/route/happy-new-year-daila-16/
12,"H.A.D.A.A tough crag on a natural terrace in a shady gorge. Naturally polished rock and tricky, hard-for-the grade routes.",,Sokolatina7a22m,,,https://climbinleonidio.com/route/sokolatina-16/
12,"H.A.D.A.A tough crag on a natural terrace in a shady gorge. Naturally polished rock and tricky, hard-for-the grade routes.",,H.A.D.A.7b+25m,,,https://climbinleonidio.com/route/h-a-d-a-16/
12,"H.A.D.A.A tough crag on a natural terrace in a shady gorge. Naturally polished rock and tricky, hard-for-the grade routes.",,Tout est relative7a18m,,,https://climbinleonidio.com/route/tout-est-relative-16/
12,"H.A.D.A.A tough crag on a natural terrace in a shady gorge. Naturally polished rock and tricky, hard-for-the grade routes.",,Tout est relative ext9a?50m,,,https://climbinleonidio.com/route/tout-est-relative-ext-16/
12,"H.A.D.A.A tough crag on a natural terrace in a shady gorge. Naturally polished rock and tricky, hard-for-the grade routes.",,Booze7c25m,,,https://climbinleonidio.com/route/booze-16/
12,"H.A.D.A.A tough crag on a natural terrace in a shady gorge. Naturally polished rock and tricky, hard-for-the grade routes.",,Biceps for the disco8a?42m,,,https://climbinleonidio.com/route/biceps-for-the-disco-16/
12,"H.A.D.A.A tough crag on a natural terrace in a shady gorge. Naturally polished rock and tricky, hard-for-the grade routes.",,Dida7a+22m,,,https://climbinleonidio.com/route/dida-16/
12,"H.A.D.A.A tough crag on a natural terrace in a shady gorge. Naturally polished rock and tricky, hard-for-the grade routes.",,La moya7b22m,,,https://climbinleonidio.com/route/la-moya-16/
12,"H.A.D.A.A tough crag on a natural terrace in a shady gorge. Naturally polished rock and tricky, hard-for-the grade routes.",,Klinke auf clinche7b+20m,,,https://climbinleonidio.com/route/klinke-auf-clinche-16/
12,"H.A.D.A.A tough crag on a natural terrace in a shady gorge. Naturally polished rock and tricky, hard-for-the grade routes.",,Michael bekyros6a+20m,,,https://climbinleonidio.com/route/michael-bekyros-16/
12,"H.A.D.A.A tough crag on a natural terrace in a shady gorge. Naturally polished rock and tricky, hard-for-the grade routes.",,Troufa7b25m,,,https://climbinleonidio.com/route/troufa-16/
12,"H.A.D.A.A tough crag on a natural terrace in a shady gorge. Naturally polished rock and tricky, hard-for-the grade routes.",,Troufa ext7c+45m,,,https://climbinleonidio.com/route/troufa-ext-16/
12,"H.A.D.A.A tough crag on a natural terrace in a shady gorge. Naturally polished rock and tricky, hard-for-the grade routes.",,Rebel without a cause7c20m,,,https://climbinleonidio.com/route/rebel-without-a-cause-16/
12,"H.A.D.A.A tough crag on a natural terrace in a shady gorge. Naturally polished rock and tricky, hard-for-the grade routes.",,Rebel without a cause ext8b+?40m,,,https://climbinleonidio.com/route/rebel-without-a-cause-ext-16/
12,"H.A.D.A.A tough crag on a natural terrace in a shady gorge. Naturally polished rock and tricky, hard-for-the grade routes.",,Piranha7b18m,,,https://climbinleonidio.com/route/piranha-16/
12,"H.A.D.A.A tough crag on a natural terrace in a shady gorge. Naturally polished rock and tricky, hard-for-the grade routes.",,Piranha aka the swarm8b+38m,,,https://climbinleonidio.com/route/piranha-aka-the-swarm-16/
12,"H.A.D.A.A tough crag on a natural terrace in a shady gorge. Naturally polished rock and tricky, hard-for-the grade routes.",,Piranha aka the swarm ext8c?45m,,,https://climbinleonidio.com/route/piranha-aka-the-swarm-ext-16/
12,"H.A.D.A.A tough crag on a natural terrace in a shady gorge. Naturally polished rock and tricky, hard-for-the grade routes.",,First blood8a25m,,,https://climbinleonidio.com/route/first-blood-16/
12,"H.A.D.A.A tough crag on a natural terrace in a shady gorge. Naturally polished rock and tricky, hard-for-the grade routes.",,Proto thema8a?25m,,,https://climbinleonidio.com/route/proto-thema-16/
12,"H.A.D.A.A tough crag on a natural terrace in a shady gorge. Naturally polished rock and tricky, hard-for-the grade routes.",,Pou paei o popeye?8b+25m,,,https://climbinleonidio.com/route/pou-paei-o-popeye-16/
12,"H.A.D.A.A tough crag on a natural terrace in a shady gorge. Naturally polished rock and tricky, hard-for-the grade routes.",,Spinach pie?30m,,,https://climbinleonidio.com/route/spinach-pie-16/
12,"H.A.D.A.A tough crag on a natural terrace in a shady gorge. Naturally polished rock and tricky, hard-for-the grade routes.",,Petran?25m,,,https://climbinleonidio.com/route/petran-16/
12,"H.A.D.A.A tough crag on a natural terrace in a shady gorge. Naturally polished rock and tricky, hard-for-the grade routes.",,Petran ext?35m,,,https://climbinleonidio.com/route/petran-ext-16/
12,"H.A.D.A.A tough crag on a natural terrace in a shady gorge. Naturally polished rock and tricky, hard-for-the grade routes.",,Fill8b?25m,,,https://climbinleonidio.com/route/fill-16/
12,"H.A.D.A.A tough crag on a natural terrace in a shady gorge. Naturally polished rock and tricky, hard-for-the grade routes.",,Kakai?25m,,,https://climbinleonidio.com/route/kakai-16/
12,"H.A.D.A.A tough crag on a natural terrace in a shady gorge. Naturally polished rock and tricky, hard-for-the grade routes.",,Talos6c+30m,,,https://climbinleonidio.com/route/talos-16/
12,"H.A.D.A.A tough crag on a natural terrace in a shady gorge. Naturally polished rock and tricky, hard-for-the grade routes.",,Kamara7a25m,,,https://climbinleonidio.com/route/kamara-16/
12,"H.A.D.A.A tough crag on a natural terrace in a shady gorge. Naturally polished rock and tricky, hard-for-the grade routes.",,Flou6c20m,,,https://climbinleonidio.com/route/flou-16/
12,"H.A.D.A.A tough crag on a natural terrace in a shady gorge. Naturally polished rock and tricky, hard-for-the grade routes.",,Sala7b+25m,,,https://climbinleonidio.com/route/sala-16/
12,"H.A.D.A.A tough crag on a natural terrace in a shady gorge. Naturally polished rock and tricky, hard-for-the grade routes.",,Chips + beer7a+22m,,,https://climbinleonidio.com/route/chips-beer-16/
12,"H.A.D.A.A tough crag on a natural terrace in a shady gorge. Naturally polished rock and tricky, hard-for-the grade routes.",,Thailand7c+10m,,,https://climbinleonidio.com/route/thailand-16/
13,"Bella VistaWell-bolted mid-grade routes, good for a sunny winter day.",,Gym6c+/7a16m,,,https://climbinleonidio.com/route/gym-16/
13,"Bella VistaWell-bolted mid-grade routes, good for a sunny winter day.",,Loose7a+20m,,,https://climbinleonidio.com/route/loose-16/
13,"Bella VistaWell-bolted mid-grade routes, good for a sunny winter day.",,Scrat7a23m,,,https://climbinleonidio.com/route/scrat-16/
13,"Bella VistaWell-bolted mid-grade routes, good for a sunny winter day.",,Scrylo7a28m,,,https://climbinleonidio.com/route/scrylo-16/
13,"Bella VistaWell-bolted mid-grade routes, good for a sunny winter day.",,Hylo7a+28m,,,https://climbinleonidio.com/route/hylo-16/
13,"Bella VistaWell-bolted mid-grade routes, good for a sunny winter day.",,Pump8a23m,,,https://climbinleonidio.com/route/pump-16/
13,"Bella VistaWell-bolted mid-grade routes, good for a sunny winter day.",,Pump ext8a43m,,,https://climbinleonidio.com/route/pump-ext-16/
13,"Bella VistaWell-bolted mid-grade routes, good for a sunny winter day.",,Rock up7b+23m,,,https://climbinleonidio.com/route/rock-up-16/
13,"Bella VistaWell-bolted mid-grade routes, good for a sunny winter day.",,Rock up ext7b+43m,,,https://climbinleonidio.com/route/rock-up-ext-16/
13,"Bella VistaWell-bolted mid-grade routes, good for a sunny winter day.",,Triple “s”6c28m,,,https://climbinleonidio.com/route/triple-s-16/
13,"Bella VistaWell-bolted mid-grade routes, good for a sunny winter day.",,Edge6b28m,,,https://climbinleonidio.com/route/edge-16/
13,"Bella VistaWell-bolted mid-grade routes, good for a sunny winter day.",,Sir yes sir6b32m,,,https://climbinleonidio.com/route/sir-yes-sir-16/
13,"Bella VistaWell-bolted mid-grade routes, good for a sunny winter day.",,Kuchen club6b32m,,,https://climbinleonidio.com/route/kuchen-club-16/
13,"Bella VistaWell-bolted mid-grade routes, good for a sunny winter day.",,Schmidi6b+30m,,,https://climbinleonidio.com/route/schmidi-16/
13,"Bella VistaWell-bolted mid-grade routes, good for a sunny winter day.",,Bella cara6a+22m,,,https://climbinleonidio.com/route/bella-cara-16/
13,"Bella VistaWell-bolted mid-grade routes, good for a sunny winter day.",,Speedy6a22m,,,https://climbinleonidio.com/route/speedy-16/
13,"Bella VistaWell-bolted mid-grade routes, good for a sunny winter day.",,Agios6a25m,,,https://climbinleonidio.com/route/agios-16/
13,"Bella VistaWell-bolted mid-grade routes, good for a sunny winter day.",,Manolis5b+23m,,,https://climbinleonidio.com/route/manolis-16/
13,"Bella VistaWell-bolted mid-grade routes, good for a sunny winter day.",,Bella tuca5b19m,,,https://climbinleonidio.com/route/bella-tuca-16/
13,"Bella VistaWell-bolted mid-grade routes, good for a sunny winter day.",,Donky door5a20m,,,https://climbinleonidio.com/route/donky-door-16/
13,"Bella VistaWell-bolted mid-grade routes, good for a sunny winter day.",,Super bibe6b+30m,,,https://climbinleonidio.com/route/super-bibe-16/
13,"Bella VistaWell-bolted mid-grade routes, good for a sunny winter day.",,Killmist onsight7a16m,,,https://climbinleonidio.com/route/killmist-onsight-16/
13,"Bella VistaWell-bolted mid-grade routes, good for a sunny winter day.",,Ram6c26m,,,https://climbinleonidio.com/route/ram-16/
13,"Bella VistaWell-bolted mid-grade routes, good for a sunny winter day.",,Crazy crog6b26m,,,https://climbinleonidio.com/route/crazy-crog-16/
13,"Bella VistaWell-bolted mid-grade routes, good for a sunny winter day.",,Stressless6b26m,,,https://climbinleonidio.com/route/stressless-16/
13,"Bella VistaWell-bolted mid-grade routes, good for a sunny winter day.",,Capprisi6c+25m,,,https://climbinleonidio.com/route/capprisi-16/
13,"Bella VistaWell-bolted mid-grade routes, good for a sunny winter day.",,Baclava7a+28m,,,https://climbinleonidio.com/route/baclava-16/
13,"Bella VistaWell-bolted mid-grade routes, good for a sunny winter day.",,Luna7a+28m,,,https://climbinleonidio.com/route/luna-16/
13,"Bella VistaWell-bolted mid-grade routes, good for a sunny winter day.",,Odin7a28m,,,https://climbinleonidio.com/route/odin-16/
13,"Bella VistaWell-bolted mid-grade routes, good for a sunny winter day.",,Rainfall7c25m,,,https://climbinleonidio.com/route/rainfall-16/
13,"Bella VistaWell-bolted mid-grade routes, good for a sunny winter day.",,Loco loco7a+25m,,,https://climbinleonidio.com/route/loco-loco-16/
13,"Bella VistaWell-bolted mid-grade routes, good for a sunny winter day.",,Bella duracella6b22m,,,https://climbinleonidio.com/route/bella-duracella-16/
13,"Bella VistaWell-bolted mid-grade routes, good for a sunny winter day.",,Do it5c+22m,,,https://climbinleonidio.com/route/do-it-16/
13,"Bella VistaWell-bolted mid-grade routes, good for a sunny winter day.",,Bella vista6a28m,,,https://climbinleonidio.com/route/bella-vista-16/
13,"Bella VistaWell-bolted mid-grade routes, good for a sunny winter day.",,Try6c+22m,,,https://climbinleonidio.com/route/try-16/
13,"Bella VistaWell-bolted mid-grade routes, good for a sunny winter day.",,Thor6c+22m,,,https://climbinleonidio.com/route/thor-16/
13,"Bella VistaWell-bolted mid-grade routes, good for a sunny winter day.",,Walk away7a+/b20m,,,https://climbinleonidio.com/route/walk-away-16/
13,"Bella VistaWell-bolted mid-grade routes, good for a sunny winter day.",,Machs nah7a+33m,,,https://climbinleonidio.com/route/machs-nah-16/
13,"Bella VistaWell-bolted mid-grade routes, good for a sunny winter day.",,For you6c30m,,,https://climbinleonidio.com/route/for-you-16/
13,"Bella VistaWell-bolted mid-grade routes, good for a sunny winter day.",,Bullshit6c30m,,,https://climbinleonidio.com/route/bullshit-16/
14,Montanejos Climbing GardenGood rock and worthwhile mid-grade routes close to town and the road. Ideal for a short session on cold or cloudy days.,,Olé5c18m,,,https://climbinleonidio.com/route/ole-16/
14,Montanejos Climbing GardenGood rock and worthwhile mid-grade routes close to town and the road. Ideal for a short session on cold or cloudy days.,,El aspirante vangelis6a18m,,,https://climbinleonidio.com/route/el-aspirante-vangelis-16/
14,Montanejos Climbing GardenGood rock and worthwhile mid-grade routes close to town and the road. Ideal for a short session on cold or cloudy days.,,Grado comercial6b16m,,,https://climbinleonidio.com/route/grado-comercial-16/
14,Montanejos Climbing GardenGood rock and worthwhile mid-grade routes close to town and the road. Ideal for a short session on cold or cloudy days.,,Montanejos no esta lejos7a18m,,,https://climbinleonidio.com/route/montanejos-no-esta-lejos-16/
14,Montanejos Climbing GardenGood rock and worthwhile mid-grade routes close to town and the road. Ideal for a short session on cold or cloudy days.,,Monta-que??7a+18m,,,https://climbinleonidio.com/route/monta-que-16/
14,Montanejos Climbing GardenGood rock and worthwhile mid-grade routes close to town and the road. Ideal for a short session on cold or cloudy days.,,Mpoumpis the man7b+18m,,,https://climbinleonidio.com/route/mpoumpis-the-man-16/
14,Montanejos Climbing GardenGood rock and worthwhile mid-grade routes close to town and the road. Ideal for a short session on cold or cloudy days.,,Spain top 106c+14m,,,https://climbinleonidio.com/route/spain-top-10-16/
14,Montanejos Climbing GardenGood rock and worthwhile mid-grade routes close to town and the road. Ideal for a short session on cold or cloudy days.,,Montanejos rock climbing7b+21m,,,https://climbinleonidio.com/route/montanejos-rock-climbing-16/
14,Montanejos Climbing GardenGood rock and worthwhile mid-grade routes close to town and the road. Ideal for a short session on cold or cloudy days.,09100,,09100,,https://climbinleonidio.com/route/100-dias-en-leonidio-16/
14,Montanejos Climbing GardenGood rock and worthwhile mid-grade routes close to town and the road. Ideal for a short session on cold or cloudy days.,10100,,10100,,https://climbinleonidio.com/route/100-dias-en-leonidio-ext-16/
14,Montanejos Climbing GardenGood rock and worthwhile mid-grade routes close to town and the road. Ideal for a short session on cold or cloudy days.,,Ten days of my life6b+15m,,,https://climbinleonidio.com/route/ten-days-of-my-life-16/
14,Montanejos Climbing GardenGood rock and worthwhile mid-grade routes close to town and the road. Ideal for a short session on cold or cloudy days.,,Ten days of my life ext7a+19m,,,https://climbinleonidio.com/route/ten-days-of-my-life-ext-16/
14,Montanejos Climbing GardenGood rock and worthwhile mid-grade routes close to town and the road. Ideal for a short session on cold or cloudy days.,,"Cana, celcas y proyecto7a+19m",,,https://climbinleonidio.com/route/cana-celcas-y-proyecto-16/
14,Montanejos Climbing GardenGood rock and worthwhile mid-grade routes close to town and the road. Ideal for a short session on cold or cloudy days.,,A vista sin despeinarse7a17m,,,https://climbinleonidio.com/route/a-vista-sin-despeinarse-16/
14,Montanejos Climbing GardenGood rock and worthwhile mid-grade routes close to town and the road. Ideal for a short session on cold or cloudy days.,,Le llamaban trinidad7a17m,,,https://climbinleonidio.com/route/le-llamaban-trinidad-16/
14,Montanejos Climbing GardenGood rock and worthwhile mid-grade routes close to town and the road. Ideal for a short session on cold or cloudy days.,,Parabolt-man7b20m,,,https://climbinleonidio.com/route/parabolt-man-16/
14,Montanejos Climbing GardenGood rock and worthwhile mid-grade routes close to town and the road. Ideal for a short session on cold or cloudy days.,,Estilo onijbese7c+20m,,,https://climbinleonidio.com/route/estilo-onijbese-16/
14,Montanejos Climbing GardenGood rock and worthwhile mid-grade routes close to town and the road. Ideal for a short session on cold or cloudy days.,,Climbing paradise7a+22m,,,https://climbinleonidio.com/route/climbing-paradise-16/
14,Montanejos Climbing GardenGood rock and worthwhile mid-grade routes close to town and the road. Ideal for a short session on cold or cloudy days.,,Busi’s smile6c16m,,,https://climbinleonidio.com/route/busis-smile-16/
14,Montanejos Climbing GardenGood rock and worthwhile mid-grade routes close to town and the road. Ideal for a short session on cold or cloudy days.,2020,,2020,,https://climbinleonidio.com/route/20-anos-de-diferencia-16/
14,Montanejos Climbing GardenGood rock and worthwhile mid-grade routes close to town and the road. Ideal for a short session on cold or cloudy days.,,Hohlspiegel6a+20m,,,https://climbinleonidio.com/route/hohlspiegel-16/
15,15LoupasA massive wall very close to town with wel,,Don’t follow me6a+22m,,,https://climbinleonidio.com/route/dont-follow-me-16/
15,15LoupasA massive wall very close to town with wel,,I am crazy6c22m,,,https://climbinleonidio.com/route/i-am-crazy-16/
15,15LoupasA massive wall very close to town with wel,,Geff6b+22m,,,https://climbinleonidio.com/route/geff-16/
15,15LoupasA massive wall very close to town with wel,,Tim6b+22m,,,https://climbinleonidio.com/route/tim-16/
15,15LoupasA massive wall very close to town with wel,,Joakim6b+28m,,,https://climbinleonidio.com/route/joakim-16/
15,15LoupasA massive wall very close to town with wel,,Anabouboula6c+35m,,,https://climbinleonidio.com/route/anabouboula-16/
15,15LoupasA massive wall very close to town with wel,,Anabouboula ext7a+40m,,,https://climbinleonidio.com/route/anabouboula-ext-16/
15,15LoupasA massive wall very close to town with wel,,Resist and bite6b+25m,,,https://climbinleonidio.com/route/resist-and-bite-16/
15,15LoupasA massive wall very close to town with wel,,Resist and bite ext7a40m,,,https://climbinleonidio.com/route/resist-and-bite-ext-16/
15,15LoupasA massive wall very close to town with wel,,Gay division6b+20m,,,https://climbinleonidio.com/route/gay-division-16/
15,15LoupasA massive wall very close to town with wel,,Gay division ext7a+23m,,,https://climbinleonidio.com/route/gay-division-ext-16/
15,15LoupasA massive wall very close to town with wel,,Dimiltruc6b18m,,,https://climbinleonidio.com/route/dimiltruc-16/
15,15LoupasA massive wall very close to town with wel,,Dimiltruc ext7a28m,,,https://climbinleonidio.com/route/dimiltruc-ext-16/
15,15LoupasA massive wall very close to town with wel,,Alma6b18m,,,https://climbinleonidio.com/route/alma-16/
15,15LoupasA massive wall very close to town with wel,,Kosmina6b18m,,,https://climbinleonidio.com/route/kosmina-16/
15,15LoupasA massive wall very close to town with wel,,Boss of liars6c20m,,,https://climbinleonidio.com/route/boss-of-liars-16/
15,15LoupasA massive wall very close to town with wel,,Boss of liars ext??m,,,https://climbinleonidio.com/route/boss-of-liars-ext-16/
15,15LoupasA massive wall very close to town with wel,,Happy birthday marcel6b+30m,,,https://climbinleonidio.com/route/happy-birthday-marcel-16/
15,15LoupasA massive wall very close to town with wel,,Happy birthday marcel ext7b40m,,,https://climbinleonidio.com/route/happy-birthday-marcel-ext-16/
15,15LoupasA massive wall very close to town with wel,,Hellfest6c30m,,,https://climbinleonidio.com/route/hellfest-16/
15,15LoupasA massive wall very close to town with wel,,Hellfest ext7a 2pa40m,,,https://climbinleonidio.com/route/hellfest-ext-16/
15,15LoupasA massive wall very close to town with wel,,Long life to felix7a25m,,,https://climbinleonidio.com/route/long-life-to-felix-16/
15,15LoupasA massive wall very close to town with wel,,M&m’s6c20m,,,https://climbinleonidio.com/route/mms-16/
15,15LoupasA massive wall very close to town with wel,,King of metal6c?25m,,,https://climbinleonidio.com/route/king-of-metal-16/
15,15LoupasA massive wall very close to town with wel,,Rapeminot6b20m,,,https://climbinleonidio.com/route/rapeminot-16/
15,15LoupasA massive wall very close to town with wel,,Rapeminot ext left6c25m,,,https://climbinleonidio.com/route/rapeminot-ext-left-16/
15,15LoupasA massive wall very close to town with wel,,Xanthos6c20m,,,https://climbinleonidio.com/route/xanthos-16/
15,15LoupasA massive wall very close to town with wel,,Giouzelito6c25m,,,https://climbinleonidio.com/route/giouzelito-16/
15,15LoupasA massive wall very close to town with wel,,Rock on6b18m,,,https://climbinleonidio.com/route/rock-on-16/
15,15LoupasA massive wall very close to town with wel,,Cost desir6a+18m,,,https://climbinleonidio.com/route/cost-desir-16/
15,15LoupasA massive wall very close to town with wel,,Plethon6b+20m,,,https://climbinleonidio.com/route/plethon-16/
15,15LoupasA massive wall very close to town with wel,,Plethon ext7b30m,,,https://climbinleonidio.com/route/plethon-ext-16/
15,15LoupasA massive wall very close to town with wel,,Sat106b+18m,,,https://climbinleonidio.com/route/sat10-16/
15,15LoupasA massive wall very close to town with wel,,Hemlock7a+28m,,,https://climbinleonidio.com/route/hemlock-16/
15,15LoupasA massive wall very close to town with wel,,Man on the moon6b+30m,,,https://climbinleonidio.com/route/man-on-the-moon-16/
15,15LoupasA massive wall very close to town with wel,,Attalus6b+25m,,,https://climbinleonidio.com/route/attalus-16/
15,15LoupasA massive wall very close to town with wel,,Pausaius6a20m,,,https://climbinleonidio.com/route/pausaius-16/
15,15LoupasA massive wall very close to town with wel,,Pausaius ext6c25m,,,https://climbinleonidio.com/route/pausaius-ext-16/
15,15LoupasA massive wall very close to town with wel,,Caryatid6b+20m,,,https://climbinleonidio.com/route/caryatid-16/
15,15LoupasA massive wall very close to town with wel,,Mnesicles6c+20m,,,https://climbinleonidio.com/route/mnesicles-16/
15,15LoupasA massive wall very close to town with wel,,Wall of kimono7a25m,,,https://climbinleonidio.com/route/wall-of-kimono-16/
15,15LoupasA massive wall very close to town with wel,,Valerian7a25m,,,https://climbinleonidio.com/route/valerian-16/
15,15LoupasA massive wall very close to town with wel,,Kafe elliniko6c25m,,,https://climbinleonidio.com/route/kafe-elliniko-16/
15,15LoupasA massive wall very close to town with wel,,Kafe fredo6c+25m,,,https://climbinleonidio.com/route/kafe-fredo-16/
15,15LoupasA massive wall very close to town with wel,,Plato’s academy6b+28m,,,https://climbinleonidio.com/route/platos-academy-16/
15,15LoupasA massive wall very close to town with wel,,Socrates6b+27m,,,https://climbinleonidio.com/route/socrates-16/
15,15LoupasA massive wall very close to town with wel,,Famous star6b+20m,,,https://climbinleonidio.com/route/famous-star-16/
15,15LoupasA massive wall very close to town with wel,,Psycho killer6b16m,,,https://climbinleonidio.com/route/psycho-killer-16/
16,AresosA small crag with sweepoing views of Leonidio and the valley.,,Koutza-koutza6a+20m,,,https://climbinleonidio.com/route/koutza-koutza-16/
16,AresosA small crag with sweepoing views of Leonidio and the valley.,,Remy and partners7a20m,,,https://climbinleonidio.com/route/remy-and-partners-16/
16,AresosA small crag with sweepoing views of Leonidio and the valley.,,Kosterlitz7c+40m,,,https://climbinleonidio.com/route/kosterlitz-16/
16,AresosA small crag with sweepoing views of Leonidio and the valley.,,Happy sachi7b+20m,,,https://climbinleonidio.com/route/happy-sachi-16/
16,AresosA small crag with sweepoing views of Leonidio and the valley.,,Koue & katsoua7b25m,,,https://climbinleonidio.com/route/koue-katsoua-16/
16,AresosA small crag with sweepoing views of Leonidio and the valley.,,French tv5c15m,,,https://climbinleonidio.com/route/french-tv-16/
16,AresosA small crag with sweepoing views of Leonidio and the valley.,,French tv ext6a20m,,,https://climbinleonidio.com/route/french-tv-ext-16/
16,AresosA small crag with sweepoing views of Leonidio and the valley.,,Al capone5b15m,,,https://climbinleonidio.com/route/al-capone-16/
16,AresosA small crag with sweepoing views of Leonidio and the valley.,,Al capone ext6a+20m,,,https://climbinleonidio.com/route/al-capone-ext-16/
16,AresosA small crag with sweepoing views of Leonidio and the valley.,,Snorky5a15m,,,https://climbinleonidio.com/route/snorky-16/
16,AresosA small crag with sweepoing views of Leonidio and the valley.,,Snorky ext6a20m,,,https://climbinleonidio.com/route/snorky-ext-16/
16,AresosA small crag with sweepoing views of Leonidio and the valley.,,Aris the great5b15m,,,https://climbinleonidio.com/route/aris-the-great-16/
16,AresosA small crag with sweepoing views of Leonidio and the valley.,,Aris the great ext6a20m,,,https://climbinleonidio.com/route/aris-the-great-ext-16/
16,AresosA small crag with sweepoing views of Leonidio and the valley.,,Kalopitas5b12m,,,https://climbinleonidio.com/route/kalopitas-16/
16,AresosA small crag with sweepoing views of Leonidio and the valley.,,Kalopitas ext6a20m,,,https://climbinleonidio.com/route/kalopitas-ext-16/
16,AresosA small crag with sweepoing views of Leonidio and the valley.,,Kavas6a20m,,,https://climbinleonidio.com/route/kavas-16/
16,AresosA small crag with sweepoing views of Leonidio and the valley.,,Agrodinami5c25m,,,https://climbinleonidio.com/route/agrodinami-16/
16,AresosA small crag with sweepoing views of Leonidio and the valley.,,Terpnon6a+25m,,,https://climbinleonidio.com/route/terpnon-16/
16,AresosA small crag with sweepoing views of Leonidio and the valley.,,Agroktima6b25m,,,https://climbinleonidio.com/route/agroktima-16/
16,AresosA small crag with sweepoing views of Leonidio and the valley.,,Vervesos6a+25m,,,https://climbinleonidio.com/route/vervesos-16/
16,AresosA small crag with sweepoing views of Leonidio and the valley.,,Protocollon6a+25m,,,https://climbinleonidio.com/route/protocollon-16/
16,AresosA small crag with sweepoing views of Leonidio and the valley.,,Politimou6a20m,,,https://climbinleonidio.com/route/politimou-16/
17,"PountaA remote crag with great views, good rock quality, and old-school climbing style. A long path, though, and not very good bolting.",,Kouloheris6c17m,,,https://climbinleonidio.com/route/kouloheris-16/
17,"PountaA remote crag with great views, good rock quality, and old-school climbing style. A long path, though, and not very good bolting.",,Monoheiros6c+15m,,,https://climbinleonidio.com/route/monoheiros-16/
17,"PountaA remote crag with great views, good rock quality, and old-school climbing style. A long path, though, and not very good bolting.",,Hasapis6c17m,,,https://climbinleonidio.com/route/hasapis-16/
17,"PountaA remote crag with great views, good rock quality, and old-school climbing style. A long path, though, and not very good bolting.",,Dihotomistis6b+20m,,,https://climbinleonidio.com/route/dihotomistis-16/
17,"PountaA remote crag with great views, good rock quality, and old-school climbing style. A long path, though, and not very good bolting.",,Me to heri sto mahairi7a+22m,,,https://climbinleonidio.com/route/me-to-heri-sto-mahairi-16/
17,"PountaA remote crag with great views, good rock quality, and old-school climbing style. A long path, though, and not very good bolting.",,The wizard of rose6c+25m,,,https://climbinleonidio.com/route/the-wizard-of-rose-16/
17,"PountaA remote crag with great views, good rock quality, and old-school climbing style. A long path, though, and not very good bolting.",,Jenka6c28m,,,https://climbinleonidio.com/route/jenka-16/
17,"PountaA remote crag with great views, good rock quality, and old-school climbing style. A long path, though, and not very good bolting.",,Fasoulas6c+30m,,,https://climbinleonidio.com/route/fasoulas-16/
17,"PountaA remote crag with great views, good rock quality, and old-school climbing style. A long path, though, and not very good bolting.",,Golgotha6c+27m,,,https://climbinleonidio.com/route/golgotha-16/
17,"PountaA remote crag with great views, good rock quality, and old-school climbing style. A long path, though, and not very good bolting.",,Atarax7b25m,,,https://climbinleonidio.com/route/atarax-16/
17,"PountaA remote crag with great views, good rock quality, and old-school climbing style. A long path, though, and not very good bolting.",,Schizofrenic7b30m,,,https://climbinleonidio.com/route/schizofrenic-16/
17,"PountaA remote crag with great views, good rock quality, and old-school climbing style. A long path, though, and not very good bolting.",,Tenks7b30m,,,https://climbinleonidio.com/route/tenks-16/
17,"PountaA remote crag with great views, good rock quality, and old-school climbing style. A long path, though, and not very good bolting.",,Aporia7b30m,,,https://climbinleonidio.com/route/aporia-16/
17,"PountaA remote crag with great views, good rock quality, and old-school climbing style. A long path, though, and not very good bolting.",,Tsimpouri7b30m,,,https://climbinleonidio.com/route/tsimpouri-16/
17,"PountaA remote crag with great views, good rock quality, and old-school climbing style. A long path, though, and not very good bolting.",,Apokamesa6c30m,,,https://climbinleonidio.com/route/apokamesa-16/
17,"PountaA remote crag with great views, good rock quality, and old-school climbing style. A long path, though, and not very good bolting.",,Protypo7b30m,,,https://climbinleonidio.com/route/protypo-16/
17,"PountaA remote crag with great views, good rock quality, and old-school climbing style. A long path, though, and not very good bolting.",,Kakektypo6c+25m,,,https://climbinleonidio.com/route/kakektypo-16/
17,"PountaA remote crag with great views, good rock quality, and old-school climbing style. A long path, though, and not very good bolting.",,Sti stegou6c+25m,,,https://climbinleonidio.com/route/sti-stegou-16/
18,"Twin cavesBig variety in routes, grades, and styles, plus a short approach. Easier slabs on the left, insane tufas in the caves. A local classic.",,Dumaneska5c22m,,,https://climbinleonidio.com/route/dumaneska-16/
18,"Twin cavesBig variety in routes, grades, and styles, plus a short approach. Easier slabs on the left, insane tufas in the caves. A local classic.",,Gumbo5c+25m,,,https://climbinleonidio.com/route/gumbo-16/
18,"Twin cavesBig variety in routes, grades, and styles, plus a short approach. Easier slabs on the left, insane tufas in the caves. A local classic.",,Bebelino5c25m,,,https://climbinleonidio.com/route/bebelino-16/
18,"Twin cavesBig variety in routes, grades, and styles, plus a short approach. Easier slabs on the left, insane tufas in the caves. A local classic.",,Chrisiktisia6a25m,,,https://climbinleonidio.com/route/chrisiktisia-16/
18,"Twin cavesBig variety in routes, grades, and styles, plus a short approach. Easier slabs on the left, insane tufas in the caves. A local classic.",,Limoncello5c+22m,,,https://climbinleonidio.com/route/limoncello-16/
18,"Twin cavesBig variety in routes, grades, and styles, plus a short approach. Easier slabs on the left, insane tufas in the caves. A local classic.",,Parahorisi6c25m,,,https://climbinleonidio.com/route/parahorisi-16/
18,"Twin cavesBig variety in routes, grades, and styles, plus a short approach. Easier slabs on the left, insane tufas in the caves. A local classic.",,Tsibouri6a15m,,,https://climbinleonidio.com/route/tsibouri-16/
18,"Twin cavesBig variety in routes, grades, and styles, plus a short approach. Easier slabs on the left, insane tufas in the caves. A local classic.",,Tsibouri ext6c+25m,,,https://climbinleonidio.com/route/tsibouri-ext-16/
18,"Twin cavesBig variety in routes, grades, and styles, plus a short approach. Easier slabs on the left, insane tufas in the caves. A local classic.",,Nanaki6b15m,,,https://climbinleonidio.com/route/nanaki-16/
18,"Twin cavesBig variety in routes, grades, and styles, plus a short approach. Easier slabs on the left, insane tufas in the caves. A local classic.",,Avgi6b+18m,,,https://climbinleonidio.com/route/avgi-16/
18,"Twin cavesBig variety in routes, grades, and styles, plus a short approach. Easier slabs on the left, insane tufas in the caves. A local classic.",,Π-noccio6b+20m,,,https://climbinleonidio.com/route/%cf%80-noccio-16/
18,"Twin cavesBig variety in routes, grades, and styles, plus a short approach. Easier slabs on the left, insane tufas in the caves. A local classic.",,The paradox of our age6c30m,,,https://climbinleonidio.com/route/the-paradox-of-our-age-16/
18,"Twin cavesBig variety in routes, grades, and styles, plus a short approach. Easier slabs on the left, insane tufas in the caves. A local classic.",,Agrimi6b+20m,,,https://climbinleonidio.com/route/agrimi-16/
18,"Twin cavesBig variety in routes, grades, and styles, plus a short approach. Easier slabs on the left, insane tufas in the caves. A local classic.",,Crippled6b20m,,,https://climbinleonidio.com/route/crippled-16/
18,"Twin cavesBig variety in routes, grades, and styles, plus a short approach. Easier slabs on the left, insane tufas in the caves. A local classic.",,Peripatos6b20m,,,https://climbinleonidio.com/route/peripatos-16/
18,"Twin cavesBig variety in routes, grades, and styles, plus a short approach. Easier slabs on the left, insane tufas in the caves. A local classic.",,Salate6a20m,,,https://climbinleonidio.com/route/salate-16/
18,"Twin cavesBig variety in routes, grades, and styles, plus a short approach. Easier slabs on the left, insane tufas in the caves. A local classic.",,Vromika myala7a+25m,,,https://climbinleonidio.com/route/vromika-myala-16/
18,"Twin cavesBig variety in routes, grades, and styles, plus a short approach. Easier slabs on the left, insane tufas in the caves. A local classic.",,Panacea8a+27m,,,https://climbinleonidio.com/route/panacea-16/
18,"Twin cavesBig variety in routes, grades, and styles, plus a short approach. Easier slabs on the left, insane tufas in the caves. A local classic.",,Jeremy7c+25m,,,https://climbinleonidio.com/route/jeremy-16/
18,"Twin cavesBig variety in routes, grades, and styles, plus a short approach. Easier slabs on the left, insane tufas in the caves. A local classic.",,Jeremy ext8a35m,,,https://climbinleonidio.com/route/jeremy-ext-16/
18,"Twin cavesBig variety in routes, grades, and styles, plus a short approach. Easier slabs on the left, insane tufas in the caves. A local classic.",,Chipotle7b+22m,,,https://climbinleonidio.com/route/chipotle-16/
18,"Twin cavesBig variety in routes, grades, and styles, plus a short approach. Easier slabs on the left, insane tufas in the caves. A local classic.",,Bonobo7b22m,,,https://climbinleonidio.com/route/bonobo-16/
18,"Twin cavesBig variety in routes, grades, and styles, plus a short approach. Easier slabs on the left, insane tufas in the caves. A local classic.",,Bonobo ext7c35m,,,https://climbinleonidio.com/route/bonobo-ext-16/
18,"Twin cavesBig variety in routes, grades, and styles, plus a short approach. Easier slabs on the left, insane tufas in the caves. A local classic.",,Mr Magoo7b+22m,,,https://climbinleonidio.com/route/mr-magoo-16/
18,"Twin cavesBig variety in routes, grades, and styles, plus a short approach. Easier slabs on the left, insane tufas in the caves. A local classic.",,Mr Magoo ext7c+32m,,,https://climbinleonidio.com/route/mr-magoo-ext-16/
18,"Twin cavesBig variety in routes, grades, and styles, plus a short approach. Easier slabs on the left, insane tufas in the caves. A local classic.",,Tufandango8a+25m,,,https://climbinleonidio.com/route/tufandango-16/
18,"Twin cavesBig variety in routes, grades, and styles, plus a short approach. Easier slabs on the left, insane tufas in the caves. A local classic.",,Tufandango ext8b35m,,,https://climbinleonidio.com/route/tufandango-ext-16/
18,"Twin cavesBig variety in routes, grades, and styles, plus a short approach. Easier slabs on the left, insane tufas in the caves. A local classic.",,Orion8b25m,,,https://climbinleonidio.com/route/orion-16/
18,"Twin cavesBig variety in routes, grades, and styles, plus a short approach. Easier slabs on the left, insane tufas in the caves. A local classic.",,Gravity8b+35m,,,https://climbinleonidio.com/route/gravity-16/
18,"Twin cavesBig variety in routes, grades, and styles, plus a short approach. Easier slabs on the left, insane tufas in the caves. A local classic.",,Columna vertebralis8b?40m,,,https://climbinleonidio.com/route/columna-vertebralis-16/
18,"Twin cavesBig variety in routes, grades, and styles, plus a short approach. Easier slabs on the left, insane tufas in the caves. A local classic.",,Morchi8b25m,,,https://climbinleonidio.com/route/morchi-16/
18,"Twin cavesBig variety in routes, grades, and styles, plus a short approach. Easier slabs on the left, insane tufas in the caves. A local classic.",,Gaidura dura8b30m,,,https://climbinleonidio.com/route/gaidura-dura-16/
18,"Twin cavesBig variety in routes, grades, and styles, plus a short approach. Easier slabs on the left, insane tufas in the caves. A local classic.",,Anelkysi8a27m,,,https://climbinleonidio.com/route/anelkysi-16/
18,"Twin cavesBig variety in routes, grades, and styles, plus a short approach. Easier slabs on the left, insane tufas in the caves. A local classic.",,A pig in the roof8a+23m,,,https://climbinleonidio.com/route/a-pig-in-the-roof-16/
18,"Twin cavesBig variety in routes, grades, and styles, plus a short approach. Easier slabs on the left, insane tufas in the caves. A local classic.",,Spinster8b+30m,,,https://climbinleonidio.com/route/spinster-16/
18,"Twin cavesBig variety in routes, grades, and styles, plus a short approach. Easier slabs on the left, insane tufas in the caves. A local classic.",,No name 368b27m,,,https://climbinleonidio.com/route/no-name-36-16/
18,"Twin cavesBig variety in routes, grades, and styles, plus a short approach. Easier slabs on the left, insane tufas in the caves. A local classic.",,Stock8b27m,,,https://climbinleonidio.com/route/stock-16/
18,"Twin cavesBig variety in routes, grades, and styles, plus a short approach. Easier slabs on the left, insane tufas in the caves. A local classic.",,Patata negra8a25m,,,https://climbinleonidio.com/route/patata-negra-16/
18,"Twin cavesBig variety in routes, grades, and styles, plus a short approach. Easier slabs on the left, insane tufas in the caves. A local classic.",,Fata morgana7c+25m,,,https://climbinleonidio.com/route/fata-morgana-16/
18,"Twin cavesBig variety in routes, grades, and styles, plus a short approach. Easier slabs on the left, insane tufas in the caves. A local classic.",,Bread and salt7c25m,,,https://climbinleonidio.com/route/bread-and-salt-16/
18,"Twin cavesBig variety in routes, grades, and styles, plus a short approach. Easier slabs on the left, insane tufas in the caves. A local classic.",,Psaromalis6c+20m,,,https://climbinleonidio.com/route/psaromalis-16/
18,"Twin cavesBig variety in routes, grades, and styles, plus a short approach. Easier slabs on the left, insane tufas in the caves. A local classic.",,Autopsia7b+18m,,,https://climbinleonidio.com/route/autopsia-16/
18,"Twin cavesBig variety in routes, grades, and styles, plus a short approach. Easier slabs on the left, insane tufas in the caves. A local classic.",,Räuber fotzenklotz7c+15m,,,https://climbinleonidio.com/route/rauber-fotzenklotz-16/
18,"Twin cavesBig variety in routes, grades, and styles, plus a short approach. Easier slabs on the left, insane tufas in the caves. A local classic.",,No name 448a+18m,,,https://climbinleonidio.com/route/no-name-44-32/
18,"Twin cavesBig variety in routes, grades, and styles, plus a short approach. Easier slabs on the left, insane tufas in the caves. A local classic.",,No surrender8a18m,,,https://climbinleonidio.com/route/no-surrender-16/
18,"Twin cavesBig variety in routes, grades, and styles, plus a short approach. Easier slabs on the left, insane tufas in the caves. A local classic.",,What8a+18m,,,https://climbinleonidio.com/route/what-16/
19,"Crash of the TitansA small roofy cave further to the right of Twin Caves. Short routes in the cave, slightly longer mid-grade routes on the sides.",,Lycee5c20m,,,https://climbinleonidio.com/route/lycee-16/
19,"Crash of the TitansA small roofy cave further to the right of Twin Caves. Short routes in the cave, slightly longer mid-grade routes on the sides.",,Soul sacrifice6b+18m,,,https://climbinleonidio.com/route/soul-sacrifice-16/
19,"Crash of the TitansA small roofy cave further to the right of Twin Caves. Short routes in the cave, slightly longer mid-grade routes on the sides.",,Moonage daydream6c+15m,,,https://climbinleonidio.com/route/moonage-daydream-16/
19,"Crash of the TitansA small roofy cave further to the right of Twin Caves. Short routes in the cave, slightly longer mid-grade routes on the sides.",,Child in time7b15m,,,https://climbinleonidio.com/route/child-in-time-16/
19,"Crash of the TitansA small roofy cave further to the right of Twin Caves. Short routes in the cave, slightly longer mid-grade routes on the sides.",,Working class hero7c15m,,,https://climbinleonidio.com/route/working-class-hero-16/
19,"Crash of the TitansA small roofy cave further to the right of Twin Caves. Short routes in the cave, slightly longer mid-grade routes on the sides.",,Beefcake6c+18m,,,https://climbinleonidio.com/route/beefcake-16/
19,"Crash of the TitansA small roofy cave further to the right of Twin Caves. Short routes in the cave, slightly longer mid-grade routes on the sides.",,Contenance7b18m,,,https://climbinleonidio.com/route/contenance-16/
19,"Crash of the TitansA small roofy cave further to the right of Twin Caves. Short routes in the cave, slightly longer mid-grade routes on the sides.",,Laissez faire7b18m,,,https://climbinleonidio.com/route/laissez-faire-16/
19,"Crash of the TitansA small roofy cave further to the right of Twin Caves. Short routes in the cave, slightly longer mid-grade routes on the sides.",,Glykouli6b+12m,,,https://climbinleonidio.com/route/glykouli-16/
19,"Crash of the TitansA small roofy cave further to the right of Twin Caves. Short routes in the cave, slightly longer mid-grade routes on the sides.",,Glykouli ext7b35m,,,https://climbinleonidio.com/route/glykouli-ext-16/
19,"Crash of the TitansA small roofy cave further to the right of Twin Caves. Short routes in the cave, slightly longer mid-grade routes on the sides.",,Helter skelter6b+12m,,,https://climbinleonidio.com/route/helter-skelter-16/
19,"Crash of the TitansA small roofy cave further to the right of Twin Caves. Short routes in the cave, slightly longer mid-grade routes on the sides.",,Helter skelter ext7c38m,,,https://climbinleonidio.com/route/helter-skelter-ext-16/
19,"Crash of the TitansA small roofy cave further to the right of Twin Caves. Short routes in the cave, slightly longer mid-grade routes on the sides.",,White tufa7c15m,,,https://climbinleonidio.com/route/white-tufa-16/
19,"Crash of the TitansA small roofy cave further to the right of Twin Caves. Short routes in the cave, slightly longer mid-grade routes on the sides.",,White tufa > helter ext8b?35m,,,https://climbinleonidio.com/route/white-tufa-helter-ext-16/
19,"Crash of the TitansA small roofy cave further to the right of Twin Caves. Short routes in the cave, slightly longer mid-grade routes on the sides.",,White tufa > roof crack ext7c+20m,,,https://climbinleonidio.com/route/white-tufa-roof-crack-ext-16/
19,"Crash of the TitansA small roofy cave further to the right of Twin Caves. Short routes in the cave, slightly longer mid-grade routes on the sides.",,Owl flash!7a+12m,,,https://climbinleonidio.com/route/owl-flash-16/
19,"Crash of the TitansA small roofy cave further to the right of Twin Caves. Short routes in the cave, slightly longer mid-grade routes on the sides.",,Owl flash! Ext7b+15m,,,https://climbinleonidio.com/route/owl-flash-ext-16/
19,"Crash of the TitansA small roofy cave further to the right of Twin Caves. Short routes in the cave, slightly longer mid-grade routes on the sides.",,Ex utero6c+15m,,,https://climbinleonidio.com/route/ex-utero-16/
19,"Crash of the TitansA small roofy cave further to the right of Twin Caves. Short routes in the cave, slightly longer mid-grade routes on the sides.",,Inner smile > ex utero7b15m,,,https://climbinleonidio.com/route/inner-smile-ex-utero-16/
19,"Crash of the TitansA small roofy cave further to the right of Twin Caves. Short routes in the cave, slightly longer mid-grade routes on the sides.",,Inner smile roof ext7b+20m,,,https://climbinleonidio.com/route/inner-smile-roof-ext-16/
19,"Crash of the TitansA small roofy cave further to the right of Twin Caves. Short routes in the cave, slightly longer mid-grade routes on the sides.",,Serendipity7c+18m,,,https://climbinleonidio.com/route/serendipity-16/
19,"Crash of the TitansA small roofy cave further to the right of Twin Caves. Short routes in the cave, slightly longer mid-grade routes on the sides.",,Perseus7c16m,,,https://climbinleonidio.com/route/perseus-16/
19,"Crash of the TitansA small roofy cave further to the right of Twin Caves. Short routes in the cave, slightly longer mid-grade routes on the sides.",,Perseus ext8a35m,,,https://climbinleonidio.com/route/perseus-ext-16/
19,"Crash of the TitansA small roofy cave further to the right of Twin Caves. Short routes in the cave, slightly longer mid-grade routes on the sides.",,Trash of the titans6b+20m,,,https://climbinleonidio.com/route/trash-of-the-titans-16/
19,"Crash of the TitansA small roofy cave further to the right of Twin Caves. Short routes in the cave, slightly longer mid-grade routes on the sides.",,Mnemosyne6b22m,,,https://climbinleonidio.com/route/mnemosyne-16/
19,"Crash of the TitansA small roofy cave further to the right of Twin Caves. Short routes in the cave, slightly longer mid-grade routes on the sides.",,Titans in tights6c25m,,,https://climbinleonidio.com/route/titans-in-tights-16/
19,"Crash of the TitansA small roofy cave further to the right of Twin Caves. Short routes in the cave, slightly longer mid-grade routes on the sides.",,Spartacus7a+25m,,,https://climbinleonidio.com/route/spartacus-16/
19,"Crash of the TitansA small roofy cave further to the right of Twin Caves. Short routes in the cave, slightly longer mid-grade routes on the sides.",,Minka7a+25m,,,https://climbinleonidio.com/route/minka-16/
19,"Crash of the TitansA small roofy cave further to the right of Twin Caves. Short routes in the cave, slightly longer mid-grade routes on the sides.",,Choukaton6b30m,,,https://climbinleonidio.com/route/choukaton-16/
20,BalconyA marble-like wall with hard routes above a narrow natural terrace. Great views to the sea.,,Mari-mari7b+30m,,,https://climbinleonidio.com/route/mari-mari-16/
20,BalconyA marble-like wall with hard routes above a narrow natural terrace. Great views to the sea.,,Jaguarista6c+20m,,,https://climbinleonidio.com/route/jaguarista-16/
20,BalconyA marble-like wall with hard routes above a narrow natural terrace. Great views to the sea.,,Agar-agar7b+30m,,,https://climbinleonidio.com/route/agar-agar-16/
20,BalconyA marble-like wall with hard routes above a narrow natural terrace. Great views to the sea.,,Kanena fa gia ton mikro7c20m,,,https://climbinleonidio.com/route/kanena-fa-gia-ton-mikro-16/
20,BalconyA marble-like wall with hard routes above a narrow natural terrace. Great views to the sea.,,Kanena fa gia ton mikro ext7c45m,,,https://climbinleonidio.com/route/kanena-fa-gia-ton-mikro-ext-16/
20,BalconyA marble-like wall with hard routes above a narrow natural terrace. Great views to the sea.,,Colonize7b+15m,,,https://climbinleonidio.com/route/colonize-16/
20,BalconyA marble-like wall with hard routes above a narrow natural terrace. Great views to the sea.,,Vaskina highway7a+40m,,,https://climbinleonidio.com/route/vaskina-highway-16/
20,BalconyA marble-like wall with hard routes above a narrow natural terrace. Great views to the sea.,,Vaskina integrale7b+40m,,,https://climbinleonidio.com/route/vaskina-integrale-16/
20,BalconyA marble-like wall with hard routes above a narrow natural terrace. Great views to the sea.,,Epistegasma7a30m,,,https://climbinleonidio.com/route/epistegasma-16/
20,BalconyA marble-like wall with hard routes above a narrow natural terrace. Great views to the sea.,,Epistegasma ext7a+40m,,,https://climbinleonidio.com/route/epistegasma-ext-16/
20,BalconyA marble-like wall with hard routes above a narrow natural terrace. Great views to the sea.,,Clapsody6c+28m,,,https://climbinleonidio.com/route/clapsody-16/
20,BalconyA marble-like wall with hard routes above a narrow natural terrace. Great views to the sea.,,Clapsody ext7b+40m,,,https://climbinleonidio.com/route/clapsody-ext-16/
20,BalconyA marble-like wall with hard routes above a narrow natural terrace. Great views to the sea.,,Tres jolie7b+25m,,,https://climbinleonidio.com/route/tres-jolie-16/
20,BalconyA marble-like wall with hard routes above a narrow natural terrace. Great views to the sea.,,Anemodouri7b25m,,,https://climbinleonidio.com/route/anemodouri-16/
20,BalconyA marble-like wall with hard routes above a narrow natural terrace. Great views to the sea.,,Hapato7b+20m,,,https://climbinleonidio.com/route/hapato-16/
20,BalconyA marble-like wall with hard routes above a narrow natural terrace. Great views to the sea.,,Soap opera7b20m,,,https://climbinleonidio.com/route/soap-opera-16/
20,BalconyA marble-like wall with hard routes above a narrow natural terrace. Great views to the sea.,,Koufeto7b18m,,,https://climbinleonidio.com/route/koufeto-16/
20,BalconyA marble-like wall with hard routes above a narrow natural terrace. Great views to the sea.,,Coltagon6c+22m,,,https://climbinleonidio.com/route/coltagon-16/
20,BalconyA marble-like wall with hard routes above a narrow natural terrace. Great views to the sea.,,Bibicistan6c+22m,,,https://climbinleonidio.com/route/bibicistan-16/
21,"Yellow EyesA new well-bolted crag on the south face, high above Dafnon Valley. Solid, steep wall and grey slab climbs.",,Mufa6c+18m,,,https://climbinleonidio.com/route/mufa-16/
21,"Yellow EyesA new well-bolted crag on the south face, high above Dafnon Valley. Solid, steep wall and grey slab climbs.",,Kolotumpa6c20m,,,https://climbinleonidio.com/route/kolotumpa-16/
21,"Yellow EyesA new well-bolted crag on the south face, high above Dafnon Valley. Solid, steep wall and grey slab climbs.",,Zogler7a20m,,,https://climbinleonidio.com/route/zogler-16/
21,"Yellow EyesA new well-bolted crag on the south face, high above Dafnon Valley. Solid, steep wall and grey slab climbs.",,Hot hard6b+20m,,,https://climbinleonidio.com/route/hot-hard-16/
21,"Yellow EyesA new well-bolted crag on the south face, high above Dafnon Valley. Solid, steep wall and grey slab climbs.",,Clean mind6c+25m,,,https://climbinleonidio.com/route/clean-mind-16/
21,"Yellow EyesA new well-bolted crag on the south face, high above Dafnon Valley. Solid, steep wall and grey slab climbs.",,Skorpios6a25m,,,https://climbinleonidio.com/route/skorpios-16/
21,"Yellow EyesA new well-bolted crag on the south face, high above Dafnon Valley. Solid, steep wall and grey slab climbs.",,Savra5c+25m,,,https://climbinleonidio.com/route/savra-31/
21,"Yellow EyesA new well-bolted crag on the south face, high above Dafnon Valley. Solid, steep wall and grey slab climbs.",,Savra ext7b35m,,,https://climbinleonidio.com/route/savra-ext-31/
21,"Yellow EyesA new well-bolted crag on the south face, high above Dafnon Valley. Solid, steep wall and grey slab climbs.",,Arachni6b25m,,,https://climbinleonidio.com/route/arachni-16/
21,"Yellow EyesA new well-bolted crag on the south face, high above Dafnon Valley. Solid, steep wall and grey slab climbs.",,Arachni ext7c45m,,,https://climbinleonidio.com/route/arachni-ext-16/
21,"Yellow EyesA new well-bolted crag on the south face, high above Dafnon Valley. Solid, steep wall and grey slab climbs.",,Akrida6a+25m,,,https://climbinleonidio.com/route/akrida-16/
21,"Yellow EyesA new well-bolted crag on the south face, high above Dafnon Valley. Solid, steep wall and grey slab climbs.",,Akrida ext8?40m,,,https://climbinleonidio.com/route/akrida-ext-16/
21,"Yellow EyesA new well-bolted crag on the south face, high above Dafnon Valley. Solid, steep wall and grey slab climbs.",,Alogaki tis6c25m,,,https://climbinleonidio.com/route/alogaki-tis-16/
21,"Yellow EyesA new well-bolted crag on the south face, high above Dafnon Valley. Solid, steep wall and grey slab climbs.",,Alogaki tis ext8?45m,,,https://climbinleonidio.com/route/alogaki-tis-ext-16/
21,"Yellow EyesA new well-bolted crag on the south face, high above Dafnon Valley. Solid, steep wall and grey slab climbs.",,Mitra8?20m,,,https://climbinleonidio.com/route/mitra-16/
21,"Yellow EyesA new well-bolted crag on the south face, high above Dafnon Valley. Solid, steep wall and grey slab climbs.",,Papadiamantis7a22m,,,https://climbinleonidio.com/route/papadiamantis-16/
21,"Yellow EyesA new well-bolted crag on the south face, high above Dafnon Valley. Solid, steep wall and grey slab climbs.",,Papadiamantis ext8?40m,,,https://climbinleonidio.com/route/papadiamantis-ext-16/
21,"Yellow EyesA new well-bolted crag on the south face, high above Dafnon Valley. Solid, steep wall and grey slab climbs.",,Funkateers6b22m,,,https://climbinleonidio.com/route/funkateers-16/
21,"Yellow EyesA new well-bolted crag on the south face, high above Dafnon Valley. Solid, steep wall and grey slab climbs.",,Funkateers ext7c38m,,,https://climbinleonidio.com/route/funkateers-ext-16/
21,"Yellow EyesA new well-bolted crag on the south face, high above Dafnon Valley. Solid, steep wall and grey slab climbs.",,Golden dreams6c+30m,,,https://climbinleonidio.com/route/golden-dreams-16/
21,"Yellow EyesA new well-bolted crag on the south face, high above Dafnon Valley. Solid, steep wall and grey slab climbs.",,Pritanion6b+18m,,,https://climbinleonidio.com/route/pritanion-16/
21,"Yellow EyesA new well-bolted crag on the south face, high above Dafnon Valley. Solid, steep wall and grey slab climbs.",,Pritanion ext7a+30m,,,https://climbinleonidio.com/route/pritanion-ext-16/
21,"Yellow EyesA new well-bolted crag on the south face, high above Dafnon Valley. Solid, steep wall and grey slab climbs.",,Fred6b18m,,,https://climbinleonidio.com/route/fred-16/
21,"Yellow EyesA new well-bolted crag on the south face, high above Dafnon Valley. Solid, steep wall and grey slab climbs.",,Fred ext 17a30m,,,https://climbinleonidio.com/route/fred-ext-1-16/
21,"Yellow EyesA new well-bolted crag on the south face, high above Dafnon Valley. Solid, steep wall and grey slab climbs.",,Fred ext 27b40m,,,https://climbinleonidio.com/route/fred-ext-2-16/
21,"Yellow EyesA new well-bolted crag on the south face, high above Dafnon Valley. Solid, steep wall and grey slab climbs.",,Masterclass6a+20m,,,https://climbinleonidio.com/route/masterclass-16/
21,"Yellow EyesA new well-bolted crag on the south face, high above Dafnon Valley. Solid, steep wall and grey slab climbs.",,Masterclass ext6c+38m,,,https://climbinleonidio.com/route/masterclass-ext-16/
21,"Yellow EyesA new well-bolted crag on the south face, high above Dafnon Valley. Solid, steep wall and grey slab climbs.",,Kamera sutra6a+22m,,,https://climbinleonidio.com/route/kamera-sutra-16/
21,"Yellow EyesA new well-bolted crag on the south face, high above Dafnon Valley. Solid, steep wall and grey slab climbs.",,Kamera sutra ext6c+40m,,,https://climbinleonidio.com/route/kamera-sutra-ext-16/
21,"Yellow EyesA new well-bolted crag on the south face, high above Dafnon Valley. Solid, steep wall and grey slab climbs.",,Arvanitakis6a20m,,,https://climbinleonidio.com/route/arvanitakis-16/
21,"Yellow EyesA new well-bolted crag on the south face, high above Dafnon Valley. Solid, steep wall and grey slab climbs.",,Arvanitakis ext7b38m,,,https://climbinleonidio.com/route/arvanitakis-ext-16/
21,"Yellow EyesA new well-bolted crag on the south face, high above Dafnon Valley. Solid, steep wall and grey slab climbs.",,Aftershock6a20m,,,https://climbinleonidio.com/route/aftershock-16/
21,"Yellow EyesA new well-bolted crag on the south face, high above Dafnon Valley. Solid, steep wall and grey slab climbs.",,Aftershock ext7a+38m,,,https://climbinleonidio.com/route/aftershock-ext-16/
21,"Yellow EyesA new well-bolted crag on the south face, high above Dafnon Valley. Solid, steep wall and grey slab climbs.",,Kolasi6a22m,,,https://climbinleonidio.com/route/kolasi-16/
21,"Yellow EyesA new well-bolted crag on the south face, high above Dafnon Valley. Solid, steep wall and grey slab climbs.",,Kolasi ext7a38m,,,https://climbinleonidio.com/route/kolasi-ext-16/
21,"Yellow EyesA new well-bolted crag on the south face, high above Dafnon Valley. Solid, steep wall and grey slab climbs.",,Evzones6a27m,,,https://climbinleonidio.com/route/evzones-16/
21,"Yellow EyesA new well-bolted crag on the south face, high above Dafnon Valley. Solid, steep wall and grey slab climbs.",,Evzones ext left7b35m,,,https://climbinleonidio.com/route/evzones-ext-left-16/
21,"Yellow EyesA new well-bolted crag on the south face, high above Dafnon Valley. Solid, steep wall and grey slab climbs.",,Evzones ext right7b35m,,,https://climbinleonidio.com/route/evzones-ext-right-16/
21,"Yellow EyesA new well-bolted crag on the south face, high above Dafnon Valley. Solid, steep wall and grey slab climbs.",,Polycrete5a15m,,,https://climbinleonidio.com/route/polycrete-16/
21,"Yellow EyesA new well-bolted crag on the south face, high above Dafnon Valley. Solid, steep wall and grey slab climbs.",,Polycrete ext left5c28m,,,https://climbinleonidio.com/route/polycrete-ext-left-16/
21,"Yellow EyesA new well-bolted crag on the south face, high above Dafnon Valley. Solid, steep wall and grey slab climbs.",,Polycrete ext right6b+28m,,,https://climbinleonidio.com/route/polycrete-ext-right-16/
21,"Yellow EyesA new well-bolted crag on the south face, high above Dafnon Valley. Solid, steep wall and grey slab climbs.",,Sidorenko5a17m,,,https://climbinleonidio.com/route/sidorenko-16/
21,"Yellow EyesA new well-bolted crag on the south face, high above Dafnon Valley. Solid, steep wall and grey slab climbs.",,Nestland5b20m,,,https://climbinleonidio.com/route/nestland-16/
21,"Yellow EyesA new well-bolted crag on the south face, high above Dafnon Valley. Solid, steep wall and grey slab climbs.",,Nestland ext6a25m,,,https://climbinleonidio.com/route/nestland-ext-16/
21,"Yellow EyesA new well-bolted crag on the south face, high above Dafnon Valley. Solid, steep wall and grey slab climbs.",,Koufala5c+25m,,,https://climbinleonidio.com/route/koufala-16/
21,"Yellow EyesA new well-bolted crag on the south face, high above Dafnon Valley. Solid, steep wall and grey slab climbs.",,Koufala ext7c?45m,,,https://climbinleonidio.com/route/koufala-ext-16/
22,TheatroSteep tufa climbing at an isolated crag above a narrow ledge. Tricky access from the top. For very experienced climbers only.,,Project??m,,,https://climbinleonidio.com/route/project-93/
22,TheatroSteep tufa climbing at an isolated crag above a narrow ledge. Tricky access from the top. For very experienced climbers only.,,Project??m,,,https://climbinleonidio.com/route/project-94/
22,TheatroSteep tufa climbing at an isolated crag above a narrow ledge. Tricky access from the top. For very experienced climbers only.,,Project??m,,,https://climbinleonidio.com/route/project-95/
22,TheatroSteep tufa climbing at an isolated crag above a narrow ledge. Tricky access from the top. For very experienced climbers only.,,Jim bridwell7c80m,,,https://climbinleonidio.com/route/jim-bridwell-16/
22,TheatroSteep tufa climbing at an isolated crag above a narrow ledge. Tricky access from the top. For very experienced climbers only.,,Mega top meta7a80m,,,https://climbinleonidio.com/route/mega-top-meta-16/
22,TheatroSteep tufa climbing at an isolated crag above a narrow ledge. Tricky access from the top. For very experienced climbers only.,,Breaking the law7a70m,,,https://climbinleonidio.com/route/breaking-the-law-16/
22,TheatroSteep tufa climbing at an isolated crag above a narrow ledge. Tricky access from the top. For very experienced climbers only.,,Hanging filakia??m,,,https://climbinleonidio.com/route/hanging-filakia-16/
22,TheatroSteep tufa climbing at an isolated crag above a narrow ledge. Tricky access from the top. For very experienced climbers only.,,Loupas7b80m,,,https://climbinleonidio.com/route/loupas-16/
22,TheatroSteep tufa climbing at an isolated crag above a narrow ledge. Tricky access from the top. For very experienced climbers only.,,Kurt albert7b73m,,,https://climbinleonidio.com/route/kurt-albert-16/
22,TheatroSteep tufa climbing at an isolated crag above a narrow ledge. Tricky access from the top. For very experienced climbers only.,,Ime romia??m,,,https://climbinleonidio.com/route/ime-romia-16/
22,TheatroSteep tufa climbing at an isolated crag above a narrow ledge. Tricky access from the top. For very experienced climbers only.,,Porno at gogo??m,,,https://climbinleonidio.com/route/porno-at-gogo-16/
22,TheatroSteep tufa climbing at an isolated crag above a narrow ledge. Tricky access from the top. For very experienced climbers only.,,Victoria’s secret7c?80m,,,https://climbinleonidio.com/route/victorias-secret-16/
22,TheatroSteep tufa climbing at an isolated crag above a narrow ledge. Tricky access from the top. For very experienced climbers only.,,Kamouli6c27m,,,https://climbinleonidio.com/route/kamouli-31/
22,TheatroSteep tufa climbing at an isolated crag above a narrow ledge. Tricky access from the top. For very experienced climbers only.,,Palikaria6b+27m,,,https://climbinleonidio.com/route/palikaria-31/
22,TheatroSteep tufa climbing at an isolated crag above a narrow ledge. Tricky access from the top. For very experienced climbers only.,,Russi6a+15m,,,https://climbinleonidio.com/route/russi-16/
22,TheatroSteep tufa climbing at an isolated crag above a narrow ledge. Tricky access from the top. For very experienced climbers only.,,Russi ext6b+25m,,,https://climbinleonidio.com/route/russi-ext-16/
22,TheatroSteep tufa climbing at an isolated crag above a narrow ledge. Tricky access from the top. For very experienced climbers only.,,Sporker5c15m,,,https://climbinleonidio.com/route/sporker-16/
22,TheatroSteep tufa climbing at an isolated crag above a narrow ledge. Tricky access from the top. For very experienced climbers only.,,Sporker ext6c25m,,,https://climbinleonidio.com/route/sporker-ext-16/
22,TheatroSteep tufa climbing at an isolated crag above a narrow ledge. Tricky access from the top. For very experienced climbers only.,,Alan turing6b+25m,,,https://climbinleonidio.com/route/alan-turing-16/
22,TheatroSteep tufa climbing at an isolated crag above a narrow ledge. Tricky access from the top. For very experienced climbers only.,,Portokalia6b+25m,,,https://climbinleonidio.com/route/portokalia-31/
22,TheatroSteep tufa climbing at an isolated crag above a narrow ledge. Tricky access from the top. For very experienced climbers only.,,Chrigel6b15m,,,https://climbinleonidio.com/route/chrigel-16/
22,TheatroSteep tufa climbing at an isolated crag above a narrow ledge. Tricky access from the top. For very experienced climbers only.,,Chrigel ext6b+25m,,,https://climbinleonidio.com/route/chrigel-ext-16/
22,TheatroSteep tufa climbing at an isolated crag above a narrow ledge. Tricky access from the top. For very experienced climbers only.,,Emilio comici5c15m,,,https://climbinleonidio.com/route/emilio-comici-16/
22,TheatroSteep tufa climbing at an isolated crag above a narrow ledge. Tricky access from the top. For very experienced climbers only.,,Emilio comici ext6b+25m,,,https://climbinleonidio.com/route/emilio-comici-ext-16/
22,TheatroSteep tufa climbing at an isolated crag above a narrow ledge. Tricky access from the top. For very experienced climbers only.,,Primal fear6c15m,,,https://climbinleonidio.com/route/primal-fear-16/
22,TheatroSteep tufa climbing at an isolated crag above a narrow ledge. Tricky access from the top. For very experienced climbers only.,,Grafitis7a15m,,,https://climbinleonidio.com/route/grafitis-16/
22,TheatroSteep tufa climbing at an isolated crag above a narrow ledge. Tricky access from the top. For very experienced climbers only.,,Gorefest7b15m,,,https://climbinleonidio.com/route/gorefest-16/
22,TheatroSteep tufa climbing at an isolated crag above a narrow ledge. Tricky access from the top. For very experienced climbers only.,,Aristofanis7b15m,,,https://climbinleonidio.com/route/aristofanis-16/
22,TheatroSteep tufa climbing at an isolated crag above a narrow ledge. Tricky access from the top. For very experienced climbers only.,,Partner tchsex7b16m,,,https://climbinleonidio.com/route/partner-tchsex-16/
22,TheatroSteep tufa climbing at an isolated crag above a narrow ledge. Tricky access from the top. For very experienced climbers only.,,Gavrilis7b16m,,,https://climbinleonidio.com/route/gavrilis-16/
22,TheatroSteep tufa climbing at an isolated crag above a narrow ledge. Tricky access from the top. For very experienced climbers only.,,Greek snack6b15m,,,https://climbinleonidio.com/route/greek-snack-16/
22,TheatroSteep tufa climbing at an isolated crag above a narrow ledge. Tricky access from the top. For very experienced climbers only.,,Greek snack ext 17b+25m,,,https://climbinleonidio.com/route/greek-snack-ext-1-16/
22,TheatroSteep tufa climbing at an isolated crag above a narrow ledge. Tricky access from the top. For very experienced climbers only.,,Greek snack ext 27b+40m,,,https://climbinleonidio.com/route/greek-snack-ext-2-16/
22,TheatroSteep tufa climbing at an isolated crag above a narrow ledge. Tricky access from the top. For very experienced climbers only.,,Ismini7b20m,,,https://climbinleonidio.com/route/ismini-16/
22,TheatroSteep tufa climbing at an isolated crag above a narrow ledge. Tricky access from the top. For very experienced climbers only.,,Golden moon6b15m,,,https://climbinleonidio.com/route/golden-moon-16/
22,TheatroSteep tufa climbing at an isolated crag above a narrow ledge. Tricky access from the top. For very experienced climbers only.,,Colo wet?25m,,,https://climbinleonidio.com/route/colo-wet-16/
22,TheatroSteep tufa climbing at an isolated crag above a narrow ledge. Tricky access from the top. For very experienced climbers only.,,In your head?25m,,,https://climbinleonidio.com/route/in-your-head-16/
22,TheatroSteep tufa climbing at an isolated crag above a narrow ledge. Tricky access from the top. For very experienced climbers only.,,Crazy dog7b20m,,,https://climbinleonidio.com/route/crazy-dog-16/
22,TheatroSteep tufa climbing at an isolated crag above a narrow ledge. Tricky access from the top. For very experienced climbers only.,,Magic cairns6a20m,,,https://climbinleonidio.com/route/magic-cairns-16/
23,Hot,,Warm up6a+26m,,,https://climbinleonidio.com/route/warm-up-16/
23,Hot,,Kurz6a+20m,,,https://climbinleonidio.com/route/kurz-16/
23,Hot,,Kurz ext6c35m,,,https://climbinleonidio.com/route/kurz-ext-16/
23,Hot,,Porno stars6b20m,,,https://climbinleonidio.com/route/porno-stars-16/
23,Hot,,Porno stars ext7a+35m,,,https://climbinleonidio.com/route/porno-stars-ext-16/
23,Hot,,Kairos6c+30m,,,https://climbinleonidio.com/route/kairos-16/
23,Hot,,Kalo6b+35m,,,https://climbinleonidio.com/route/kalo-16/
23,Hot,,Draculine6c35m,,,https://climbinleonidio.com/route/draculine-16/
23,Hot,,Roze6b+30m,,,https://climbinleonidio.com/route/roze-16/
23,Hot,,Krassi6b+32m,,,https://climbinleonidio.com/route/krassi-16/
23,Hot,,Sympatiki7a+32m,,,https://climbinleonidio.com/route/sympatiki-16/
23,Hot,,Hot rock7a25m,,,https://climbinleonidio.com/route/hot-rock-16/
23,Hot,,String climbing7a+25m,,,https://climbinleonidio.com/route/string-climbing-16/
23,Hot,,Drasi6b+25m,,,https://climbinleonidio.com/route/drasi-16/
23,Hot,,Helen6c30m,,,https://climbinleonidio.com/route/helen-16/
23,Hot,,Hotel hatzi6c+30m,,,https://climbinleonidio.com/route/hotel-hatzi-16/
23,Hot,,Oyk7a+38m,,,https://climbinleonidio.com/route/oyk-16/
23,Hot,,Commando7a35m,,,https://climbinleonidio.com/route/commando-16/
23,Hot,,Mayor6b38m,,,https://climbinleonidio.com/route/mayor-16/
23,Hot,,Iannis6b+22m,,,https://climbinleonidio.com/route/iannis-16/
23,Hot,,Bugaboo6c+22m,,,https://climbinleonidio.com/route/bugaboo-16/
24,"ÓramaA massive wall at the foot of Kokkinóvrachos, the red cliff, with long, well-bolted mid-grade routes.",,Erythrodermos7c200,,,https://climbinleonidio.com/route/erythrodermos-31/
24,"ÓramaA massive wall at the foot of Kokkinóvrachos, the red cliff, with long, well-bolted mid-grade routes.",,Mazi6c180,,,https://climbinleonidio.com/route/mazi-31/
24,"ÓramaA massive wall at the foot of Kokkinóvrachos, the red cliff, with long, well-bolted mid-grade routes.",,Happy wife6a36m,,,https://climbinleonidio.com/route/happy-wife-16/
24,"ÓramaA massive wall at the foot of Kokkinóvrachos, the red cliff, with long, well-bolted mid-grade routes.",,Happy life6a+35m,,,https://climbinleonidio.com/route/happy-life-16/
24,"ÓramaA massive wall at the foot of Kokkinóvrachos, the red cliff, with long, well-bolted mid-grade routes.",,Troumpas6b35m,,,https://climbinleonidio.com/route/troumpas-16/
24,"ÓramaA massive wall at the foot of Kokkinóvrachos, the red cliff, with long, well-bolted mid-grade routes.",,Soporo6b+35m,,,https://climbinleonidio.com/route/soporo-16/
24,"ÓramaA massive wall at the foot of Kokkinóvrachos, the red cliff, with long, well-bolted mid-grade routes.",,Fokou6b35m,,,https://climbinleonidio.com/route/fokou-16/
24,"ÓramaA massive wall at the foot of Kokkinóvrachos, the red cliff, with long, well-bolted mid-grade routes.",,Dilemma6b+35m,,,https://climbinleonidio.com/route/dilemma-16/
24,"ÓramaA massive wall at the foot of Kokkinóvrachos, the red cliff, with long, well-bolted mid-grade routes.",,Telos6b40m,,,https://climbinleonidio.com/route/telos-16/
24,"ÓramaA massive wall at the foot of Kokkinóvrachos, the red cliff, with long, well-bolted mid-grade routes.",,Stamo6b+35m,,,https://climbinleonidio.com/route/stamo-16/
24,"ÓramaA massive wall at the foot of Kokkinóvrachos, the red cliff, with long, well-bolted mid-grade routes.",,Stamo ext6c40m,,,https://climbinleonidio.com/route/stamo-ext-16/
24,"ÓramaA massive wall at the foot of Kokkinóvrachos, the red cliff, with long, well-bolted mid-grade routes.",,Dionysos plaka6b35m,,,https://climbinleonidio.com/route/dionysos-plaka-16/
24,"ÓramaA massive wall at the foot of Kokkinóvrachos, the red cliff, with long, well-bolted mid-grade routes.",,Dionysos plaka ext6c40m,,,https://climbinleonidio.com/route/dionysos-plaka-ext-16/
24,"ÓramaA massive wall at the foot of Kokkinóvrachos, the red cliff, with long, well-bolted mid-grade routes.",,Soxa6b+40m,,,https://climbinleonidio.com/route/soxa-16/
24,"ÓramaA massive wall at the foot of Kokkinóvrachos, the red cliff, with long, well-bolted mid-grade routes.",,Nightfall6b35m,,,https://climbinleonidio.com/route/nightfall-16/
24,"ÓramaA massive wall at the foot of Kokkinóvrachos, the red cliff, with long, well-bolted mid-grade routes.",,Nightfall ext6c40m,,,https://climbinleonidio.com/route/nightfall-ext-16/
24,"ÓramaA massive wall at the foot of Kokkinóvrachos, the red cliff, with long, well-bolted mid-grade routes.",,Marauder6b35m,,,https://climbinleonidio.com/route/marauder-16/
24,"ÓramaA massive wall at the foot of Kokkinóvrachos, the red cliff, with long, well-bolted mid-grade routes.",,Marauder ext6b+40m,,,https://climbinleonidio.com/route/marauder-ext-16/
24,"ÓramaA massive wall at the foot of Kokkinóvrachos, the red cliff, with long, well-bolted mid-grade routes.",,Septic flesh6b+35m,,,https://climbinleonidio.com/route/septic-flesh-16/
24,"ÓramaA massive wall at the foot of Kokkinóvrachos, the red cliff, with long, well-bolted mid-grade routes.",,Takataferno6b30m,,,https://climbinleonidio.com/route/takataferno-16/
24,"ÓramaA massive wall at the foot of Kokkinóvrachos, the red cliff, with long, well-bolted mid-grade routes.",,Biri biri6b+28m,,,https://climbinleonidio.com/route/biri-biri-16/
24,"ÓramaA massive wall at the foot of Kokkinóvrachos, the red cliff, with long, well-bolted mid-grade routes.",,Paskipos6b+35m,,,https://climbinleonidio.com/route/paskipos-16/
24,"ÓramaA massive wall at the foot of Kokkinóvrachos, the red cliff, with long, well-bolted mid-grade routes.",,Gomena6b+35m,,,https://climbinleonidio.com/route/gomena-16/
24,"ÓramaA massive wall at the foot of Kokkinóvrachos, the red cliff, with long, well-bolted mid-grade routes.",,Makari6b35m,,,https://climbinleonidio.com/route/makari-31/
24,"ÓramaA massive wall at the foot of Kokkinóvrachos, the red cliff, with long, well-bolted mid-grade routes.",,Bekri mézé6b40m,,,https://climbinleonidio.com/route/bekri-meze-16/
24,"ÓramaA massive wall at the foot of Kokkinóvrachos, the red cliff, with long, well-bolted mid-grade routes.",,Bekri mézé ext6b55m,,,https://climbinleonidio.com/route/bekri-meze-ext-16/
24,"ÓramaA massive wall at the foot of Kokkinóvrachos, the red cliff, with long, well-bolted mid-grade routes.",,For your eyes only6a40m,,,https://climbinleonidio.com/route/for-your-eyes-only-16/
24,"ÓramaA massive wall at the foot of Kokkinóvrachos, the red cliff, with long, well-bolted mid-grade routes.",,Undress me6b40m,,,https://climbinleonidio.com/route/undress-me-16/
24,"ÓramaA massive wall at the foot of Kokkinóvrachos, the red cliff, with long, well-bolted mid-grade routes.",,Kapari6a+40m,,,https://climbinleonidio.com/route/kapari-16/
24,"ÓramaA massive wall at the foot of Kokkinóvrachos, the red cliff, with long, well-bolted mid-grade routes.",,Hate yourself6b40m,,,https://climbinleonidio.com/route/hate-yourself-16/
24,"ÓramaA massive wall at the foot of Kokkinóvrachos, the red cliff, with long, well-bolted mid-grade routes.",,Toula6b+40m,,,https://climbinleonidio.com/route/toula-16/
24,"ÓramaA massive wall at the foot of Kokkinóvrachos, the red cliff, with long, well-bolted mid-grade routes.",,Nia Vardalos6b36m,,,https://climbinleonidio.com/route/nia-vardalos-16/
24,"ÓramaA massive wall at the foot of Kokkinóvrachos, the red cliff, with long, well-bolted mid-grade routes.",,A rock fili6b+34m,,,https://climbinleonidio.com/route/a-rock-fili-16/
24,"ÓramaA massive wall at the foot of Kokkinóvrachos, the red cliff, with long, well-bolted mid-grade routes.",,Takounia6c+34m,,,https://climbinleonidio.com/route/takounia-16/
24,"ÓramaA massive wall at the foot of Kokkinóvrachos, the red cliff, with long, well-bolted mid-grade routes.",,Fysitiras7b+32m,,,https://climbinleonidio.com/route/fysitiras-16/
24,"ÓramaA massive wall at the foot of Kokkinóvrachos, the red cliff, with long, well-bolted mid-grade routes.",,Ochi 4e reich6a25m,,,https://climbinleonidio.com/route/ochi-4e-reich-16/
24,"ÓramaA massive wall at the foot of Kokkinóvrachos, the red cliff, with long, well-bolted mid-grade routes.",,Marneris5c25m,,,https://climbinleonidio.com/route/marneris-16/
24,"ÓramaA massive wall at the foot of Kokkinóvrachos, the red cliff, with long, well-bolted mid-grade routes.",,Kosmos5c25m,,,https://climbinleonidio.com/route/kosmos-16/
24,"ÓramaA massive wall at the foot of Kokkinóvrachos, the red cliff, with long, well-bolted mid-grade routes.",,Plaka6a25m,,,https://climbinleonidio.com/route/plaka-16/
24,"ÓramaA massive wall at the foot of Kokkinóvrachos, the red cliff, with long, well-bolted mid-grade routes.",,Tsitos6a25m,,,https://climbinleonidio.com/route/tsitos-16/
24,"ÓramaA massive wall at the foot of Kokkinóvrachos, the red cliff, with long, well-bolted mid-grade routes.",,Babis5c30m,,,https://climbinleonidio.com/route/babis-16/
24,"ÓramaA massive wall at the foot of Kokkinóvrachos, the red cliff, with long, well-bolted mid-grade routes.",,I don’t want to grow up5c+30m,,,https://climbinleonidio.com/route/i-dont-want-to-grow-up-16/
25,RocspotA small classic sector on quality brown limestone overlooking,,El greco6a+30m,,,https://climbinleonidio.com/route/el-greco-16/
25,RocspotA small classic sector on quality brown limestone overlooking,,Michael Bachtis6b35m,,,https://climbinleonidio.com/route/michael-bachtis-16/
25,RocspotA small classic sector on quality brown limestone overlooking,,Higgs boson6b+35m,,,https://climbinleonidio.com/route/higgs-boson-16/
25,RocspotA small classic sector on quality brown limestone overlooking,,Cern7a42m,,,https://climbinleonidio.com/route/cern-16/
25,RocspotA small classic sector on quality brown limestone overlooking,,Kali chronia6c37m,,,https://climbinleonidio.com/route/kali-chronia-16/
25,RocspotA small classic sector on quality brown limestone overlooking,,Makis6c+37m,,,https://climbinleonidio.com/route/makis-16/
25,RocspotA small classic sector on quality brown limestone overlooking,,Petra6c+37m,,,https://climbinleonidio.com/route/petra-16/
25,RocspotA small classic sector on quality brown limestone overlooking,,Kallinikos6c+37m,,,https://climbinleonidio.com/route/kallinikos-16/
25,RocspotA small classic sector on quality brown limestone overlooking,,Nngh7a37m,,,https://climbinleonidio.com/route/nngh-16/
25,RocspotA small classic sector on quality brown limestone overlooking,,Polar circle6c37m,,,https://climbinleonidio.com/route/polar-circle-16/
25,RocspotA small classic sector on quality brown limestone overlooking,,Rousfeti6b+37m,,,https://climbinleonidio.com/route/rousfeti-16/
25,RocspotA small classic sector on quality brown limestone overlooking,,Tavli6c37m,,,https://climbinleonidio.com/route/tavli-16/
25,RocspotA small classic sector on quality brown limestone overlooking,,Milopita6b+37m,,,https://climbinleonidio.com/route/milopita-16/
25,RocspotA small classic sector on quality brown limestone overlooking,,Seferis6b+35m,,,https://climbinleonidio.com/route/seferis-16/
25,RocspotA small classic sector on quality brown limestone overlooking,,Amandine6a+35m,,,https://climbinleonidio.com/route/amandine-16/
25,RocspotA small classic sector on quality brown limestone overlooking,,Pomel6a30m,,,https://climbinleonidio.com/route/pomel-16/
26,DouvariGrey and brown slabs and wall with friendly bolting and stunning views. Perhaps the best crag for easy and mid-grade climbing.,,Tsamiko4c27m,,,https://climbinleonidio.com/route/tsamiko-16/
26,DouvariGrey and brown slabs and wall with friendly bolting and stunning views. Perhaps the best crag for easy and mid-grade climbing.,,Bakaliko5b27m,,,https://climbinleonidio.com/route/bakaliko-16/
26,DouvariGrey and brown slabs and wall with friendly bolting and stunning views. Perhaps the best crag for easy and mid-grade climbing.,,Akadimia6b+27m,,,https://climbinleonidio.com/route/akadimia-16/
26,DouvariGrey and brown slabs and wall with friendly bolting and stunning views. Perhaps the best crag for easy and mid-grade climbing.,0448,,0448,,https://climbinleonidio.com/route/48-ores-16/
26,DouvariGrey and brown slabs and wall with friendly bolting and stunning views. Perhaps the best crag for easy and mid-grade climbing.,,Rammstein in leonidio6a+30m,,,https://climbinleonidio.com/route/rammstein-in-leonidio-16/
26,DouvariGrey and brown slabs and wall with friendly bolting and stunning views. Perhaps the best crag for easy and mid-grade climbing.,,Botsalo5c+30m,,,https://climbinleonidio.com/route/botsalo-16/
26,DouvariGrey and brown slabs and wall with friendly bolting and stunning views. Perhaps the best crag for easy and mid-grade climbing.,,Hilti maniac5a30m,,,https://climbinleonidio.com/route/hilti-maniac-16/
26,DouvariGrey and brown slabs and wall with friendly bolting and stunning views. Perhaps the best crag for easy and mid-grade climbing.,,Metallica5c33m,,,https://climbinleonidio.com/route/metallica-16/
26,DouvariGrey and brown slabs and wall with friendly bolting and stunning views. Perhaps the best crag for easy and mid-grade climbing.,,Palikaria5b30m,,,https://climbinleonidio.com/route/palikaria-32/
26,DouvariGrey and brown slabs and wall with friendly bolting and stunning views. Perhaps the best crag for easy and mid-grade climbing.,,Argo5b30m,,,https://climbinleonidio.com/route/argo-16/
26,DouvariGrey and brown slabs and wall with friendly bolting and stunning views. Perhaps the best crag for easy and mid-grade climbing.,,Je suis charlie5b+30m,,,https://climbinleonidio.com/route/je-suis-charlie-16/
26,DouvariGrey and brown slabs and wall with friendly bolting and stunning views. Perhaps the best crag for easy and mid-grade climbing.,,Cabu5c20m,,,https://climbinleonidio.com/route/cabu-16/
26,DouvariGrey and brown slabs and wall with friendly bolting and stunning views. Perhaps the best crag for easy and mid-grade climbing.,,Holiday in cambodia4b18m,,,https://climbinleonidio.com/route/holiday-in-cambodia-16/
26,DouvariGrey and brown slabs and wall with friendly bolting and stunning views. Perhaps the best crag for easy and mid-grade climbing.,,Holiday in cambodia ext6a28m,,,https://climbinleonidio.com/route/holiday-in-cambodia-ext-16/
26,DouvariGrey and brown slabs and wall with friendly bolting and stunning views. Perhaps the best crag for easy and mid-grade climbing.,,Rock cleaner5b20m,,,https://climbinleonidio.com/route/rock-cleaner-16/
26,DouvariGrey and brown slabs and wall with friendly bolting and stunning views. Perhaps the best crag for easy and mid-grade climbing.,,Rock cleaner ext6a30m,,,https://climbinleonidio.com/route/rock-cleaner-ext-16/
26,DouvariGrey and brown slabs and wall with friendly bolting and stunning views. Perhaps the best crag for easy and mid-grade climbing.,,Margarita5c20m,,,https://climbinleonidio.com/route/margarita-16/
26,DouvariGrey and brown slabs and wall with friendly bolting and stunning views. Perhaps the best crag for easy and mid-grade climbing.,,Margarita ext6a+30m,,,https://climbinleonidio.com/route/margarita-ext-16/
26,DouvariGrey and brown slabs and wall with friendly bolting and stunning views. Perhaps the best crag for easy and mid-grade climbing.,,mini einstein2★5b+,,,https://climbinleonidio.com/route/mini-einstein-16/
26,DouvariGrey and brown slabs and wall with friendly bolting and stunning views. Perhaps the best crag for easy and mid-grade climbing.,,mini einstein ext2★5c+,,,https://climbinleonidio.com/route/mini-einstein-ext-16/
26,DouvariGrey and brown slabs and wall with friendly bolting and stunning views. Perhaps the best crag for easy and mid-grade climbing.,,rodomelo2★4c,,,https://climbinleonidio.com/route/rodomelo-16/
26,DouvariGrey and brown slabs and wall with friendly bolting and stunning views. Perhaps the best crag for easy and mid-grade climbing.,,rodomelo ext3★6b,,,https://climbinleonidio.com/route/rodomelo-ext-16/
26,DouvariGrey and brown slabs and wall with friendly bolting and stunning views. Perhaps the best crag for easy and mid-grade climbing.,,mouria2★4c,,,https://climbinleonidio.com/route/mouria-16/
26,DouvariGrey and brown slabs and wall with friendly bolting and stunning views. Perhaps the best crag for easy and mid-grade climbing.,,mouria ext3★6b,,,https://climbinleonidio.com/route/mouria-ext-16/
26,DouvariGrey and brown slabs and wall with friendly bolting and stunning views. Perhaps the best crag for easy and mid-grade climbing.,,myrtoon2★5a,,,https://climbinleonidio.com/route/myrtoon-16/
26,DouvariGrey and brown slabs and wall with friendly bolting and stunning views. Perhaps the best crag for easy and mid-grade climbing.,,myrtoon ext3★6b,,,https://climbinleonidio.com/route/myrtoon-ext-16/
26,DouvariGrey and brown slabs and wall with friendly bolting and stunning views. Perhaps the best crag for easy and mid-grade climbing.,,kefala2★5a,,,https://climbinleonidio.com/route/kefala-16/
26,DouvariGrey and brown slabs and wall with friendly bolting and stunning views. Perhaps the best crag for easy and mid-grade climbing.,,kefala ext2★6b+,,,https://climbinleonidio.com/route/kefala-ext-16/
26,DouvariGrey and brown slabs and wall with friendly bolting and stunning views. Perhaps the best crag for easy and mid-grade climbing.,,samatas2★5a,,,https://climbinleonidio.com/route/samatas-16/
26,DouvariGrey and brown slabs and wall with friendly bolting and stunning views. Perhaps the best crag for easy and mid-grade climbing.,,samatas ext 12★6a+,,,https://climbinleonidio.com/route/samatas-ext-1-16/
26,DouvariGrey and brown slabs and wall with friendly bolting and stunning views. Perhaps the best crag for easy and mid-grade climbing.,,samatas ext 22★6c+,,,https://climbinleonidio.com/route/samatas-ext-2-16/
26,DouvariGrey and brown slabs and wall with friendly bolting and stunning views. Perhaps the best crag for easy and mid-grade climbing.,,zamanfou3★5c,,,https://climbinleonidio.com/route/zamanfou-16/
26,DouvariGrey and brown slabs and wall with friendly bolting and stunning views. Perhaps the best crag for easy and mid-grade climbing.,,zamanfou ext3★6c,,,https://climbinleonidio.com/route/zamanfou-ext-16/
26,DouvariGrey and brown slabs and wall with friendly bolting and stunning views. Perhaps the best crag for easy and mid-grade climbing.,,metaxotos3★6a+,,,https://climbinleonidio.com/route/metaxotos-16/
26,DouvariGrey and brown slabs and wall with friendly bolting and stunning views. Perhaps the best crag for easy and mid-grade climbing.,,metaxotos ext2★6c+,,,https://climbinleonidio.com/route/metaxotos-ext-16/
26,DouvariGrey and brown slabs and wall with friendly bolting and stunning views. Perhaps the best crag for easy and mid-grade climbing.,,dokimos2★6a+,,,https://climbinleonidio.com/route/dokimos-16/
26,DouvariGrey and brown slabs and wall with friendly bolting and stunning views. Perhaps the best crag for easy and mid-grade climbing.,,dokimos ext2★6b+,,,https://climbinleonidio.com/route/dokimos-ext-16/
26,DouvariGrey and brown slabs and wall with friendly bolting and stunning views. Perhaps the best crag for easy and mid-grade climbing.,,faka2★6a,,,https://climbinleonidio.com/route/faka-16/
26,DouvariGrey and brown slabs and wall with friendly bolting and stunning views. Perhaps the best crag for easy and mid-grade climbing.,,faka ext3★6c,,,https://climbinleonidio.com/route/faka-ext-16/
26,DouvariGrey and brown slabs and wall with friendly bolting and stunning views. Perhaps the best crag for easy and mid-grade climbing.,,erotas above the city3★6a,,,https://climbinleonidio.com/route/erotas-above-the-city-16/
26,DouvariGrey and brown slabs and wall with friendly bolting and stunning views. Perhaps the best crag for easy and mid-grade climbing.,,erotas above the city ext2★6b+,,,https://climbinleonidio.com/route/erotas-above-the-city-ext-16/
26,DouvariGrey and brown slabs and wall with friendly bolting and stunning views. Perhaps the best crag for easy and mid-grade climbing.,,silk3★5c,,,https://climbinleonidio.com/route/silk-16/
27,"Kokkinóvrachos Multi-PitchesQuality multi-pitches on the massive cliff above town, mainly on the right side. Most are fully bolted and equipped for abseiling.",,Erythrodermos7c200,,,https://climbinleonidio.com/route/erythrodermos-32/
27,"Kokkinóvrachos Multi-PitchesQuality multi-pitches on the massive cliff above town, mainly on the right side. Most are fully bolted and equipped for abseiling.",,Mazi6c210,,,https://climbinleonidio.com/route/mazi-32/
27,"Kokkinóvrachos Multi-PitchesQuality multi-pitches on the massive cliff above town, mainly on the right side. Most are fully bolted and equipped for abseiling.",,Voie helonas7a270,,,https://climbinleonidio.com/route/voie-helonas-16/
27,"Kokkinóvrachos Multi-PitchesQuality multi-pitches on the massive cliff above town, mainly on the right side. Most are fully bolted and equipped for abseiling.",,Alternative facts7a+232,,,https://climbinleonidio.com/route/alternative-facts-16/
27,"Kokkinóvrachos Multi-PitchesQuality multi-pitches on the massive cliff above town, mainly on the right side. Most are fully bolted and equipped for abseiling.",,Pillar of fire6b225,,,https://climbinleonidio.com/route/pillar-of-fire-16/
27,"Kokkinóvrachos Multi-PitchesQuality multi-pitches on the massive cliff above town, mainly on the right side. Most are fully bolted and equipped for abseiling.",,Pillar of unity6b+230,,,https://climbinleonidio.com/route/pillar-of-unity-16/
27,"Kokkinóvrachos Multi-PitchesQuality multi-pitches on the massive cliff above town, mainly on the right side. Most are fully bolted and equipped for abseiling.",,Grosso modo?150,,,https://climbinleonidio.com/route/grosso-modo-16/
27,"Kokkinóvrachos Multi-PitchesQuality multi-pitches on the massive cliff above town, mainly on the right side. Most are fully bolted and equipped for abseiling.",,Balls on the wall?150,,,https://climbinleonidio.com/route/balls-on-the-wall-16/
27,"Kokkinóvrachos Multi-PitchesQuality multi-pitches on the massive cliff above town, mainly on the right side. Most are fully bolted and equipped for abseiling.",,Odessa7a175,,,https://climbinleonidio.com/route/odessa-16/
27,"Kokkinóvrachos Multi-PitchesQuality multi-pitches on the massive cliff above town, mainly on the right side. Most are fully bolted and equipped for abseiling.",,Tha ta poume7a195,,,https://climbinleonidio.com/route/tha-ta-poume-16/
27,"Kokkinóvrachos Multi-PitchesQuality multi-pitches on the massive cliff above town, mainly on the right side. Most are fully bolted and equipped for abseiling.",,Plug and play7a+180,,,https://climbinleonidio.com/route/plug-and-play-16/
27,"Kokkinóvrachos Multi-PitchesQuality multi-pitches on the massive cliff above town, mainly on the right side. Most are fully bolted and equipped for abseiling.",,Fasting therapy8a170,,,https://climbinleonidio.com/route/fasting-therapy-16/
27,"Kokkinóvrachos Multi-PitchesQuality multi-pitches on the massive cliff above town, mainly on the right side. Most are fully bolted and equipped for abseiling.",,Portal therapy7a200,,,https://climbinleonidio.com/route/portal-therapy-16/
27,"Kokkinóvrachos Multi-PitchesQuality multi-pitches on the massive cliff above town, mainly on the right side. Most are fully bolted and equipped for abseiling.",,Aramis6c195,,,https://climbinleonidio.com/route/aramis-16/
27,"Kokkinóvrachos Multi-PitchesQuality multi-pitches on the massive cliff above town, mainly on the right side. Most are fully bolted and equipped for abseiling.",,Ura ka6c+185,,,https://climbinleonidio.com/route/ura-ka-16/
27,"Kokkinóvrachos Multi-PitchesQuality multi-pitches on the massive cliff above town, mainly on the right side. Most are fully bolted and equipped for abseiling.",,Ramisi rock7a180,,,https://climbinleonidio.com/route/ramisi-rock-16/
27,"Kokkinóvrachos Multi-PitchesQuality multi-pitches on the massive cliff above town, mainly on the right side. Most are fully bolted and equipped for abseiling.",,Open gate7a172,,,https://climbinleonidio.com/route/open-gate-16/
27,"Kokkinóvrachos Multi-PitchesQuality multi-pitches on the massive cliff above town, mainly on the right side. Most are fully bolted and equipped for abseiling.",,Mira6b200,,,https://climbinleonidio.com/route/mira-16/
27,"Kokkinóvrachos Multi-PitchesQuality multi-pitches on the massive cliff above town, mainly on the right side. Most are fully bolted and equipped for abseiling.",,Mignonette5c+185,,,https://climbinleonidio.com/route/mignonette-16/
27,"Kokkinóvrachos Multi-PitchesQuality multi-pitches on the massive cliff above town, mainly on the right side. Most are fully bolted and equipped for abseiling.",,Velones kai Machairia7c+?195,,,https://climbinleonidio.com/route/velones-kai-machairia-14/
28,"MegakanteA small, very expo but photogenic crag on a mega ridge high above town. Tricky approach. For very experienced climbers only.",,Megakante8a+40m,,,https://climbinleonidio.com/route/megakante-16/
28,"MegakanteA small, very expo but photogenic crag on a mega ridge high above town. Tricky approach. For very experienced climbers only.",,The abyss8b40m,,,https://climbinleonidio.com/route/the-abyss-16/
28,"MegakanteA small, very expo but photogenic crag on a mega ridge high above town. Tricky approach. For very experienced climbers only.",,Mega misiaczek?30m,,,https://climbinleonidio.com/route/mega-misiaczek-16/
28,"MegakanteA small, very expo but photogenic crag on a mega ridge high above town. Tricky approach. For very experienced climbers only.",,O kathenas to violi tou7b+30m,,,https://climbinleonidio.com/route/o-kathenas-to-violi-tou-16/
28,"MegakanteA small, very expo but photogenic crag on a mega ridge high above town. Tricky approach. For very experienced climbers only.",,Deadline6c+30m,,,https://climbinleonidio.com/route/deadline-16/
29,"HospitalEasy and mid-grade single pitches with friendly bolting, plus good fully bolted long multi-pitches, within walking distance of town.",,Giota6a28m,,,https://climbinleonidio.com/route/giota-31/
29,"HospitalEasy and mid-grade single pitches with friendly bolting, plus good fully bolted long multi-pitches, within walking distance of town.",,Theodoros6a28m,,,https://climbinleonidio.com/route/theodoros-16/
29,"HospitalEasy and mid-grade single pitches with friendly bolting, plus good fully bolted long multi-pitches, within walking distance of town.",,Ethnos6b28m,,,https://climbinleonidio.com/route/ethnos-16/
29,"HospitalEasy and mid-grade single pitches with friendly bolting, plus good fully bolted long multi-pitches, within walking distance of town.",,Petrounias6a+30m,,,https://climbinleonidio.com/route/petrounias-16/
29,"HospitalEasy and mid-grade single pitches with friendly bolting, plus good fully bolted long multi-pitches, within walking distance of town.",,Funk6b33m,,,https://climbinleonidio.com/route/funk-16/
29,"HospitalEasy and mid-grade single pitches with friendly bolting, plus good fully bolted long multi-pitches, within walking distance of town.",,Metal6c37m,,,https://climbinleonidio.com/route/metal-16/
29,"HospitalEasy and mid-grade single pitches with friendly bolting, plus good fully bolted long multi-pitches, within walking distance of town.",,Jazz6c40m,,,https://climbinleonidio.com/route/jazz-16/
29,"HospitalEasy and mid-grade single pitches with friendly bolting, plus good fully bolted long multi-pitches, within walking distance of town.",,Disco6a+40m,,,https://climbinleonidio.com/route/disco-16/
29,"HospitalEasy and mid-grade single pitches with friendly bolting, plus good fully bolted long multi-pitches, within walking distance of town.",,Disco ext6a+45m,,,https://climbinleonidio.com/route/disco-ext-16/
29,"HospitalEasy and mid-grade single pitches with friendly bolting, plus good fully bolted long multi-pitches, within walking distance of town.",,Freely6b+35m,,,https://climbinleonidio.com/route/freely-16/
29,"HospitalEasy and mid-grade single pitches with friendly bolting, plus good fully bolted long multi-pitches, within walking distance of town.",,No name 116a40m,,,https://climbinleonidio.com/route/no-name-11-31/
29,"HospitalEasy and mid-grade single pitches with friendly bolting, plus good fully bolted long multi-pitches, within walking distance of town.",,No name,11,,https://climbinleonidio.com/route/no-name-11-ext-16/
29,"HospitalEasy and mid-grade single pitches with friendly bolting, plus good fully bolted long multi-pitches, within walking distance of town.",,Pretty woman5b+35m,,,https://climbinleonidio.com/route/pretty-woman-16/
29,"HospitalEasy and mid-grade single pitches with friendly bolting, plus good fully bolted long multi-pitches, within walking distance of town.",,Efkaristo5c+40m,,,https://climbinleonidio.com/route/efkaristo-16/
29,"HospitalEasy and mid-grade single pitches with friendly bolting, plus good fully bolted long multi-pitches, within walking distance of town.",,Efkaristo ext6a50m,,,https://climbinleonidio.com/route/efkaristo-ext-16/
29,"HospitalEasy and mid-grade single pitches with friendly bolting, plus good fully bolted long multi-pitches, within walking distance of town.",,Pipila6a40m,,,https://climbinleonidio.com/route/pipila-16/
29,"HospitalEasy and mid-grade single pitches with friendly bolting, plus good fully bolted long multi-pitches, within walking distance of town.",,Fuck 886a40m,,,https://climbinleonidio.com/route/fuck-88-16/
29,"HospitalEasy and mid-grade single pitches with friendly bolting, plus good fully bolted long multi-pitches, within walking distance of town.",,Manolis Glezos5c40m,,,https://climbinleonidio.com/route/manolis-glezos-16/
29,"HospitalEasy and mid-grade single pitches with friendly bolting, plus good fully bolted long multi-pitches, within walking distance of town.",,Psila6a40m,,,https://climbinleonidio.com/route/psila-16/
29,"HospitalEasy and mid-grade single pitches with friendly bolting, plus good fully bolted long multi-pitches, within walking distance of town.",,Psila ext6a+50m,,,https://climbinleonidio.com/route/psila-ext-16/
29,"HospitalEasy and mid-grade single pitches with friendly bolting, plus good fully bolted long multi-pitches, within walking distance of town.",,Lurpak6a+35m,,,https://climbinleonidio.com/route/lurpak-16/
29,"HospitalEasy and mid-grade single pitches with friendly bolting, plus good fully bolted long multi-pitches, within walking distance of town.",,Fanis7c105,,,https://climbinleonidio.com/route/fanis-16/
29,"HospitalEasy and mid-grade single pitches with friendly bolting, plus good fully bolted long multi-pitches, within walking distance of town.",,Saime7a95m,,,https://climbinleonidio.com/route/saime-16/
29,"HospitalEasy and mid-grade single pitches with friendly bolting, plus good fully bolted long multi-pitches, within walking distance of town.",,Soft parade4b18m,,,https://climbinleonidio.com/route/soft-parade-16/
29,"HospitalEasy and mid-grade single pitches with friendly bolting, plus good fully bolted long multi-pitches, within walking distance of town.",,Soft parade ext6b35m,,,https://climbinleonidio.com/route/soft-parade-ext-16/
29,"HospitalEasy and mid-grade single pitches with friendly bolting, plus good fully bolted long multi-pitches, within walking distance of town.",,Masterplan4c18m,,,https://climbinleonidio.com/route/masterplan-16/
29,"HospitalEasy and mid-grade single pitches with friendly bolting, plus good fully bolted long multi-pitches, within walking distance of town.",,Masterplan ext6a35m,,,https://climbinleonidio.com/route/masterplan-ext-16/
29,"HospitalEasy and mid-grade single pitches with friendly bolting, plus good fully bolted long multi-pitches, within walking distance of town.",,Kounelaki5a20m,,,https://climbinleonidio.com/route/kounelaki-16/
29,"HospitalEasy and mid-grade single pitches with friendly bolting, plus good fully bolted long multi-pitches, within walking distance of town.",,Kounelaki ext6a30m,,,https://climbinleonidio.com/route/kounelaki-ext-16/
29,"HospitalEasy and mid-grade single pitches with friendly bolting, plus good fully bolted long multi-pitches, within walking distance of town.",,Forget me not5a20m,,,https://climbinleonidio.com/route/forget-me-not-16/
29,"HospitalEasy and mid-grade single pitches with friendly bolting, plus good fully bolted long multi-pitches, within walking distance of town.",,Forget me not ext6a35m,,,https://climbinleonidio.com/route/forget-me-not-ext-16/
29,"HospitalEasy and mid-grade single pitches with friendly bolting, plus good fully bolted long multi-pitches, within walking distance of town.",,Madri5b+20m,,,https://climbinleonidio.com/route/madri-16/
29,"HospitalEasy and mid-grade single pitches with friendly bolting, plus good fully bolted long multi-pitches, within walking distance of town.",,Madri ext 16a40m,,,https://climbinleonidio.com/route/madri-ext-1-16/
29,"HospitalEasy and mid-grade single pitches with friendly bolting, plus good fully bolted long multi-pitches, within walking distance of town.",,Madri ext 26a+50m,,,https://climbinleonidio.com/route/madri-ext-2-16/
29,"HospitalEasy and mid-grade single pitches with friendly bolting, plus good fully bolted long multi-pitches, within walking distance of town.",,Vaskina5b+25m,,,https://climbinleonidio.com/route/vaskina-16/
29,"HospitalEasy and mid-grade single pitches with friendly bolting, plus good fully bolted long multi-pitches, within walking distance of town.",,Kalavryta5c20m,,,https://climbinleonidio.com/route/kalavryta-16/
29,"HospitalEasy and mid-grade single pitches with friendly bolting, plus good fully bolted long multi-pitches, within walking distance of town.",,Kalavryta ext6a38m,,,https://climbinleonidio.com/route/kalavryta-ext-16/
29,"HospitalEasy and mid-grade single pitches with friendly bolting, plus good fully bolted long multi-pitches, within walking distance of town.",,Kosmas5b+20m,,,https://climbinleonidio.com/route/kosmas-16/
29,"HospitalEasy and mid-grade single pitches with friendly bolting, plus good fully bolted long multi-pitches, within walking distance of town.",,Kosmas ext6a38m,,,https://climbinleonidio.com/route/kosmas-ext-16/
29,"HospitalEasy and mid-grade single pitches with friendly bolting, plus good fully bolted long multi-pitches, within walking distance of town.",,Distomo5c20m,,,https://climbinleonidio.com/route/distomo-16/
29,"HospitalEasy and mid-grade single pitches with friendly bolting, plus good fully bolted long multi-pitches, within walking distance of town.",,Distomo ext6a+40m,,,https://climbinleonidio.com/route/distomo-ext-16/
29,"HospitalEasy and mid-grade single pitches with friendly bolting, plus good fully bolted long multi-pitches, within walking distance of town.",,Ghml6a+40m,,,https://climbinleonidio.com/route/ghml-16/
29,"HospitalEasy and mid-grade single pitches with friendly bolting, plus good fully bolted long multi-pitches, within walking distance of town.",,Dream team6a40m,,,https://climbinleonidio.com/route/dream-team-16/
29,"HospitalEasy and mid-grade single pitches with friendly bolting, plus good fully bolted long multi-pitches, within walking distance of town.",,Tsonta6a+40m,,,https://climbinleonidio.com/route/tsonta-16/
29,"HospitalEasy and mid-grade single pitches with friendly bolting, plus good fully bolted long multi-pitches, within walking distance of town.",,Mega pipe6a+40m,,,https://climbinleonidio.com/route/mega-pipe-16/
29,"HospitalEasy and mid-grade single pitches with friendly bolting, plus good fully bolted long multi-pitches, within walking distance of town.",,Julia alexandratou6a+40m,,,https://climbinleonidio.com/route/julia-alexandratou-16/
29,"HospitalEasy and mid-grade single pitches with friendly bolting, plus good fully bolted long multi-pitches, within walking distance of town.",,Skyfall6a+40m,,,https://climbinleonidio.com/route/skyfall-16/
29,"HospitalEasy and mid-grade single pitches with friendly bolting, plus good fully bolted long multi-pitches, within walking distance of town.",,Mitropoli6a+40m,,,https://climbinleonidio.com/route/mitropoli-16/
29,"HospitalEasy and mid-grade single pitches with friendly bolting, plus good fully bolted long multi-pitches, within walking distance of town.",,Protimo ta glyka6a+35m,,,https://climbinleonidio.com/route/protimo-ta-glyka-16/
29,"HospitalEasy and mid-grade single pitches with friendly bolting, plus good fully bolted long multi-pitches, within walking distance of town.",,Aghios Lemmy6b205,,,https://climbinleonidio.com/route/aghios-lemmy-16/
29,"HospitalEasy and mid-grade single pitches with friendly bolting, plus good fully bolted long multi-pitches, within walking distance of town.",,Tanaïs7a+240,,,https://climbinleonidio.com/route/tanais-16/
29,"HospitalEasy and mid-grade single pitches with friendly bolting, plus good fully bolted long multi-pitches, within walking distance of town.",,We salute you6a+185,,,https://climbinleonidio.com/route/we-salute-you-16/
29,"HospitalEasy and mid-grade single pitches with friendly bolting, plus good fully bolted long multi-pitches, within walking distance of town.",,Federer6c155,,,https://climbinleonidio.com/route/federer-16/
30,"OlymposHigh above Leonidio, red cliffs over a series of terraces. Good variety, but mostly steep climbing on overhangs and some tufas.",,Aptnsp5c20m,,,https://climbinleonidio.com/route/aptnsp-16/
30,"OlymposHigh above Leonidio, red cliffs over a series of terraces. Good variety, but mostly steep climbing on overhangs and some tufas.",,...6a20m,,,https://climbinleonidio.com/route/43446/
30,"OlymposHigh above Leonidio, red cliffs over a series of terraces. Good variety, but mostly steep climbing on overhangs and some tufas.",,R.i.p.6c+20m,,,https://climbinleonidio.com/route/r-i-p-16/
30,"OlymposHigh above Leonidio, red cliffs over a series of terraces. Good variety, but mostly steep climbing on overhangs and some tufas.",,Leonidio-1.fc.union=10:06b+15m,,,https://climbinleonidio.com/route/leonidio-1-fc-union100-16/
30,"OlymposHigh above Leonidio, red cliffs over a series of terraces. Good variety, but mostly steep climbing on overhangs and some tufas.",,Mi linia!7a15m,,,https://climbinleonidio.com/route/mi-linia-16/
30,"OlymposHigh above Leonidio, red cliffs over a series of terraces. Good variety, but mostly steep climbing on overhangs and some tufas.",,a6a+20m,,,https://climbinleonidio.com/route/10a-16/
30,"OlymposHigh above Leonidio, red cliffs over a series of terraces. Good variety, but mostly steep climbing on overhangs and some tufas.",,Cebolla cruda6b+20m,,,https://climbinleonidio.com/route/cebolla-cruda-16/
30,"OlymposHigh above Leonidio, red cliffs over a series of terraces. Good variety, but mostly steep climbing on overhangs and some tufas.",,"Si, pero...6c20m",,,https://climbinleonidio.com/route/si-pero-16/
30,"OlymposHigh above Leonidio, red cliffs over a series of terraces. Good variety, but mostly steep climbing on overhangs and some tufas.",,Ninja7b25m,,,https://climbinleonidio.com/route/ninja-16/
30,"OlymposHigh above Leonidio, red cliffs over a series of terraces. Good variety, but mostly steep climbing on overhangs and some tufas.",,Agent 0077b25m,,,https://climbinleonidio.com/route/agent-007-16/
30,"OlymposHigh above Leonidio, red cliffs over a series of terraces. Good variety, but mostly steep climbing on overhangs and some tufas.",,Aggressionskontrolle7b+25m,,,https://climbinleonidio.com/route/aggressionskontrolle-16/
30,"OlymposHigh above Leonidio, red cliffs over a series of terraces. Good variety, but mostly steep climbing on overhangs and some tufas.",,Pequeño monstro6c+25m,,,https://climbinleonidio.com/route/pequeno-monstro-16/
30,"OlymposHigh above Leonidio, red cliffs over a series of terraces. Good variety, but mostly steep climbing on overhangs and some tufas.",,La mina6c35m,,,https://climbinleonidio.com/route/la-mina-16/
30,"OlymposHigh above Leonidio, red cliffs over a series of terraces. Good variety, but mostly steep climbing on overhangs and some tufas.",,Doctor p.7b20m,,,https://climbinleonidio.com/route/doctor-p-16/
30,"OlymposHigh above Leonidio, red cliffs over a series of terraces. Good variety, but mostly steep climbing on overhangs and some tufas.",,Toystory7b+35m,,,https://climbinleonidio.com/route/toystory-16/
30,"OlymposHigh above Leonidio, red cliffs over a series of terraces. Good variety, but mostly steep climbing on overhangs and some tufas.",,Hola ruben7a+25m,,,https://climbinleonidio.com/route/hola-ruben-16/
30,"OlymposHigh above Leonidio, red cliffs over a series of terraces. Good variety, but mostly steep climbing on overhangs and some tufas.",,Chronic insatisfaction7b25m,,,https://climbinleonidio.com/route/chronic-insatisfaction-16/
30,"OlymposHigh above Leonidio, red cliffs over a series of terraces. Good variety, but mostly steep climbing on overhangs and some tufas.",,Venga las chicas7b+25m,,,https://climbinleonidio.com/route/venga-las-chicas-16/
30,"OlymposHigh above Leonidio, red cliffs over a series of terraces. Good variety, but mostly steep climbing on overhangs and some tufas.",,"No quickdraw, no flash!7b+30m",,,https://climbinleonidio.com/route/no-quickdraw-no-flash-16/
30,"OlymposHigh above Leonidio, red cliffs over a series of terraces. Good variety, but mostly steep climbing on overhangs and some tufas.",,"No es talento, es genius6a20m",,,https://climbinleonidio.com/route/no-es-talento-es-genius-16/
30,"OlymposHigh above Leonidio, red cliffs over a series of terraces. Good variety, but mostly steep climbing on overhangs and some tufas.",,"No es talento, es genius ext7c30m",,,https://climbinleonidio.com/route/no-es-talento-es-genius-ext-16/
30,"OlymposHigh above Leonidio, red cliffs over a series of terraces. Good variety, but mostly steep climbing on overhangs and some tufas.",,Antibiotica6b20m,,,https://climbinleonidio.com/route/antibiotica-16/
30,"OlymposHigh above Leonidio, red cliffs over a series of terraces. Good variety, but mostly steep climbing on overhangs and some tufas.",,Antibiotica ext7c+30m,,,https://climbinleonidio.com/route/antibiotica-ext-16/
30,"OlymposHigh above Leonidio, red cliffs over a series of terraces. Good variety, but mostly steep climbing on overhangs and some tufas.",,Cuazu7c+30m,,,https://climbinleonidio.com/route/cuazu-16/
30,"OlymposHigh above Leonidio, red cliffs over a series of terraces. Good variety, but mostly steep climbing on overhangs and some tufas.",,Flokati7c25m,,,https://climbinleonidio.com/route/flokati-16/
30,"OlymposHigh above Leonidio, red cliffs over a series of terraces. Good variety, but mostly steep climbing on overhangs and some tufas.",,M’gnesio liquido7a15m,,,https://climbinleonidio.com/route/mgnesio-liquido-16/
30,"OlymposHigh above Leonidio, red cliffs over a series of terraces. Good variety, but mostly steep climbing on overhangs and some tufas.",,Fava7c12m,,,https://climbinleonidio.com/route/fava-16/
30,"OlymposHigh above Leonidio, red cliffs over a series of terraces. Good variety, but mostly steep climbing on overhangs and some tufas.",,Little tent8a+?12m,,,https://climbinleonidio.com/route/little-tent-16/
30,"OlymposHigh above Leonidio, red cliffs over a series of terraces. Good variety, but mostly steep climbing on overhangs and some tufas.",,Laconic answer7c+12m,,,https://climbinleonidio.com/route/laconic-answer-16/
30,"OlymposHigh above Leonidio, red cliffs over a series of terraces. Good variety, but mostly steep climbing on overhangs and some tufas.",,Drakonian measures8a12m,,,https://climbinleonidio.com/route/drakonian-measures-16/
30,"OlymposHigh above Leonidio, red cliffs over a series of terraces. Good variety, but mostly steep climbing on overhangs and some tufas.",,Damokles sword8a+12m,,,https://climbinleonidio.com/route/damokles-sword-16/
30,"OlymposHigh above Leonidio, red cliffs over a series of terraces. Good variety, but mostly steep climbing on overhangs and some tufas.",,Hephaistos vs blanka7c+15m,,,https://climbinleonidio.com/route/hephaistos-vs-blanka-16/
30,"OlymposHigh above Leonidio, red cliffs over a series of terraces. Good variety, but mostly steep climbing on overhangs and some tufas.",,Hephaistos hammer7c+15m,,,https://climbinleonidio.com/route/hephaistos-hammer-16/
30,"OlymposHigh above Leonidio, red cliffs over a series of terraces. Good variety, but mostly steep climbing on overhangs and some tufas.",,Christel wave6b12m,,,https://climbinleonidio.com/route/christel-wave-16/
31,"MarsA dreamy red tufa crag! On the way, sub-sectors Namaste and Venus have mostly vertical routes (and less people).",,Black hole6b+32m,,,https://climbinleonidio.com/route/black-hole-16/
31,"MarsA dreamy red tufa crag! On the way, sub-sectors Namaste and Venus have mostly vertical routes (and less people).",,Super nova6c+40m,,,https://climbinleonidio.com/route/super-nova-16/
31,"MarsA dreamy red tufa crag! On the way, sub-sectors Namaste and Venus have mostly vertical routes (and less people).",,Spiders from mars6c35m,,,https://climbinleonidio.com/route/spiders-from-mars-16/
31,"MarsA dreamy red tufa crag! On the way, sub-sectors Namaste and Venus have mostly vertical routes (and less people).",,Biosphäre6b35m,,,https://climbinleonidio.com/route/biosphare-16/
31,"MarsA dreamy red tufa crag! On the way, sub-sectors Namaste and Venus have mostly vertical routes (and less people).",,Glamour on the rocks6a+30m,,,https://climbinleonidio.com/route/glamour-on-the-rocks-16/
31,"MarsA dreamy red tufa crag! On the way, sub-sectors Namaste and Venus have mostly vertical routes (and less people).",,Glamour on the rocks direct6b+30m,,,https://climbinleonidio.com/route/glamour-on-the-rocks-direct-16/
31,"MarsA dreamy red tufa crag! On the way, sub-sectors Namaste and Venus have mostly vertical routes (and less people).",,Alissa–sophia7a35m,,,https://climbinleonidio.com/route/alissa-sophia-16/
31,"MarsA dreamy red tufa crag! On the way, sub-sectors Namaste and Venus have mostly vertical routes (and less people).",,Wilfried r.i.p.6c35m,,,https://climbinleonidio.com/route/wilfried-r-i-p-16/
31,"MarsA dreamy red tufa crag! On the way, sub-sectors Namaste and Venus have mostly vertical routes (and less people).",,Greek run-out6c+40m,,,https://climbinleonidio.com/route/greek-run-out-16/
31,"MarsA dreamy red tufa crag! On the way, sub-sectors Namaste and Venus have mostly vertical routes (and less people).",,Bon voyage6b+40m,,,https://climbinleonidio.com/route/bon-voyage-16/
31,"MarsA dreamy red tufa crag! On the way, sub-sectors Namaste and Venus have mostly vertical routes (and less people).",,Oh mon dieu6c+25m,,,https://climbinleonidio.com/route/oh-mon-dieu-16/
31,"MarsA dreamy red tufa crag! On the way, sub-sectors Namaste and Venus have mostly vertical routes (and less people).",,El gecko6c+20m,,,https://climbinleonidio.com/route/el-gecko-16/
31,"MarsA dreamy red tufa crag! On the way, sub-sectors Namaste and Venus have mostly vertical routes (and less people).",,Yoko m-ono7a22m,,,https://climbinleonidio.com/route/yoko-m-ono-16/
31,"MarsA dreamy red tufa crag! On the way, sub-sectors Namaste and Venus have mostly vertical routes (and less people).",,Jumanji6c+25m,,,https://climbinleonidio.com/route/jumanji-16/
31,"MarsA dreamy red tufa crag! On the way, sub-sectors Namaste and Venus have mostly vertical routes (and less people).",,Drop city7a35m,,,https://climbinleonidio.com/route/drop-city-16/
31,"MarsA dreamy red tufa crag! On the way, sub-sectors Namaste and Venus have mostly vertical routes (and less people).",,Drop city direct7c35m,,,https://climbinleonidio.com/route/drop-city-direct-16/
31,"MarsA dreamy red tufa crag! On the way, sub-sectors Namaste and Venus have mostly vertical routes (and less people).",,Snickers7b+35m,,,https://climbinleonidio.com/route/snickers-16/
31,"MarsA dreamy red tufa crag! On the way, sub-sectors Namaste and Venus have mostly vertical routes (and less people).",,Humidity lesson7c35m,,,https://climbinleonidio.com/route/humidity-lesson-16/
31,"MarsA dreamy red tufa crag! On the way, sub-sectors Namaste and Venus have mostly vertical routes (and less people).",,Speckschüttel dyno7c38m,,,https://climbinleonidio.com/route/speckschuttel-dyno-16/
31,"MarsA dreamy red tufa crag! On the way, sub-sectors Namaste and Venus have mostly vertical routes (and less people).",,Boubouki6b+20m,,,https://climbinleonidio.com/route/boubouki-16/
31,"MarsA dreamy red tufa crag! On the way, sub-sectors Namaste and Venus have mostly vertical routes (and less people).",,Boubouki ext7a+38m,,,https://climbinleonidio.com/route/boubouki-ext-16/
31,"MarsA dreamy red tufa crag! On the way, sub-sectors Namaste and Venus have mostly vertical routes (and less people).",,Pontiki sto tiri6b+20m,,,https://climbinleonidio.com/route/pontiki-sto-tiri-16/
31,"MarsA dreamy red tufa crag! On the way, sub-sectors Namaste and Venus have mostly vertical routes (and less people).",,Pontiki sto tiri ext7b38m,,,https://climbinleonidio.com/route/pontiki-sto-tiri-ext-16/
31,"MarsA dreamy red tufa crag! On the way, sub-sectors Namaste and Venus have mostly vertical routes (and less people).",,Sinter symphonie6b20m,,,https://climbinleonidio.com/route/sinter-symphonie-16/
31,"MarsA dreamy red tufa crag! On the way, sub-sectors Namaste and Venus have mostly vertical routes (and less people).",,Spaceman spiff6c20m,,,https://climbinleonidio.com/route/spaceman-spiff-16/
31,"MarsA dreamy red tufa crag! On the way, sub-sectors Namaste and Venus have mostly vertical routes (and less people).",,Spaceman spiff ext7a+38m,,,https://climbinleonidio.com/route/spaceman-spiff-ext-16/
31,"MarsA dreamy red tufa crag! On the way, sub-sectors Namaste and Venus have mostly vertical routes (and less people).",,Tufatango6c18m,,,https://climbinleonidio.com/route/tufatango-16/
31,"MarsA dreamy red tufa crag! On the way, sub-sectors Namaste and Venus have mostly vertical routes (and less people).",,Mystère et boule de gomme6c+20m,,,https://climbinleonidio.com/route/mystere-et-boule-de-gomme-16/
31,"MarsA dreamy red tufa crag! On the way, sub-sectors Namaste and Venus have mostly vertical routes (and less people).",,Mystère et boule de...ext7b+35m,,,https://climbinleonidio.com/route/mystere-et-boule-de-ext-16/
31,"MarsA dreamy red tufa crag! On the way, sub-sectors Namaste and Venus have mostly vertical routes (and less people).",,Chuck notis7a+20m,,,https://climbinleonidio.com/route/chuck-notis-16/
31,"MarsA dreamy red tufa crag! On the way, sub-sectors Namaste and Venus have mostly vertical routes (and less people).",,Chuck notis ext 17c38m,,,https://climbinleonidio.com/route/chuck-notis-ext-1-16/
31,"MarsA dreamy red tufa crag! On the way, sub-sectors Namaste and Venus have mostly vertical routes (and less people).",,Chuck notis ext 28a52m,,,https://climbinleonidio.com/route/chuck-notis-ext-2-16/
31,"MarsA dreamy red tufa crag! On the way, sub-sectors Namaste and Venus have mostly vertical routes (and less people).",,Lost in space7b25m,,,https://climbinleonidio.com/route/lost-in-space-16/
31,"MarsA dreamy red tufa crag! On the way, sub-sectors Namaste and Venus have mostly vertical routes (and less people).",,Lost in space ext7b+52m,,,https://climbinleonidio.com/route/lost-in-space-ext-16/
31,"MarsA dreamy red tufa crag! On the way, sub-sectors Namaste and Venus have mostly vertical routes (and less people).",,Pasoclave.com7b40m,,,https://climbinleonidio.com/route/pasoclave-com-16/
31,"MarsA dreamy red tufa crag! On the way, sub-sectors Namaste and Venus have mostly vertical routes (and less people).",,Œil de biche7c40m,,,https://climbinleonidio.com/route/oeil-de-biche-16/
31,"MarsA dreamy red tufa crag! On the way, sub-sectors Namaste and Venus have mostly vertical routes (and less people).",,Œil de bœuf7c+42m,,,https://climbinleonidio.com/route/oeil-de-boeuf-16/
31,"MarsA dreamy red tufa crag! On the way, sub-sectors Namaste and Venus have mostly vertical routes (and less people).",,Pathfinder6c+22m,,,https://climbinleonidio.com/route/pathfinder-31/
31,"MarsA dreamy red tufa crag! On the way, sub-sectors Namaste and Venus have mostly vertical routes (and less people).",,E.S.A.6a+20m,,,https://climbinleonidio.com/route/e-s-a-16/
31,"MarsA dreamy red tufa crag! On the way, sub-sectors Namaste and Venus have mostly vertical routes (and less people).",,E.S.A. ext7c35m,,,https://climbinleonidio.com/route/e-s-a-ext-16/
31,"MarsA dreamy red tufa crag! On the way, sub-sectors Namaste and Venus have mostly vertical routes (and less people).",,The beast in the beauty6c+25m,,,https://climbinleonidio.com/route/the-beast-in-the-beauty-16/
31,"MarsA dreamy red tufa crag! On the way, sub-sectors Namaste and Venus have mostly vertical routes (and less people).",,N.A.S.A.7a30m,,,https://climbinleonidio.com/route/n-a-s-a-16/
31,"MarsA dreamy red tufa crag! On the way, sub-sectors Namaste and Venus have mostly vertical routes (and less people).",,Haiku kurouchi6c+40m,,,https://climbinleonidio.com/route/haiku-kurouchi-16/
31,"MarsA dreamy red tufa crag! On the way, sub-sectors Namaste and Venus have mostly vertical routes (and less people).",,Speedy quick6c38m,,,https://climbinleonidio.com/route/speedy-quick-16/
31,"MarsA dreamy red tufa crag! On the way, sub-sectors Namaste and Venus have mostly vertical routes (and less people).",,Vorsprung durch hektik7b+38m,,,https://climbinleonidio.com/route/vorsprung-durch-hektik-16/
31,"MarsA dreamy red tufa crag! On the way, sub-sectors Namaste and Venus have mostly vertical routes (and less people).",,Lord of the crimps7a+35m,,,https://climbinleonidio.com/route/lord-of-the-crimps-16/
31,"MarsA dreamy red tufa crag! On the way, sub-sectors Namaste and Venus have mostly vertical routes (and less people).",,Dihedral del rey7b+30m,,,https://climbinleonidio.com/route/dihedral-del-rey-16/
31,"MarsA dreamy red tufa crag! On the way, sub-sectors Namaste and Venus have mostly vertical routes (and less people).",,Lovers for the weekend7b+30m,,,https://climbinleonidio.com/route/lovers-for-the-weekend-16/
31,"MarsA dreamy red tufa crag! On the way, sub-sectors Namaste and Venus have mostly vertical routes (and less people).",,Meraklis8a+30m,,,https://climbinleonidio.com/route/meraklis-16/
31,"MarsA dreamy red tufa crag! On the way, sub-sectors Namaste and Venus have mostly vertical routes (and less people).",,Om7c25m,,,https://climbinleonidio.com/route/om-16/
31,"MarsA dreamy red tufa crag! On the way, sub-sectors Namaste and Venus have mostly vertical routes (and less people).",,El baile de tango7b+25m,,,https://climbinleonidio.com/route/el-baile-de-tango-16/
31,"MarsA dreamy red tufa crag! On the way, sub-sectors Namaste and Venus have mostly vertical routes (and less people).",,Tufa liaison6c+20m,,,https://climbinleonidio.com/route/tufa-liaison-16/
31,"MarsA dreamy red tufa crag! On the way, sub-sectors Namaste and Venus have mostly vertical routes (and less people).",,Cruxaki8b20m,,,https://climbinleonidio.com/route/cruxaki-16/
31,"MarsA dreamy red tufa crag! On the way, sub-sectors Namaste and Venus have mostly vertical routes (and less people).",,Fires of varanasi6b+20m,,,https://climbinleonidio.com/route/fires-of-varanasi-16/
31,"MarsA dreamy red tufa crag! On the way, sub-sectors Namaste and Venus have mostly vertical routes (and less people).",,Ojo dekoumene6a22m,,,https://climbinleonidio.com/route/ojo-dekoumene-16/
31,"MarsA dreamy red tufa crag! On the way, sub-sectors Namaste and Venus have mostly vertical routes (and less people).",,Goan corner6a26m,,,https://climbinleonidio.com/route/goan-corner-16/
31,"MarsA dreamy red tufa crag! On the way, sub-sectors Namaste and Venus have mostly vertical routes (and less people).",,Grand slam7c35m,,,https://climbinleonidio.com/route/grand-slam-16/
31,"MarsA dreamy red tufa crag! On the way, sub-sectors Namaste and Venus have mostly vertical routes (and less people).",,All in!8a?35m,,,https://climbinleonidio.com/route/all-in-16/
31,"MarsA dreamy red tufa crag! On the way, sub-sectors Namaste and Venus have mostly vertical routes (and less people).",,Carina7c35m,,,https://climbinleonidio.com/route/carina-16/
31,"MarsA dreamy red tufa crag! On the way, sub-sectors Namaste and Venus have mostly vertical routes (and less people).",,Bunschi7b+35m,,,https://climbinleonidio.com/route/bunschi-16/
31,"MarsA dreamy red tufa crag! On the way, sub-sectors Namaste and Venus have mostly vertical routes (and less people).",,Ein stier aus uri7b+40m,,,https://climbinleonidio.com/route/ein-stier-aus-uri-16/
31,"MarsA dreamy red tufa crag! On the way, sub-sectors Namaste and Venus have mostly vertical routes (and less people).",,Viva adrenalina7c+40m,,,https://climbinleonidio.com/route/viva-adrenalina-16/
31,"MarsA dreamy red tufa crag! On the way, sub-sectors Namaste and Venus have mostly vertical routes (and less people).",,Jalapeños7a+40m,,,https://climbinleonidio.com/route/jalapenos-16/
31,"MarsA dreamy red tufa crag! On the way, sub-sectors Namaste and Venus have mostly vertical routes (and less people).",,Follow me6c+20m,,,https://climbinleonidio.com/route/follow-me-16/
31,"MarsA dreamy red tufa crag! On the way, sub-sectors Namaste and Venus have mostly vertical routes (and less people).",,Quelles nouvelles!5c+25m,,,https://climbinleonidio.com/route/quelles-nouvelles-16/
32,JupiterQuality climbing and cool conditions on a very long wall full of pockets. Located on the back side of the Kokkinóvrachos face.,,No name 16c30m,,,https://climbinleonidio.com/route/no-name-1-16/
32,JupiterQuality climbing and cool conditions on a very long wall full of pockets. Located on the back side of the Kokkinóvrachos face.,,No name 26c20m,,,https://climbinleonidio.com/route/no-name-2-16/
32,JupiterQuality climbing and cool conditions on a very long wall full of pockets. Located on the back side of the Kokkinóvrachos face.,,No name,2,,https://climbinleonidio.com/route/no-name-2-ext-16/
32,JupiterQuality climbing and cool conditions on a very long wall full of pockets. Located on the back side of the Kokkinóvrachos face.,,No name 47a30m,,,https://climbinleonidio.com/route/no-name-4-16/
32,JupiterQuality climbing and cool conditions on a very long wall full of pockets. Located on the back side of the Kokkinóvrachos face.,,Hurry up and wait7a20m,,,https://climbinleonidio.com/route/hurry-up-and-wait-16/
32,JupiterQuality climbing and cool conditions on a very long wall full of pockets. Located on the back side of the Kokkinóvrachos face.,,Hurry up and wait ext7a40m,,,https://climbinleonidio.com/route/hurry-up-and-wait-ext-16/
32,JupiterQuality climbing and cool conditions on a very long wall full of pockets. Located on the back side of the Kokkinóvrachos face.,,No name 76c30m,,,https://climbinleonidio.com/route/no-name-7-16/
32,JupiterQuality climbing and cool conditions on a very long wall full of pockets. Located on the back side of the Kokkinóvrachos face.,,Ancient melodies7a+20m,,,https://climbinleonidio.com/route/ancient-melodies-16/
32,JupiterQuality climbing and cool conditions on a very long wall full of pockets. Located on the back side of the Kokkinóvrachos face.,,Ancient melodies ext7a+42m,,,https://climbinleonidio.com/route/ancient-melodies-ext-16/
32,JupiterQuality climbing and cool conditions on a very long wall full of pockets. Located on the back side of the Kokkinóvrachos face.,,Lieblingsfarbe grün6c+30m,,,https://climbinleonidio.com/route/lieblingsfarbe-grun-16/
32,JupiterQuality climbing and cool conditions on a very long wall full of pockets. Located on the back side of the Kokkinóvrachos face.,,Lieblingsfarbe grün ext6c+42m,,,https://climbinleonidio.com/route/lieblingsfarbe-grun-ext-16/
32,JupiterQuality climbing and cool conditions on a very long wall full of pockets. Located on the back side of the Kokkinóvrachos face.,,Gene Clark7a35m,,,https://climbinleonidio.com/route/gene-clark-16/
32,JupiterQuality climbing and cool conditions on a very long wall full of pockets. Located on the back side of the Kokkinóvrachos face.,,Gene Clark ext7a+50m,,,https://climbinleonidio.com/route/gene-clark-ext-16/
32,JupiterQuality climbing and cool conditions on a very long wall full of pockets. Located on the back side of the Kokkinóvrachos face.,,All life ends7a+20m,,,https://climbinleonidio.com/route/all-life-ends-16/
32,JupiterQuality climbing and cool conditions on a very long wall full of pockets. Located on the back side of the Kokkinóvrachos face.,,All life ends ext7b42m,,,https://climbinleonidio.com/route/all-life-ends-ext-16/
32,JupiterQuality climbing and cool conditions on a very long wall full of pockets. Located on the back side of the Kokkinóvrachos face.,,I’d even grow mustache...7a28m,,,https://climbinleonidio.com/route/id-even-grow-mustache-16/
32,JupiterQuality climbing and cool conditions on a very long wall full of pockets. Located on the back side of the Kokkinóvrachos face.,,I’d even grow mustache ext7b42m,,,https://climbinleonidio.com/route/id-even-grow-mustache-ext-16/
32,JupiterQuality climbing and cool conditions on a very long wall full of pockets. Located on the back side of the Kokkinóvrachos face.,,And dress myself in black6b15m,,,https://climbinleonidio.com/route/and-dress-myself-in-black-16/
32,JupiterQuality climbing and cool conditions on a very long wall full of pockets. Located on the back side of the Kokkinóvrachos face.,,And dress myself in black ext7c45m,,,https://climbinleonidio.com/route/and-dress-myself-in-black-ext-16/
32,JupiterQuality climbing and cool conditions on a very long wall full of pockets. Located on the back side of the Kokkinóvrachos face.,,No name 208a25m,,,https://climbinleonidio.com/route/no-name-20-16/
32,JupiterQuality climbing and cool conditions on a very long wall full of pockets. Located on the back side of the Kokkinóvrachos face.,,No name,20,,https://climbinleonidio.com/route/no-name-20-ext-16/
32,JupiterQuality climbing and cool conditions on a very long wall full of pockets. Located on the back side of the Kokkinóvrachos face.,,Zeitlupe7b+45m,,,https://climbinleonidio.com/route/zeitlupe-16/
32,JupiterQuality climbing and cool conditions on a very long wall full of pockets. Located on the back side of the Kokkinóvrachos face.,,Fake palindroms7c+35m,,,https://climbinleonidio.com/route/fake-palindroms-16/
32,JupiterQuality climbing and cool conditions on a very long wall full of pockets. Located on the back side of the Kokkinóvrachos face.,,Sharpen your knife7c40m,,,https://climbinleonidio.com/route/sharpen-your-knife-16/
32,JupiterQuality climbing and cool conditions on a very long wall full of pockets. Located on the back side of the Kokkinóvrachos face.,,No name 257b30m,,,https://climbinleonidio.com/route/no-name-25-31/
32,JupiterQuality climbing and cool conditions on a very long wall full of pockets. Located on the back side of the Kokkinóvrachos face.,,No name,25,,https://climbinleonidio.com/route/no-name-25-ext-16/
32,JupiterQuality climbing and cool conditions on a very long wall full of pockets. Located on the back side of the Kokkinóvrachos face.,,Lykakia6b+20m,,,https://climbinleonidio.com/route/lykakia-16/
32,JupiterQuality climbing and cool conditions on a very long wall full of pockets. Located on the back side of the Kokkinóvrachos face.,,Lykakia ext7a40m,,,https://climbinleonidio.com/route/lykakia-ext-16/
32,JupiterQuality climbing and cool conditions on a very long wall full of pockets. Located on the back side of the Kokkinóvrachos face.,,Amiral6c25m,,,https://climbinleonidio.com/route/amiral-16/
32,JupiterQuality climbing and cool conditions on a very long wall full of pockets. Located on the back side of the Kokkinóvrachos face.,,Amiral ext6c+40m,,,https://climbinleonidio.com/route/amiral-ext-16/
32,JupiterQuality climbing and cool conditions on a very long wall full of pockets. Located on the back side of the Kokkinóvrachos face.,,Kalimero7a+40m,,,https://climbinleonidio.com/route/kalimero-16/
32,JupiterQuality climbing and cool conditions on a very long wall full of pockets. Located on the back side of the Kokkinóvrachos face.,,Warum warum7a+40m,,,https://climbinleonidio.com/route/warum-warum-16/
32,JupiterQuality climbing and cool conditions on a very long wall full of pockets. Located on the back side of the Kokkinóvrachos face.,,No name 337a+45m,,,https://climbinleonidio.com/route/no-name-33-16/
32,JupiterQuality climbing and cool conditions on a very long wall full of pockets. Located on the back side of the Kokkinóvrachos face.,,Yorgos bogos6c+42m,,,https://climbinleonidio.com/route/yorgos-bogos-16/
32,JupiterQuality climbing and cool conditions on a very long wall full of pockets. Located on the back side of the Kokkinóvrachos face.,,Yorgos bogos ext7a65m,,,https://climbinleonidio.com/route/yorgos-bogos-ext-16/
32,JupiterQuality climbing and cool conditions on a very long wall full of pockets. Located on the back side of the Kokkinóvrachos face.,,Buddha’s eyes7b+55m,,,https://climbinleonidio.com/route/buddhas-eyes-16/
32,JupiterQuality climbing and cool conditions on a very long wall full of pockets. Located on the back side of the Kokkinóvrachos face.,,:01:006c25m,,,https://climbinleonidio.com/route/400100-16/
32,JupiterQuality climbing and cool conditions on a very long wall full of pockets. Located on the back side of the Kokkinóvrachos face.,,:1 ext7b45m,,,https://climbinleonidio.com/route/401-ext-16/
32,JupiterQuality climbing and cool conditions on a very long wall full of pockets. Located on the back side of the Kokkinóvrachos face.,,Doxa6c+25m,,,https://climbinleonidio.com/route/doxa-16/
32,JupiterQuality climbing and cool conditions on a very long wall full of pockets. Located on the back side of the Kokkinóvrachos face.,,Doxa ext7a45m,,,https://climbinleonidio.com/route/doxa-ext-16/
32,JupiterQuality climbing and cool conditions on a very long wall full of pockets. Located on the back side of the Kokkinóvrachos face.,,Clean your clock7a25m,,,https://climbinleonidio.com/route/clean-your-clock-16/
32,JupiterQuality climbing and cool conditions on a very long wall full of pockets. Located on the back side of the Kokkinóvrachos face.,,Clean your clock ext7a+50m,,,https://climbinleonidio.com/route/clean-your-clock-ext-16/
32,JupiterQuality climbing and cool conditions on a very long wall full of pockets. Located on the back side of the Kokkinóvrachos face.,,Metalizer6c+25m,,,https://climbinleonidio.com/route/metalizer-16/
32,JupiterQuality climbing and cool conditions on a very long wall full of pockets. Located on the back side of the Kokkinóvrachos face.,,Metalizer ext7b45m,,,https://climbinleonidio.com/route/metalizer-ext-16/
32,JupiterQuality climbing and cool conditions on a very long wall full of pockets. Located on the back side of the Kokkinóvrachos face.,,Great greece6c+30m,,,https://climbinleonidio.com/route/great-greece-16/
32,JupiterQuality climbing and cool conditions on a very long wall full of pockets. Located on the back side of the Kokkinóvrachos face.,,Great greece ext6c+55m,,,https://climbinleonidio.com/route/great-greece-ext-16/
32,JupiterQuality climbing and cool conditions on a very long wall full of pockets. Located on the back side of the Kokkinóvrachos face.,,Aufzug zum Olymp6c+30m,,,https://climbinleonidio.com/route/aufzug-zum-olymp-16/
32,JupiterQuality climbing and cool conditions on a very long wall full of pockets. Located on the back side of the Kokkinóvrachos face.,,Aufzug zum Olymp ext7b60m,,,https://climbinleonidio.com/route/aufzug-zum-olymp-ext-16/
32,JupiterQuality climbing and cool conditions on a very long wall full of pockets. Located on the back side of the Kokkinóvrachos face.,,The world is yours7a20m,,,https://climbinleonidio.com/route/the-world-is-yours-16/
32,JupiterQuality climbing and cool conditions on a very long wall full of pockets. Located on the back side of the Kokkinóvrachos face.,,The world is yours ext7c+45m,,,https://climbinleonidio.com/route/the-world-is-yours-ext-16/
32,JupiterQuality climbing and cool conditions on a very long wall full of pockets. Located on the back side of the Kokkinóvrachos face.,,Talbac6c25m,,,https://climbinleonidio.com/route/talbac-16/
32,JupiterQuality climbing and cool conditions on a very long wall full of pockets. Located on the back side of the Kokkinóvrachos face.,,Talbac ext7a45m,,,https://climbinleonidio.com/route/talbac-ext-16/
32,JupiterQuality climbing and cool conditions on a very long wall full of pockets. Located on the back side of the Kokkinóvrachos face.,,Naos6c45m,,,https://climbinleonidio.com/route/naos-16/
32,JupiterQuality climbing and cool conditions on a very long wall full of pockets. Located on the back side of the Kokkinóvrachos face.,,Astir6a18m,,,https://climbinleonidio.com/route/astir-16/
32,JupiterQuality climbing and cool conditions on a very long wall full of pockets. Located on the back side of the Kokkinóvrachos face.,,Astir ext6a+45m,,,https://climbinleonidio.com/route/astir-ext-16/
32,JupiterQuality climbing and cool conditions on a very long wall full of pockets. Located on the back side of the Kokkinóvrachos face.,,Sofos6b+42m,,,https://climbinleonidio.com/route/sofos-16/
33,King of ThronesSteep tufa routes and some sharp grey rock at the main sector. Sub-sector Dornröschen: a grey slab with easier and mid-grades.,,Song of ice and fire7b25m,,,https://climbinleonidio.com/route/song-of-ice-and-fire-16/
33,King of ThronesSteep tufa routes and some sharp grey rock at the main sector. Sub-sector Dornröschen: a grey slab with easier and mid-grades.,,Dance with dragons7b+25m,,,https://climbinleonidio.com/route/dance-with-dragons-16/
33,King of ThronesSteep tufa routes and some sharp grey rock at the main sector. Sub-sector Dornröschen: a grey slab with easier and mid-grades.,,Winds of winter7c+25m,,,https://climbinleonidio.com/route/winds-of-winter-16/
33,King of ThronesSteep tufa routes and some sharp grey rock at the main sector. Sub-sector Dornröschen: a grey slab with easier and mid-grades.,,Tsoutsouni7a+25m,,,https://climbinleonidio.com/route/tsoutsouni-16/
33,King of ThronesSteep tufa routes and some sharp grey rock at the main sector. Sub-sector Dornröschen: a grey slab with easier and mid-grades.,,Expect the unexpert7a+25m,,,https://climbinleonidio.com/route/expect-the-unexpert-16/
33,King of ThronesSteep tufa routes and some sharp grey rock at the main sector. Sub-sector Dornröschen: a grey slab with easier and mid-grades.,,Mächtig gewaltig6b25m,,,https://climbinleonidio.com/route/machtig-gewaltig-16/
33,King of ThronesSteep tufa routes and some sharp grey rock at the main sector. Sub-sector Dornröschen: a grey slab with easier and mid-grades.,,Ein kinderspiel6c25m,,,https://climbinleonidio.com/route/ein-kinderspiel-16/
33,King of ThronesSteep tufa routes and some sharp grey rock at the main sector. Sub-sector Dornröschen: a grey slab with easier and mid-grades.,,Ist das gefährlich?6c+25m,,,https://climbinleonidio.com/route/ist-das-gefahrlich-16/
33,King of ThronesSteep tufa routes and some sharp grey rock at the main sector. Sub-sector Dornröschen: a grey slab with easier and mid-grades.,,Todsicher7a+25m,,,https://climbinleonidio.com/route/todsicher-16/
33,King of ThronesSteep tufa routes and some sharp grey rock at the main sector. Sub-sector Dornröschen: a grey slab with easier and mid-grades.,,Franz jäger berlin6b25m,,,https://climbinleonidio.com/route/franz-jager-berlin-16/
33,King of ThronesSteep tufa routes and some sharp grey rock at the main sector. Sub-sector Dornröschen: a grey slab with easier and mid-grades.,,Das dumme schwein6c25m,,,https://climbinleonidio.com/route/das-dumme-schwein-16/
33,King of ThronesSteep tufa routes and some sharp grey rock at the main sector. Sub-sector Dornröschen: a grey slab with easier and mid-grades.,,Paparazzi route6b+25m,,,https://climbinleonidio.com/route/paparazzi-route-16/
33,King of ThronesSteep tufa routes and some sharp grey rock at the main sector. Sub-sector Dornröschen: a grey slab with easier and mid-grades.,,Proletariat6b+25m,,,https://climbinleonidio.com/route/proletariat-16/
33,King of ThronesSteep tufa routes and some sharp grey rock at the main sector. Sub-sector Dornröschen: a grey slab with easier and mid-grades.,,Bourgeoisie5c+25m,,,https://climbinleonidio.com/route/bourgeoisie-16/
33,King of ThronesSteep tufa routes and some sharp grey rock at the main sector. Sub-sector Dornröschen: a grey slab with easier and mid-grades.,,Cover girl shot6a+15m,,,https://climbinleonidio.com/route/cover-girl-shot-16/
33,King of ThronesSteep tufa routes and some sharp grey rock at the main sector. Sub-sector Dornröschen: a grey slab with easier and mid-grades.,,Saligaraki6c15m,,,https://climbinleonidio.com/route/saligaraki-16/
33,King of ThronesSteep tufa routes and some sharp grey rock at the main sector. Sub-sector Dornröschen: a grey slab with easier and mid-grades.,,Chameleon5c15m,,,https://climbinleonidio.com/route/chameleon-16/
33,King of ThronesSteep tufa routes and some sharp grey rock at the main sector. Sub-sector Dornröschen: a grey slab with easier and mid-grades.,,Terrier brothers5a17m,,,https://climbinleonidio.com/route/terrier-brothers-16/
33,King of ThronesSteep tufa routes and some sharp grey rock at the main sector. Sub-sector Dornröschen: a grey slab with easier and mid-grades.,,Børge5b15m,,,https://climbinleonidio.com/route/borge-16/
33,King of ThronesSteep tufa routes and some sharp grey rock at the main sector. Sub-sector Dornröschen: a grey slab with easier and mid-grades.,,Yvonne6b14m,,,https://climbinleonidio.com/route/yvonne-16/
33,King of ThronesSteep tufa routes and some sharp grey rock at the main sector. Sub-sector Dornröschen: a grey slab with easier and mid-grades.,,Egon6b+14m,,,https://climbinleonidio.com/route/egon-16/
33,King of ThronesSteep tufa routes and some sharp grey rock at the main sector. Sub-sector Dornröschen: a grey slab with easier and mid-grades.,,Kjeld6b+25m,,,https://climbinleonidio.com/route/kjeld-16/
33,King of ThronesSteep tufa routes and some sharp grey rock at the main sector. Sub-sector Dornröschen: a grey slab with easier and mid-grades.,,Benny6b25m,,,https://climbinleonidio.com/route/benny-16/
33,King of ThronesSteep tufa routes and some sharp grey rock at the main sector. Sub-sector Dornröschen: a grey slab with easier and mid-grades.,,Teamwerk' 56b25m,,,https://climbinleonidio.com/route/teamwerk-5-16/
33,King of ThronesSteep tufa routes and some sharp grey rock at the main sector. Sub-sector Dornröschen: a grey slab with easier and mid-grades.,,Three holy kings5c30m,,,https://climbinleonidio.com/route/three-holy-kings-16/
33,King of ThronesSteep tufa routes and some sharp grey rock at the main sector. Sub-sector Dornröschen: a grey slab with easier and mid-grades.,,Es war einmal5c25m,,,https://climbinleonidio.com/route/es-war-einmal-16/
33,King of ThronesSteep tufa routes and some sharp grey rock at the main sector. Sub-sector Dornröschen: a grey slab with easier and mid-grades.,,Lila brausebär7a33m,,,https://climbinleonidio.com/route/lila-brausebar-16/
33,King of ThronesSteep tufa routes and some sharp grey rock at the main sector. Sub-sector Dornröschen: a grey slab with easier and mid-grades.,,Glücksgriff6c35m,,,https://climbinleonidio.com/route/glucksgriff-16/
33,King of ThronesSteep tufa routes and some sharp grey rock at the main sector. Sub-sector Dornröschen: a grey slab with easier and mid-grades.,,Witch7a+35m,,,https://climbinleonidio.com/route/witch-31/
33,King of ThronesSteep tufa routes and some sharp grey rock at the main sector. Sub-sector Dornröschen: a grey slab with easier and mid-grades.,,Königin Elisabeth6b30m,,,https://climbinleonidio.com/route/konigin-elisabeth-16/
33,King of ThronesSteep tufa routes and some sharp grey rock at the main sector. Sub-sector Dornröschen: a grey slab with easier and mid-grades.,,Prinz6c+30m,,,https://climbinleonidio.com/route/prinz-16/
33,King of ThronesSteep tufa routes and some sharp grey rock at the main sector. Sub-sector Dornröschen: a grey slab with easier and mid-grades.,,Moussaka gedenkweg6c30m,,,https://climbinleonidio.com/route/moussaka-gedenkweg-16/
33,King of ThronesSteep tufa routes and some sharp grey rock at the main sector. Sub-sector Dornröschen: a grey slab with easier and mid-grades.,,Fussballet6c+30m,,,https://climbinleonidio.com/route/fussballet-16/
33,King of ThronesSteep tufa routes and some sharp grey rock at the main sector. Sub-sector Dornröschen: a grey slab with easier and mid-grades.,,King Koch6c+30m,,,https://climbinleonidio.com/route/king-koch-16/
33,King of ThronesSteep tufa routes and some sharp grey rock at the main sector. Sub-sector Dornröschen: a grey slab with easier and mid-grades.,,No name 186b+30m,,,https://climbinleonidio.com/route/no-name-18-32/
33,King of ThronesSteep tufa routes and some sharp grey rock at the main sector. Sub-sector Dornröschen: a grey slab with easier and mid-grades.,,Schuttrutsche6b30m,,,https://climbinleonidio.com/route/schuttrutsche-16/
33,King of ThronesSteep tufa routes and some sharp grey rock at the main sector. Sub-sector Dornröschen: a grey slab with easier and mid-grades.,,Nada esta escrito6a+30m,,,https://climbinleonidio.com/route/nada-esta-escrito-16/
33,King of ThronesSteep tufa routes and some sharp grey rock at the main sector. Sub-sector Dornröschen: a grey slab with easier and mid-grades.,,Vorgedrängelt6a+27m,,,https://climbinleonidio.com/route/vorgedrangelt-16/
33,King of ThronesSteep tufa routes and some sharp grey rock at the main sector. Sub-sector Dornröschen: a grey slab with easier and mid-grades.,,Nicht ist mal eben6b24m,,,https://climbinleonidio.com/route/nicht-ist-mal-eben-16/
33,King of ThronesSteep tufa routes and some sharp grey rock at the main sector. Sub-sector Dornröschen: a grey slab with easier and mid-grades.,,Mut zur lücke6a+20m,,,https://climbinleonidio.com/route/mut-zur-lucke-16/
33,King of ThronesSteep tufa routes and some sharp grey rock at the main sector. Sub-sector Dornröschen: a grey slab with easier and mid-grades.,,Marloni pepperoni6a+30m,,,https://climbinleonidio.com/route/marloni-pepperoni-16/
33,King of ThronesSteep tufa routes and some sharp grey rock at the main sector. Sub-sector Dornröschen: a grey slab with easier and mid-grades.,,Mittelerde6a18m,,,https://climbinleonidio.com/route/mittelerde-16/
33,King of ThronesSteep tufa routes and some sharp grey rock at the main sector. Sub-sector Dornröschen: a grey slab with easier and mid-grades.,,Blutspur6a+30m,,,https://climbinleonidio.com/route/blutspur-16/
33,King of ThronesSteep tufa routes and some sharp grey rock at the main sector. Sub-sector Dornröschen: a grey slab with easier and mid-grades.,,No name 275b15m,,,https://climbinleonidio.com/route/no-name-27-16/
34,"PanagiaFour sub-sectors (Panagia Cave, Mad Wall, Piccolo Muro, Yellow
Wall), each with its own character and well-bolted routes.",,La tufa germaine7b+135,,,https://climbinleonidio.com/route/la-tufa-germaine-16/
34,"PanagiaFour sub-sectors (Panagia Cave, Mad Wall, Piccolo Muro, Yellow
Wall), each with its own character and well-bolted routes.",,s6c40m,,,https://climbinleonidio.com/route/5s-16/
34,"PanagiaFour sub-sectors (Panagia Cave, Mad Wall, Piccolo Muro, Yellow
Wall), each with its own character and well-bolted routes.",,Kisakas6b40m,,,https://climbinleonidio.com/route/kisakas-16/
34,"PanagiaFour sub-sectors (Panagia Cave, Mad Wall, Piccolo Muro, Yellow
Wall), each with its own character and well-bolted routes.",,Nimfes6a+25m,,,https://climbinleonidio.com/route/nimfes-16/
34,"PanagiaFour sub-sectors (Panagia Cave, Mad Wall, Piccolo Muro, Yellow
Wall), each with its own character and well-bolted routes.",,Karia6a38m,,,https://climbinleonidio.com/route/karia-16/
34,"PanagiaFour sub-sectors (Panagia Cave, Mad Wall, Piccolo Muro, Yellow
Wall), each with its own character and well-bolted routes.",,Memories of last summer7a138,,,https://climbinleonidio.com/route/memories-of-last-summer-16/
34,"PanagiaFour sub-sectors (Panagia Cave, Mad Wall, Piccolo Muro, Yellow
Wall), each with its own character and well-bolted routes.",,Sintza6b38m,,,https://climbinleonidio.com/route/sintza-16/
34,"PanagiaFour sub-sectors (Panagia Cave, Mad Wall, Piccolo Muro, Yellow
Wall), each with its own character and well-bolted routes.",,Don whillans6a25m,,,https://climbinleonidio.com/route/don-whillans-16/
34,"PanagiaFour sub-sectors (Panagia Cave, Mad Wall, Piccolo Muro, Yellow
Wall), each with its own character and well-bolted routes.",,No name 95b25m,,,https://climbinleonidio.com/route/no-name-9-32/
34,"PanagiaFour sub-sectors (Panagia Cave, Mad Wall, Piccolo Muro, Yellow
Wall), each with its own character and well-bolted routes.",,Training2a10m,,,https://climbinleonidio.com/route/training-16/
34,"PanagiaFour sub-sectors (Panagia Cave, Mad Wall, Piccolo Muro, Yellow
Wall), each with its own character and well-bolted routes.",,Sitena5b25m,,,https://climbinleonidio.com/route/sitena-16/
34,"PanagiaFour sub-sectors (Panagia Cave, Mad Wall, Piccolo Muro, Yellow
Wall), each with its own character and well-bolted routes.",,Led zeppelin5b+25m,,,https://climbinleonidio.com/route/led-zeppelin-16/
34,"PanagiaFour sub-sectors (Panagia Cave, Mad Wall, Piccolo Muro, Yellow
Wall), each with its own character and well-bolted routes.",,Prastos5c25m,,,https://climbinleonidio.com/route/prastos-16/
34,"PanagiaFour sub-sectors (Panagia Cave, Mad Wall, Piccolo Muro, Yellow
Wall), each with its own character and well-bolted routes.",,Ligeria5c25m,,,https://climbinleonidio.com/route/ligeria-16/
34,"PanagiaFour sub-sectors (Panagia Cave, Mad Wall, Piccolo Muro, Yellow
Wall), each with its own character and well-bolted routes.",,Ziva5a25m,,,https://climbinleonidio.com/route/ziva-16/
34,"PanagiaFour sub-sectors (Panagia Cave, Mad Wall, Piccolo Muro, Yellow
Wall), each with its own character and well-bolted routes.",,I.55c20m,,,https://climbinleonidio.com/route/i-5-16/
34,"PanagiaFour sub-sectors (Panagia Cave, Mad Wall, Piccolo Muro, Yellow
Wall), each with its own character and well-bolted routes.",,Boro na speek speek5a+20m,,,https://climbinleonidio.com/route/boro-na-speek-speek-16/
34,"PanagiaFour sub-sectors (Panagia Cave, Mad Wall, Piccolo Muro, Yellow
Wall), each with its own character and well-bolted routes.",,Caking5b+20m,,,https://climbinleonidio.com/route/caking-16/
34,"PanagiaFour sub-sectors (Panagia Cave, Mad Wall, Piccolo Muro, Yellow
Wall), each with its own character and well-bolted routes.",,Vert pomme4c25m,,,https://climbinleonidio.com/route/vert-pomme-16/
34,"PanagiaFour sub-sectors (Panagia Cave, Mad Wall, Piccolo Muro, Yellow
Wall), each with its own character and well-bolted routes.",,Solo4b20m,,,https://climbinleonidio.com/route/solo-16/
34,"PanagiaFour sub-sectors (Panagia Cave, Mad Wall, Piccolo Muro, Yellow
Wall), each with its own character and well-bolted routes.",,Solo de gauche6c+42m,,,https://climbinleonidio.com/route/solo-de-gauche-16/
34,"PanagiaFour sub-sectors (Panagia Cave, Mad Wall, Piccolo Muro, Yellow
Wall), each with its own character and well-bolted routes.",,Solo de droite7a42m,,,https://climbinleonidio.com/route/solo-de-droite-16/
34,"PanagiaFour sub-sectors (Panagia Cave, Mad Wall, Piccolo Muro, Yellow
Wall), each with its own character and well-bolted routes.",,No name 237b+35m,,,https://climbinleonidio.com/route/no-name-23-32/
34,"PanagiaFour sub-sectors (Panagia Cave, Mad Wall, Piccolo Muro, Yellow
Wall), each with its own character and well-bolted routes.",,No name 247a+30m,,,https://climbinleonidio.com/route/no-name-24-16/
34,"PanagiaFour sub-sectors (Panagia Cave, Mad Wall, Piccolo Muro, Yellow
Wall), each with its own character and well-bolted routes.",,No name 256b+15m,,,https://climbinleonidio.com/route/no-name-25-32/
34,"PanagiaFour sub-sectors (Panagia Cave, Mad Wall, Piccolo Muro, Yellow
Wall), each with its own character and well-bolted routes.",,Edlinger6c+35m,,,https://climbinleonidio.com/route/edlinger-16/
34,"PanagiaFour sub-sectors (Panagia Cave, Mad Wall, Piccolo Muro, Yellow
Wall), each with its own character and well-bolted routes.",,Joe brown6c+35m,,,https://climbinleonidio.com/route/joe-brown-16/
34,"PanagiaFour sub-sectors (Panagia Cave, Mad Wall, Piccolo Muro, Yellow
Wall), each with its own character and well-bolted routes.",,Le cimetière des élephants7a+35m,,,https://climbinleonidio.com/route/le-cimetiere-des-elephants-16/
34,"PanagiaFour sub-sectors (Panagia Cave, Mad Wall, Piccolo Muro, Yellow
Wall), each with its own character and well-bolted routes.",,Güllich6c+30m,,,https://climbinleonidio.com/route/gullich-16/
34,"PanagiaFour sub-sectors (Panagia Cave, Mad Wall, Piccolo Muro, Yellow
Wall), each with its own character and well-bolted routes.",,Berhault7a+30m,,,https://climbinleonidio.com/route/berhault-16/
34,"PanagiaFour sub-sectors (Panagia Cave, Mad Wall, Piccolo Muro, Yellow
Wall), each with its own character and well-bolted routes.",,Sinterella7a+40m,,,https://climbinleonidio.com/route/sinterella-16/
34,"PanagiaFour sub-sectors (Panagia Cave, Mad Wall, Piccolo Muro, Yellow
Wall), each with its own character and well-bolted routes.",,No name 327a+30m,,,https://climbinleonidio.com/route/no-name-32-16/
34,"PanagiaFour sub-sectors (Panagia Cave, Mad Wall, Piccolo Muro, Yellow
Wall), each with its own character and well-bolted routes.",,Herodotus6a+20m,,,https://climbinleonidio.com/route/herodotus-16/
34,"PanagiaFour sub-sectors (Panagia Cave, Mad Wall, Piccolo Muro, Yellow
Wall), each with its own character and well-bolted routes.",,Garden of Adam6b25m,,,https://climbinleonidio.com/route/garden-of-adam-16/
34,"PanagiaFour sub-sectors (Panagia Cave, Mad Wall, Piccolo Muro, Yellow
Wall), each with its own character and well-bolted routes.",,Paparouna6a+25m,,,https://climbinleonidio.com/route/paparouna-16/
34,"PanagiaFour sub-sectors (Panagia Cave, Mad Wall, Piccolo Muro, Yellow
Wall), each with its own character and well-bolted routes.",,Kolotouba6b25m,,,https://climbinleonidio.com/route/kolotouba-16/
34,"PanagiaFour sub-sectors (Panagia Cave, Mad Wall, Piccolo Muro, Yellow
Wall), each with its own character and well-bolted routes.",,Happy time6a20m,,,https://climbinleonidio.com/route/happy-time-16/
34,"PanagiaFour sub-sectors (Panagia Cave, Mad Wall, Piccolo Muro, Yellow
Wall), each with its own character and well-bolted routes.",,B26b25m,,,https://climbinleonidio.com/route/b2-16/
34,"PanagiaFour sub-sectors (Panagia Cave, Mad Wall, Piccolo Muro, Yellow
Wall), each with its own character and well-bolted routes.",,Aerostato6a+25m,,,https://climbinleonidio.com/route/aerostato-16/
34,"PanagiaFour sub-sectors (Panagia Cave, Mad Wall, Piccolo Muro, Yellow
Wall), each with its own character and well-bolted routes.",,Koukoutsi6a25m,,,https://climbinleonidio.com/route/koukoutsi-16/
34,"PanagiaFour sub-sectors (Panagia Cave, Mad Wall, Piccolo Muro, Yellow
Wall), each with its own character and well-bolted routes.",,Mini fousta5c22m,,,https://climbinleonidio.com/route/mini-fousta-16/
34,"PanagiaFour sub-sectors (Panagia Cave, Mad Wall, Piccolo Muro, Yellow
Wall), each with its own character and well-bolted routes.",,Gova5c22m,,,https://climbinleonidio.com/route/gova-16/
34,"PanagiaFour sub-sectors (Panagia Cave, Mad Wall, Piccolo Muro, Yellow
Wall), each with its own character and well-bolted routes.",,Tsimpouki5c25m,,,https://climbinleonidio.com/route/tsimpouki-16/
34,"PanagiaFour sub-sectors (Panagia Cave, Mad Wall, Piccolo Muro, Yellow
Wall), each with its own character and well-bolted routes.",,Rock love6a25m,,,https://climbinleonidio.com/route/rock-love-16/
34,"PanagiaFour sub-sectors (Panagia Cave, Mad Wall, Piccolo Muro, Yellow
Wall), each with its own character and well-bolted routes.",,Nirvana6a+30m,,,https://climbinleonidio.com/route/nirvana-16/
34,"PanagiaFour sub-sectors (Panagia Cave, Mad Wall, Piccolo Muro, Yellow
Wall), each with its own character and well-bolted routes.",,Chiotis6a+30m,,,https://climbinleonidio.com/route/chiotis-16/
34,"PanagiaFour sub-sectors (Panagia Cave, Mad Wall, Piccolo Muro, Yellow
Wall), each with its own character and well-bolted routes.",,I am a hero6a+30m,,,https://climbinleonidio.com/route/i-am-a-hero-16/
34,"PanagiaFour sub-sectors (Panagia Cave, Mad Wall, Piccolo Muro, Yellow
Wall), each with its own character and well-bolted routes.",,Don’t panic6b33m,,,https://climbinleonidio.com/route/dont-panic-16/
34,"PanagiaFour sub-sectors (Panagia Cave, Mad Wall, Piccolo Muro, Yellow
Wall), each with its own character and well-bolted routes.",,Politiki kouzina6b30m,,,https://climbinleonidio.com/route/politiki-kouzina-16/
34,"PanagiaFour sub-sectors (Panagia Cave, Mad Wall, Piccolo Muro, Yellow
Wall), each with its own character and well-bolted routes.",,Vlaka Tony5c25m,,,https://climbinleonidio.com/route/vlaka-tony-16/
34,"PanagiaFour sub-sectors (Panagia Cave, Mad Wall, Piccolo Muro, Yellow
Wall), each with its own character and well-bolted routes.",,F.o.s.l.5c30m,,,https://climbinleonidio.com/route/f-o-s-l-16/
34,"PanagiaFour sub-sectors (Panagia Cave, Mad Wall, Piccolo Muro, Yellow
Wall), each with its own character and well-bolted routes.",,Rolling Stones5b+25m,,,https://climbinleonidio.com/route/rolling-stones-16/
34,"PanagiaFour sub-sectors (Panagia Cave, Mad Wall, Piccolo Muro, Yellow
Wall), each with its own character and well-bolted routes.",,Jacob4c25m,,,https://climbinleonidio.com/route/jacob-16/
34,"PanagiaFour sub-sectors (Panagia Cave, Mad Wall, Piccolo Muro, Yellow
Wall), each with its own character and well-bolted routes.",,Jacob ext5b32m,,,https://climbinleonidio.com/route/jacob-ext-16/
34,"PanagiaFour sub-sectors (Panagia Cave, Mad Wall, Piccolo Muro, Yellow
Wall), each with its own character and well-bolted routes.",,Philos mavros6a25m,,,https://climbinleonidio.com/route/philos-mavros-16/
34,"PanagiaFour sub-sectors (Panagia Cave, Mad Wall, Piccolo Muro, Yellow
Wall), each with its own character and well-bolted routes.",,Ziggy stardust6a25m,,,https://climbinleonidio.com/route/ziggy-stardust-16/
34,"PanagiaFour sub-sectors (Panagia Cave, Mad Wall, Piccolo Muro, Yellow
Wall), each with its own character and well-bolted routes.",,Sim5c+25m,,,https://climbinleonidio.com/route/sim-16/
34,"PanagiaFour sub-sectors (Panagia Cave, Mad Wall, Piccolo Muro, Yellow
Wall), each with its own character and well-bolted routes.",,Max6a25m,,,https://climbinleonidio.com/route/max-16/
34,"PanagiaFour sub-sectors (Panagia Cave, Mad Wall, Piccolo Muro, Yellow
Wall), each with its own character and well-bolted routes.",,Pathfinder5c25m,,,https://climbinleonidio.com/route/pathfinder-32/
34,"PanagiaFour sub-sectors (Panagia Cave, Mad Wall, Piccolo Muro, Yellow
Wall), each with its own character and well-bolted routes.",,Daniela5b25m,,,https://climbinleonidio.com/route/daniela-16/
34,"PanagiaFour sub-sectors (Panagia Cave, Mad Wall, Piccolo Muro, Yellow
Wall), each with its own character and well-bolted routes.",,Joni5c25m,,,https://climbinleonidio.com/route/joni-16/
34,"PanagiaFour sub-sectors (Panagia Cave, Mad Wall, Piccolo Muro, Yellow
Wall), each with its own character and well-bolted routes.",,Kim5b25m,,,https://climbinleonidio.com/route/kim-16/
34,"PanagiaFour sub-sectors (Panagia Cave, Mad Wall, Piccolo Muro, Yellow
Wall), each with its own character and well-bolted routes.",,Twin flame5b25m,,,https://climbinleonidio.com/route/twin-flame-16/
34,"PanagiaFour sub-sectors (Panagia Cave, Mad Wall, Piccolo Muro, Yellow
Wall), each with its own character and well-bolted routes.",,Yellow submarine6c40m,,,https://climbinleonidio.com/route/yellow-submarine-32/
34,"PanagiaFour sub-sectors (Panagia Cave, Mad Wall, Piccolo Muro, Yellow
Wall), each with its own character and well-bolted routes.",,Lazari7a40m,,,https://climbinleonidio.com/route/lazari-16/
34,"PanagiaFour sub-sectors (Panagia Cave, Mad Wall, Piccolo Muro, Yellow
Wall), each with its own character and well-bolted routes.",,Old green7a30m,,,https://climbinleonidio.com/route/old-green-16/
34,"PanagiaFour sub-sectors (Panagia Cave, Mad Wall, Piccolo Muro, Yellow
Wall), each with its own character and well-bolted routes.",,Markaris6c32m,,,https://climbinleonidio.com/route/markaris-16/
34,"PanagiaFour sub-sectors (Panagia Cave, Mad Wall, Piccolo Muro, Yellow
Wall), each with its own character and well-bolted routes.",,Matarrana ports6c+32m,,,https://climbinleonidio.com/route/matarrana-ports-16/
34,"PanagiaFour sub-sectors (Panagia Cave, Mad Wall, Piccolo Muro, Yellow
Wall), each with its own character and well-bolted routes.",,Kokoletta7a+32m,,,https://climbinleonidio.com/route/kokoletta-16/
34,"PanagiaFour sub-sectors (Panagia Cave, Mad Wall, Piccolo Muro, Yellow
Wall), each with its own character and well-bolted routes.",,Manoleas tavern7b+30m,,,https://climbinleonidio.com/route/manoleas-tavern-16/
34,"PanagiaFour sub-sectors (Panagia Cave, Mad Wall, Piccolo Muro, Yellow
Wall), each with its own character and well-bolted routes.",,Karl Marx7a15m,,,https://climbinleonidio.com/route/karl-marx-16/
34,"PanagiaFour sub-sectors (Panagia Cave, Mad Wall, Piccolo Muro, Yellow
Wall), each with its own character and well-bolted routes.",,Hispano suiza7b+22m,,,https://climbinleonidio.com/route/hispano-suiza-16/
34,"PanagiaFour sub-sectors (Panagia Cave, Mad Wall, Piccolo Muro, Yellow
Wall), each with its own character and well-bolted routes.",,Sweet Carolina7b22m,,,https://climbinleonidio.com/route/sweet-carolina-16/
35,"TheósThe climbing at Theós Pillar is technical and fingery,
on a wall with vertical cracks and the occasional tufa
blob.",,Approach6a15m,,,https://climbinleonidio.com/route/approach-16/
35,"TheósThe climbing at Theós Pillar is technical and fingery,
on a wall with vertical cracks and the occasional tufa
blob.",,Approach ext6c40m,,,https://climbinleonidio.com/route/approach-ext-16/
35,"TheósThe climbing at Theós Pillar is technical and fingery,
on a wall with vertical cracks and the occasional tufa
blob.",,Thea6a+20m,,,https://climbinleonidio.com/route/thea-16/
35,"TheósThe climbing at Theós Pillar is technical and fingery,
on a wall with vertical cracks and the occasional tufa
blob.",,Pepper6c+40m,,,https://climbinleonidio.com/route/pepper-16/
35,"TheósThe climbing at Theós Pillar is technical and fingery,
on a wall with vertical cracks and the occasional tufa
blob.",,Mr. x5b15m,,,https://climbinleonidio.com/route/mr-x-16/
35,"TheósThe climbing at Theós Pillar is technical and fingery,
on a wall with vertical cracks and the occasional tufa
blob.",,Mr. y6c40m,,,https://climbinleonidio.com/route/mr-y-16/
35,"TheósThe climbing at Theós Pillar is technical and fingery,
on a wall with vertical cracks and the occasional tufa
blob.",,Mama6a20m,,,https://climbinleonidio.com/route/mama-16/
35,"TheósThe climbing at Theós Pillar is technical and fingery,
on a wall with vertical cracks and the occasional tufa
blob.",,Mama ext6c+25m,,,https://climbinleonidio.com/route/mama-ext-16/
35,"TheósThe climbing at Theós Pillar is technical and fingery,
on a wall with vertical cracks and the occasional tufa
blob.",,.00%6c+30m,,,https://climbinleonidio.com/route/49-00-16/
35,"TheósThe climbing at Theós Pillar is technical and fingery,
on a wall with vertical cracks and the occasional tufa
blob.",,.00%7a30m,,,https://climbinleonidio.com/route/51-00-16/
35,"TheósThe climbing at Theós Pillar is technical and fingery,
on a wall with vertical cracks and the occasional tufa
blob.",,Ace of spades7a30m,,,https://climbinleonidio.com/route/ace-of-spades-16/
35,"TheósThe climbing at Theós Pillar is technical and fingery,
on a wall with vertical cracks and the occasional tufa
blob.",,March or die6a+20m,,,https://climbinleonidio.com/route/march-or-die-16/
35,"TheósThe climbing at Theós Pillar is technical and fingery,
on a wall with vertical cracks and the occasional tufa
blob.",,God save rock6b30m,,,https://climbinleonidio.com/route/god-save-rock-16/
35,"TheósThe climbing at Theós Pillar is technical and fingery,
on a wall with vertical cracks and the occasional tufa
blob.",,Omada6a20m,,,https://climbinleonidio.com/route/omada-16/
35,"TheósThe climbing at Theós Pillar is technical and fingery,
on a wall with vertical cracks and the occasional tufa
blob.",,Cyclops pillar7a35m,,,https://climbinleonidio.com/route/cyclops-pillar-16/
35,"TheósThe climbing at Theós Pillar is technical and fingery,
on a wall with vertical cracks and the occasional tufa
blob.",,Geneve cayenne6c+30m,,,https://climbinleonidio.com/route/geneve-cayenne-16/
35,"TheósThe climbing at Theós Pillar is technical and fingery,
on a wall with vertical cracks and the occasional tufa
blob.",,The place to be6c30m,,,https://climbinleonidio.com/route/the-place-to-be-16/
35,"TheósThe climbing at Theós Pillar is technical and fingery,
on a wall with vertical cracks and the occasional tufa
blob.",0421,,0421,,https://climbinleonidio.com/route/21-grammes-16/
35,"TheósThe climbing at Theós Pillar is technical and fingery,
on a wall with vertical cracks and the occasional tufa
blob.",0521,,0521,,https://climbinleonidio.com/route/21-grammes-ext-16/
35,"TheósThe climbing at Theós Pillar is technical and fingery,
on a wall with vertical cracks and the occasional tufa
blob.",,˚6b20m,,,https://climbinleonidio.com/route/25%cb%9a-16/
35,"TheósThe climbing at Theós Pillar is technical and fingery,
on a wall with vertical cracks and the occasional tufa
blob.",,Sun max6b18m,,,https://climbinleonidio.com/route/sun-max-16/
35,"TheósThe climbing at Theós Pillar is technical and fingery,
on a wall with vertical cracks and the occasional tufa
blob.",,Nora6b18m,,,https://climbinleonidio.com/route/nora-16/
35,"TheósThe climbing at Theós Pillar is technical and fingery,
on a wall with vertical cracks and the occasional tufa
blob.",,Partouza6b18m,,,https://climbinleonidio.com/route/partouza-16/
35,"TheósThe climbing at Theós Pillar is technical and fingery,
on a wall with vertical cracks and the occasional tufa
blob.",,Partouza ext7c25m,,,https://climbinleonidio.com/route/partouza-ext-16/
35,"TheósThe climbing at Theós Pillar is technical and fingery,
on a wall with vertical cracks and the occasional tufa
blob.",,Dali left variation7c32m,,,https://climbinleonidio.com/route/dali-left-variation-16/
35,"TheósThe climbing at Theós Pillar is technical and fingery,
on a wall with vertical cracks and the occasional tufa
blob.",,Dali6c+23m,,,https://climbinleonidio.com/route/dali-16/
35,"TheósThe climbing at Theós Pillar is technical and fingery,
on a wall with vertical cracks and the occasional tufa
blob.",,Rainmen7a23m,,,https://climbinleonidio.com/route/rainmen-16/
35,"TheósThe climbing at Theós Pillar is technical and fingery,
on a wall with vertical cracks and the occasional tufa
blob.",,Psili kamilopardali7a35m,,,https://climbinleonidio.com/route/psili-kamilopardali-16/
35,"TheósThe climbing at Theós Pillar is technical and fingery,
on a wall with vertical cracks and the occasional tufa
blob.",,Les chevaliers du fiel7c40m,,,https://climbinleonidio.com/route/les-chevaliers-du-fiel-16/
35,"TheósThe climbing at Theós Pillar is technical and fingery,
on a wall with vertical cracks and the occasional tufa
blob.",,Centipede7c35m,,,https://climbinleonidio.com/route/centipede-16/
35,"TheósThe climbing at Theós Pillar is technical and fingery,
on a wall with vertical cracks and the occasional tufa
blob.",,Mise en place7c+35m,,,https://climbinleonidio.com/route/mise-en-place-16/
35,"TheósThe climbing at Theós Pillar is technical and fingery,
on a wall with vertical cracks and the occasional tufa
blob.",,Hlios8a+40m,,,https://climbinleonidio.com/route/hlios-16/
35,"TheósThe climbing at Theós Pillar is technical and fingery,
on a wall with vertical cracks and the occasional tufa
blob.",,Rocky erickson7b25m,,,https://climbinleonidio.com/route/rocky-erickson-16/
35,"TheósThe climbing at Theós Pillar is technical and fingery,
on a wall with vertical cracks and the occasional tufa
blob.",,Rocky erickson ext7c(+)40m,,,https://climbinleonidio.com/route/rocky-erickson-ext-16/
35,"TheósThe climbing at Theós Pillar is technical and fingery,
on a wall with vertical cracks and the occasional tufa
blob.",,Zeus7a20m,,,https://climbinleonidio.com/route/zeus-16/
35,"TheósThe climbing at Theós Pillar is technical and fingery,
on a wall with vertical cracks and the occasional tufa
blob.",,Zeus ext7b+35m,,,https://climbinleonidio.com/route/zeus-ext-16/
35,"TheósThe climbing at Theós Pillar is technical and fingery,
on a wall with vertical cracks and the occasional tufa
blob.",,Rien n’est reservé içi7c35m,,,https://climbinleonidio.com/route/rien-nest-reserve-ici-16/
35,"TheósThe climbing at Theós Pillar is technical and fingery,
on a wall with vertical cracks and the occasional tufa
blob.",,Tortoise7b30m,,,https://climbinleonidio.com/route/tortoise-16/
35,"TheósThe climbing at Theós Pillar is technical and fingery,
on a wall with vertical cracks and the occasional tufa
blob.",,Turtle8a20m,,,https://climbinleonidio.com/route/turtle-16/
35,"TheósThe climbing at Theós Pillar is technical and fingery,
on a wall with vertical cracks and the occasional tufa
blob.",,Sturmvogel7c+25m,,,https://climbinleonidio.com/route/sturmvogel-16/
35,"TheósThe climbing at Theós Pillar is technical and fingery,
on a wall with vertical cracks and the occasional tufa
blob.",,Secret pink flamingos soc.7c+37m,,,https://climbinleonidio.com/route/secret-pink-flamingos-soc-16/
35,"TheósThe climbing at Theós Pillar is technical and fingery,
on a wall with vertical cracks and the occasional tufa
blob.",,Xibalba7b25m,,,https://climbinleonidio.com/route/xibalba-16/
35,"TheósThe climbing at Theós Pillar is technical and fingery,
on a wall with vertical cracks and the occasional tufa
blob.",,Cojones6b+30m,,,https://climbinleonidio.com/route/cojones-16/
35,"TheósThe climbing at Theós Pillar is technical and fingery,
on a wall with vertical cracks and the occasional tufa
blob.",,With gadi6c25m,,,https://climbinleonidio.com/route/with-gadi-16/
35,"TheósThe climbing at Theós Pillar is technical and fingery,
on a wall with vertical cracks and the occasional tufa
blob.",,Talvisota7a25m,,,https://climbinleonidio.com/route/talvisota-16/
35,"TheósThe climbing at Theós Pillar is technical and fingery,
on a wall with vertical cracks and the occasional tufa
blob.",,Anasa6c20m,,,https://climbinleonidio.com/route/anasa-16/
35,"TheósThe climbing at Theós Pillar is technical and fingery,
on a wall with vertical cracks and the occasional tufa
blob.",,Perfect6c+25m,,,https://climbinleonidio.com/route/perfect-16/
35,"TheósThe climbing at Theós Pillar is technical and fingery,
on a wall with vertical cracks and the occasional tufa
blob.",,Walking in the air7c30m,,,https://climbinleonidio.com/route/walking-in-the-air-16/
35,"TheósThe climbing at Theós Pillar is technical and fingery,
on a wall with vertical cracks and the occasional tufa
blob.",,Filos7a+25m,,,https://climbinleonidio.com/route/filos-16/
35,"TheósThe climbing at Theós Pillar is technical and fingery,
on a wall with vertical cracks and the occasional tufa
blob.",,My first 8a7a+25m,,,https://climbinleonidio.com/route/my-first-8a-16/
35,"TheósThe climbing at Theós Pillar is technical and fingery,
on a wall with vertical cracks and the occasional tufa
blob.",,Megaforce7b20m,,,https://climbinleonidio.com/route/megaforce-16/
35,"TheósThe climbing at Theós Pillar is technical and fingery,
on a wall with vertical cracks and the occasional tufa
blob.",,Festival7a+20m,,,https://climbinleonidio.com/route/festival-16/
35,"TheósThe climbing at Theós Pillar is technical and fingery,
on a wall with vertical cracks and the occasional tufa
blob.",,Fabrica6c20m,,,https://climbinleonidio.com/route/fabrica-16/
35,"TheósThe climbing at Theós Pillar is technical and fingery,
on a wall with vertical cracks and the occasional tufa
blob.",,Rainbow6b20m,,,https://climbinleonidio.com/route/rainbow-16/
35,"TheósThe climbing at Theós Pillar is technical and fingery,
on a wall with vertical cracks and the occasional tufa
blob.",,Master of glyka6a+25m,,,https://climbinleonidio.com/route/master-of-glyka-16/
35,"TheósThe climbing at Theós Pillar is technical and fingery,
on a wall with vertical cracks and the occasional tufa
blob.",,Master of glyka ext6c+33m,,,https://climbinleonidio.com/route/master-of-glyka-ext-16/
35,"TheósThe climbing at Theós Pillar is technical and fingery,
on a wall with vertical cracks and the occasional tufa
blob.",,Striplease6b+33m,,,https://climbinleonidio.com/route/striplease-16/
35,"TheósThe climbing at Theós Pillar is technical and fingery,
on a wall with vertical cracks and the occasional tufa
blob.",,Sexe and bolts6a+20m,,,https://climbinleonidio.com/route/sexe-and-bolts-16/
35,"TheósThe climbing at Theós Pillar is technical and fingery,
on a wall with vertical cracks and the occasional tufa
blob.",,Sexe and bolts ext6b+33m,,,https://climbinleonidio.com/route/sexe-and-bolts-ext-16/
35,"TheósThe climbing at Theós Pillar is technical and fingery,
on a wall with vertical cracks and the occasional tufa
blob.",,Omorfos popos6a+20m,,,https://climbinleonidio.com/route/omorfos-popos-16/
35,"TheósThe climbing at Theós Pillar is technical and fingery,
on a wall with vertical cracks and the occasional tufa
blob.",,Beautiful rourouni6b20m,,,https://climbinleonidio.com/route/beautiful-rourouni-16/
35,"TheósThe climbing at Theós Pillar is technical and fingery,
on a wall with vertical cracks and the occasional tufa
blob.",,Ride to the top6b20m,,,https://climbinleonidio.com/route/ride-to-the-top-16/
35,"TheósThe climbing at Theós Pillar is technical and fingery,
on a wall with vertical cracks and the occasional tufa
blob.",,Ride to the top ext7a+30m,,,https://climbinleonidio.com/route/ride-to-the-top-ext-16/
35,"TheósThe climbing at Theós Pillar is technical and fingery,
on a wall with vertical cracks and the occasional tufa
blob.",,Ekmek6b20m,,,https://climbinleonidio.com/route/ekmek-16/
35,"TheósThe climbing at Theós Pillar is technical and fingery,
on a wall with vertical cracks and the occasional tufa
blob.",,Ekmek ext7b33m,,,https://climbinleonidio.com/route/ekmek-ext-16/
35,"TheósThe climbing at Theós Pillar is technical and fingery,
on a wall with vertical cracks and the occasional tufa
blob.",,Sylver machine6b22m,,,https://climbinleonidio.com/route/sylver-machine-16/
35,"TheósThe climbing at Theós Pillar is technical and fingery,
on a wall with vertical cracks and the occasional tufa
blob.",,Sylver machine ext6c36m,,,https://climbinleonidio.com/route/sylver-machine-ext-16/
35,"TheósThe climbing at Theós Pillar is technical and fingery,
on a wall with vertical cracks and the occasional tufa
blob.",,Spanakopita6b20m,,,https://climbinleonidio.com/route/spanakopita-16/
35,"TheósThe climbing at Theós Pillar is technical and fingery,
on a wall with vertical cracks and the occasional tufa
blob.",,Spanakopita ext6b+33m,,,https://climbinleonidio.com/route/spanakopita-ext-16/
35,"TheósThe climbing at Theós Pillar is technical and fingery,
on a wall with vertical cracks and the occasional tufa
blob.",,Boltman5c18m,,,https://climbinleonidio.com/route/boltman-16/
35,"TheósThe climbing at Theós Pillar is technical and fingery,
on a wall with vertical cracks and the occasional tufa
blob.",,Boltman ext6a25m,,,https://climbinleonidio.com/route/boltman-ext-16/
35,"TheósThe climbing at Theós Pillar is technical and fingery,
on a wall with vertical cracks and the occasional tufa
blob.",,Mad ball6a25m,,,https://climbinleonidio.com/route/mad-ball-16/
35,"TheósThe climbing at Theós Pillar is technical and fingery,
on a wall with vertical cracks and the occasional tufa
blob.",,Lucky luke5c15m,,,https://climbinleonidio.com/route/lucky-luke-16/
35,"TheósThe climbing at Theós Pillar is technical and fingery,
on a wall with vertical cracks and the occasional tufa
blob.",,Tsarouxi6a+18m,,,https://climbinleonidio.com/route/tsarouxi-16/
35,"TheósThe climbing at Theós Pillar is technical and fingery,
on a wall with vertical cracks and the occasional tufa
blob.",,White line fever6b20m,,,https://climbinleonidio.com/route/white-line-fever-16/
35,"TheósThe climbing at Theós Pillar is technical and fingery,
on a wall with vertical cracks and the occasional tufa
blob.",,Lightning6b+20m,,,https://climbinleonidio.com/route/lightning-16/
35,"TheósThe climbing at Theós Pillar is technical and fingery,
on a wall with vertical cracks and the occasional tufa
blob.",,Da vinci code6c+22m,,,https://climbinleonidio.com/route/da-vinci-code-16/
35,"TheósThe climbing at Theós Pillar is technical and fingery,
on a wall with vertical cracks and the occasional tufa
blob.",,Ta matia sou6c+22m,,,https://climbinleonidio.com/route/ta-matia-sou-31/
35,"TheósThe climbing at Theós Pillar is technical and fingery,
on a wall with vertical cracks and the occasional tufa
blob.",,Mr. pistoleros6a22m,,,https://climbinleonidio.com/route/mr-pistoleros-16/
35,"TheósThe climbing at Theós Pillar is technical and fingery,
on a wall with vertical cracks and the occasional tufa
blob.",,James6b+22m,,,https://climbinleonidio.com/route/james-16/
35,"TheósThe climbing at Theós Pillar is technical and fingery,
on a wall with vertical cracks and the occasional tufa
blob.",,Gory6c20m,,,https://climbinleonidio.com/route/gory-16/
35,"TheósThe climbing at Theós Pillar is technical and fingery,
on a wall with vertical cracks and the occasional tufa
blob.",,Stay hungry6c15m,,,https://climbinleonidio.com/route/stay-hungry-16/
35,"TheósThe climbing at Theós Pillar is technical and fingery,
on a wall with vertical cracks and the occasional tufa
blob.",,Stay foolish6b15m,,,https://climbinleonidio.com/route/stay-foolish-16/
35,"TheósThe climbing at Theós Pillar is technical and fingery,
on a wall with vertical cracks and the occasional tufa
blob.",,Baramina?15m,,,https://climbinleonidio.com/route/baramina-16/
35,"TheósThe climbing at Theós Pillar is technical and fingery,
on a wall with vertical cracks and the occasional tufa
blob.",,Under cover7a15m,,,https://climbinleonidio.com/route/under-cover-16/
35,"TheósThe climbing at Theós Pillar is technical and fingery,
on a wall with vertical cracks and the occasional tufa
blob.",,Words of wisdom6c+20m,,,https://climbinleonidio.com/route/words-of-wisdom-16/
35,"TheósThe climbing at Theós Pillar is technical and fingery,
on a wall with vertical cracks and the occasional tufa
blob.",,Dirty lies6c+18m,,,https://climbinleonidio.com/route/dirty-lies-16/
35,"TheósThe climbing at Theós Pillar is technical and fingery,
on a wall with vertical cracks and the occasional tufa
blob.",,Shoot ‘em down6b+15m,,,https://climbinleonidio.com/route/shoot-em-down-16/
35,"TheósThe climbing at Theós Pillar is technical and fingery,
on a wall with vertical cracks and the occasional tufa
blob.",,Ké o aghios6c15m,,,https://climbinleonidio.com/route/ke-o-aghios-16/
35,"TheósThe climbing at Theós Pillar is technical and fingery,
on a wall with vertical cracks and the occasional tufa
blob.",,Fovera theli7a15m,,,https://climbinleonidio.com/route/fovera-theli-16/
35,"TheósThe climbing at Theós Pillar is technical and fingery,
on a wall with vertical cracks and the occasional tufa
blob.",,Into the fire6c15m,,,https://climbinleonidio.com/route/into-the-fire-16/
35,"TheósThe climbing at Theós Pillar is technical and fingery,
on a wall with vertical cracks and the occasional tufa
blob.",,Desperate sex wives7a15m,,,https://climbinleonidio.com/route/desperate-sex-wives-16/
35,"TheósThe climbing at Theós Pillar is technical and fingery,
on a wall with vertical cracks and the occasional tufa
blob.",,Tataki6c17m,,,https://climbinleonidio.com/route/tataki-16/
35,"TheósThe climbing at Theós Pillar is technical and fingery,
on a wall with vertical cracks and the occasional tufa
blob.",,In vibram we trust6c+15m,,,https://climbinleonidio.com/route/in-vibram-we-trust-16/
35,"TheósThe climbing at Theós Pillar is technical and fingery,
on a wall with vertical cracks and the occasional tufa
blob.",,God save our sole6b+15m,,,https://climbinleonidio.com/route/god-save-our-sole-16/
35,"TheósThe climbing at Theós Pillar is technical and fingery,
on a wall with vertical cracks and the occasional tufa
blob.",,Hells bells6c15m,,,https://climbinleonidio.com/route/hells-bells-16/
35,"TheósThe climbing at Theós Pillar is technical and fingery,
on a wall with vertical cracks and the occasional tufa
blob.",,Mikkey5c15m,,,https://climbinleonidio.com/route/mikkey-16/
35,"TheósThe climbing at Theós Pillar is technical and fingery,
on a wall with vertical cracks and the occasional tufa
blob.",,Mou skizi6a15m,,,https://climbinleonidio.com/route/mou-skizi-16/
35,"TheósThe climbing at Theós Pillar is technical and fingery,
on a wall with vertical cracks and the occasional tufa
blob.",,Tin cardia6a+12m,,,https://climbinleonidio.com/route/tin-cardia-16/
36,MitiA small crag near the sea. Long routes on a vertical red wall with a marble feel.,,Hongy7a30m,,,https://climbinleonidio.com/route/hongy-16/
36,MitiA small crag near the sea. Long routes on a vertical red wall with a marble feel.,,Kunik7a+30m,,,https://climbinleonidio.com/route/kunik-16/
36,MitiA small crag near the sea. Long routes on a vertical red wall with a marble feel.,,Beso Peloponneso7b30m,,,https://climbinleonidio.com/route/beso-peloponneso-16/
36,MitiA small crag near the sea. Long routes on a vertical red wall with a marble feel.,,Chip monkey7b35m,,,https://climbinleonidio.com/route/chip-monkey-16/
36,MitiA small crag near the sea. Long routes on a vertical red wall with a marble feel.,,Tempora mutantur7a40m,,,https://climbinleonidio.com/route/tempora-mutantur-16/
36,MitiA small crag near the sea. Long routes on a vertical red wall with a marble feel.,,Poseidon6c+38m,,,https://climbinleonidio.com/route/poseidon-16/
36,MitiA small crag near the sea. Long routes on a vertical red wall with a marble feel.,,Nautilus7b+38m,,,https://climbinleonidio.com/route/nautilus-16/
36,MitiA small crag near the sea. Long routes on a vertical red wall with a marble feel.,,Honey hunter5c10m,,,https://climbinleonidio.com/route/honey-hunter-16/
36,MitiA small crag near the sea. Long routes on a vertical red wall with a marble feel.,,Orange-ute7c38m,,,https://climbinleonidio.com/route/orange-ute-16/
36,MitiA small crag near the sea. Long routes on a vertical red wall with a marble feel.,,Seeblick7a+40m,,,https://climbinleonidio.com/route/seeblick-16/
36,MitiA small crag near the sea. Long routes on a vertical red wall with a marble feel.,,No name 116c25m,,,https://climbinleonidio.com/route/no-name-11-32/
36,MitiA small crag near the sea. Long routes on a vertical red wall with a marble feel.,,No name 12?15m,,,https://climbinleonidio.com/route/no-name-12-16/
36,MitiA small crag near the sea. Long routes on a vertical red wall with a marble feel.,,No name 13?15m,,,https://climbinleonidio.com/route/no-name-13-16/
37,"SabatonAnother popular sector near the sea with short access, pocketed limestone, pleasant mid-grade routes, and lots of shade.",,We fly7b+15m,,,https://climbinleonidio.com/route/we-fly-16/
37,"SabatonAnother popular sector near the sea with short access, pocketed limestone, pleasant mid-grade routes, and lots of shade.",,Attero dominatus7a15m,,,https://climbinleonidio.com/route/attero-dominatus-16/
37,"SabatonAnother popular sector near the sea with short access, pocketed limestone, pleasant mid-grade routes, and lots of shade.",,Panoptes8a+15m,,,https://climbinleonidio.com/route/panoptes-16/
37,"SabatonAnother popular sector near the sea with short access, pocketed limestone, pleasant mid-grade routes, and lots of shade.",,Omihli7a20m,,,https://climbinleonidio.com/route/omihli-16/
37,"SabatonAnother popular sector near the sea with short access, pocketed limestone, pleasant mid-grade routes, and lots of shade.",,Fuck the system6b+20m,,,https://climbinleonidio.com/route/fuck-the-system-16/
37,"SabatonAnother popular sector near the sea with short access, pocketed limestone, pleasant mid-grade routes, and lots of shade.",,Tokotoukan6a16m,,,https://climbinleonidio.com/route/tokotoukan-16/
37,"SabatonAnother popular sector near the sea with short access, pocketed limestone, pleasant mid-grade routes, and lots of shade.",,Giota5c16m,,,https://climbinleonidio.com/route/giota-32/
37,"SabatonAnother popular sector near the sea with short access, pocketed limestone, pleasant mid-grade routes, and lots of shade.",,Green dragons4c12m,,,https://climbinleonidio.com/route/green-dragons-16/
37,"SabatonAnother popular sector near the sea with short access, pocketed limestone, pleasant mid-grade routes, and lots of shade.",,Juliett4b12m,,,https://climbinleonidio.com/route/juliett-16/
37,"SabatonAnother popular sector near the sea with short access, pocketed limestone, pleasant mid-grade routes, and lots of shade.",,Juliett ext5b16m,,,https://climbinleonidio.com/route/juliett-ext-16/
37,"SabatonAnother popular sector near the sea with short access, pocketed limestone, pleasant mid-grade routes, and lots of shade.",,Oskar6b+25m,,,https://climbinleonidio.com/route/oskar-16/
37,"SabatonAnother popular sector near the sea with short access, pocketed limestone, pleasant mid-grade routes, and lots of shade.",,Dreamare6b+25m,,,https://climbinleonidio.com/route/dreamare-16/
37,"SabatonAnother popular sector near the sea with short access, pocketed limestone, pleasant mid-grade routes, and lots of shade.",,Napadeuro6a25m,,,https://climbinleonidio.com/route/napadeuro-16/
37,"SabatonAnother popular sector near the sea with short access, pocketed limestone, pleasant mid-grade routes, and lots of shade.",,Podikos5c28m,,,https://climbinleonidio.com/route/podikos-16/
37,"SabatonAnother popular sector near the sea with short access, pocketed limestone, pleasant mid-grade routes, and lots of shade.",,My sexual programme6b20m,,,https://climbinleonidio.com/route/my-sexual-programme-16/
37,"SabatonAnother popular sector near the sea with short access, pocketed limestone, pleasant mid-grade routes, and lots of shade.",,Love of my life7b+25m,,,https://climbinleonidio.com/route/love-of-my-life-16/
37,"SabatonAnother popular sector near the sea with short access, pocketed limestone, pleasant mid-grade routes, and lots of shade.",,Savra6b+15m,,,https://climbinleonidio.com/route/savra-32/
37,"SabatonAnother popular sector near the sea with short access, pocketed limestone, pleasant mid-grade routes, and lots of shade.",,Savra ext7b+25m,,,https://climbinleonidio.com/route/savra-ext-32/
37,"SabatonAnother popular sector near the sea with short access, pocketed limestone, pleasant mid-grade routes, and lots of shade.",,No name 198b25m,,,https://climbinleonidio.com/route/no-name-19-32/
37,"SabatonAnother popular sector near the sea with short access, pocketed limestone, pleasant mid-grade routes, and lots of shade.",,Gabriel5b20m,,,https://climbinleonidio.com/route/gabriel-16/
37,"SabatonAnother popular sector near the sea with short access, pocketed limestone, pleasant mid-grade routes, and lots of shade.",,Ilektra5a20m,,,https://climbinleonidio.com/route/ilektra-16/
37,"SabatonAnother popular sector near the sea with short access, pocketed limestone, pleasant mid-grade routes, and lots of shade.",,Ilektra direct start6a+20m,,,https://climbinleonidio.com/route/ilektra-direct-start-16/
37,"SabatonAnother popular sector near the sea with short access, pocketed limestone, pleasant mid-grade routes, and lots of shade.",,Rise of evil8b20m,,,https://climbinleonidio.com/route/rise-of-evil-16/
37,"SabatonAnother popular sector near the sea with short access, pocketed limestone, pleasant mid-grade routes, and lots of shade.",,Sit down start7c15m,,,https://climbinleonidio.com/route/sit-down-start-16/
37,"SabatonAnother popular sector near the sea with short access, pocketed limestone, pleasant mid-grade routes, and lots of shade.",,Tsukatos6c+18m,,,https://climbinleonidio.com/route/tsukatos-16/
37,"SabatonAnother popular sector near the sea with short access, pocketed limestone, pleasant mid-grade routes, and lots of shade.",,Ultra mega shit6a15m,,,https://climbinleonidio.com/route/ultra-mega-shit-16/
37,"SabatonAnother popular sector near the sea with short access, pocketed limestone, pleasant mid-grade routes, and lots of shade.",,Crazy drill6a15m,,,https://climbinleonidio.com/route/crazy-drill-16/
37,"SabatonAnother popular sector near the sea with short access, pocketed limestone, pleasant mid-grade routes, and lots of shade.",,Welcome Morgenthau6b+22m,,,https://climbinleonidio.com/route/welcome-morgenthau-16/
37,"SabatonAnother popular sector near the sea with short access, pocketed limestone, pleasant mid-grade routes, and lots of shade.",,White death6c20m,,,https://climbinleonidio.com/route/white-death-16/
37,"SabatonAnother popular sector near the sea with short access, pocketed limestone, pleasant mid-grade routes, and lots of shade.",,Born,2,,https://climbinleonidio.com/route/born-2-be-precious-16/
37,"SabatonAnother popular sector near the sea with short access, pocketed limestone, pleasant mid-grade routes, and lots of shade.",,Mandarinia7a+15m,,,https://climbinleonidio.com/route/mandarinia-16/
37,"SabatonAnother popular sector near the sea with short access, pocketed limestone, pleasant mid-grade routes, and lots of shade.",,Makari7a20m,,,https://climbinleonidio.com/route/makari-32/
37,"SabatonAnother popular sector near the sea with short access, pocketed limestone, pleasant mid-grade routes, and lots of shade.",,Skliris6c+20m,,,https://climbinleonidio.com/route/skliris-16/
37,"SabatonAnother popular sector near the sea with short access, pocketed limestone, pleasant mid-grade routes, and lots of shade.",,Giakoumis6c+15m,,,https://climbinleonidio.com/route/giakoumis-16/
37,"SabatonAnother popular sector near the sea with short access, pocketed limestone, pleasant mid-grade routes, and lots of shade.",,Welcome mossad6c15m,,,https://climbinleonidio.com/route/welcome-mossad-16/
37,"SabatonAnother popular sector near the sea with short access, pocketed limestone, pleasant mid-grade routes, and lots of shade.",,S.o.k.6a+15m,,,https://climbinleonidio.com/route/s-o-k-16/
37,"SabatonAnother popular sector near the sea with short access, pocketed limestone, pleasant mid-grade routes, and lots of shade.",,S.o.k. ext6c+20m,,,https://climbinleonidio.com/route/s-o-k-ext-16/
37,"SabatonAnother popular sector near the sea with short access, pocketed limestone, pleasant mid-grade routes, and lots of shade.",,Roro7a+20m,,,https://climbinleonidio.com/route/roro-16/
37,"SabatonAnother popular sector near the sea with short access, pocketed limestone, pleasant mid-grade routes, and lots of shade.",,Torellis toys7b+20m,,,https://climbinleonidio.com/route/torellis-toys-16/
37,"SabatonAnother popular sector near the sea with short access, pocketed limestone, pleasant mid-grade routes, and lots of shade.",,Final solution7c18m,,,https://climbinleonidio.com/route/final-solution-16/
37,"SabatonAnother popular sector near the sea with short access, pocketed limestone, pleasant mid-grade routes, and lots of shade.",,Fun and fuck6c+18m,,,https://climbinleonidio.com/route/fun-and-fuck-16/
37,"SabatonAnother popular sector near the sea with short access, pocketed limestone, pleasant mid-grade routes, and lots of shade.",,Uprising7a+18m,,,https://climbinleonidio.com/route/uprising-16/
37,"SabatonAnother popular sector near the sea with short access, pocketed limestone, pleasant mid-grade routes, and lots of shade.",,Murder one7b+18m,,,https://climbinleonidio.com/route/murder-one-16/
37,"SabatonAnother popular sector near the sea with short access, pocketed limestone, pleasant mid-grade routes, and lots of shade.",,Hell rider7a+18m,,,https://climbinleonidio.com/route/hell-rider-16/
37,"SabatonAnother popular sector near the sea with short access, pocketed limestone, pleasant mid-grade routes, and lots of shade.",,Coat of arms6b+18m,,,https://climbinleonidio.com/route/coat-of-arms-16/
37,"SabatonAnother popular sector near the sea with short access, pocketed limestone, pleasant mid-grade routes, and lots of shade.",4697,,4697,62,https://climbinleonidio.com/route/97-62-92-16/
37,"SabatonAnother popular sector near the sea with short access, pocketed limestone, pleasant mid-grade routes, and lots of shade.",,Marilyn7a+18m,,,https://climbinleonidio.com/route/marilyn-16/
37,"SabatonAnother popular sector near the sea with short access, pocketed limestone, pleasant mid-grade routes, and lots of shade.",,Metal crüe7a+18m,,,https://climbinleonidio.com/route/metal-crue-16/
37,"SabatonAnother popular sector near the sea with short access, pocketed limestone, pleasant mid-grade routes, and lots of shade.",,Paksimadi7a15m,,,https://climbinleonidio.com/route/paksimadi-16/
37,"SabatonAnother popular sector near the sea with short access, pocketed limestone, pleasant mid-grade routes, and lots of shade.",,Is fokiano6c18m,,,https://climbinleonidio.com/route/is-fokiano-16/
37,"SabatonAnother popular sector near the sea with short access, pocketed limestone, pleasant mid-grade routes, and lots of shade.",,Bobo6c+18m,,,https://climbinleonidio.com/route/bobo-16/
37,"SabatonAnother popular sector near the sea with short access, pocketed limestone, pleasant mid-grade routes, and lots of shade.",,Spaga6c18m,,,https://climbinleonidio.com/route/spaga-16/
37,"SabatonAnother popular sector near the sea with short access, pocketed limestone, pleasant mid-grade routes, and lots of shade.",,Kamouli6c15m,,,https://climbinleonidio.com/route/kamouli-32/
37,"SabatonAnother popular sector near the sea with short access, pocketed limestone, pleasant mid-grade routes, and lots of shade.",,Tsanas6c+20m,,,https://climbinleonidio.com/route/tsanas-16/
37,"SabatonAnother popular sector near the sea with short access, pocketed limestone, pleasant mid-grade routes, and lots of shade.",,Pavlos6a+20m,,,https://climbinleonidio.com/route/pavlos-16/
37,"SabatonAnother popular sector near the sea with short access, pocketed limestone, pleasant mid-grade routes, and lots of shade.",,Skata7a18m,,,https://climbinleonidio.com/route/skata-16/
37,"SabatonAnother popular sector near the sea with short access, pocketed limestone, pleasant mid-grade routes, and lots of shade.",,Sweet dreams6b+18m,,,https://climbinleonidio.com/route/sweet-dreams-16/
37,"SabatonAnother popular sector near the sea with short access, pocketed limestone, pleasant mid-grade routes, and lots of shade.",,Ariadni6b18m,,,https://climbinleonidio.com/route/ariadni-16/
37,"SabatonAnother popular sector near the sea with short access, pocketed limestone, pleasant mid-grade routes, and lots of shade.",,Angel low6c18m,,,https://climbinleonidio.com/route/angel-low-16/
37,"SabatonAnother popular sector near the sea with short access, pocketed limestone, pleasant mid-grade routes, and lots of shade.",,Angel low ext7a22m,,,https://climbinleonidio.com/route/angel-low-ext-16/
37,"SabatonAnother popular sector near the sea with short access, pocketed limestone, pleasant mid-grade routes, and lots of shade.",,Freedom6b20m,,,https://climbinleonidio.com/route/freedom-16/
37,"SabatonAnother popular sector near the sea with short access, pocketed limestone, pleasant mid-grade routes, and lots of shade.",,Peace6a20m,,,https://climbinleonidio.com/route/peace-16/
37,"SabatonAnother popular sector near the sea with short access, pocketed limestone, pleasant mid-grade routes, and lots of shade.",,Biskota6a15m,,,https://climbinleonidio.com/route/biskota-16/
37,"SabatonAnother popular sector near the sea with short access, pocketed limestone, pleasant mid-grade routes, and lots of shade.",,Ronti6a+15m,,,https://climbinleonidio.com/route/ronti-16/
37,"SabatonAnother popular sector near the sea with short access, pocketed limestone, pleasant mid-grade routes, and lots of shade.",,Kilaso6a15m,,,https://climbinleonidio.com/route/kilaso-16/
37,"SabatonAnother popular sector near the sea with short access, pocketed limestone, pleasant mid-grade routes, and lots of shade.",,Sios6b+15m,,,https://climbinleonidio.com/route/sios-16/
37,"SabatonAnother popular sector near the sea with short access, pocketed limestone, pleasant mid-grade routes, and lots of shade.",,Ntom6b+15m,,,https://climbinleonidio.com/route/ntom-16/
37,"SabatonAnother popular sector near the sea with short access, pocketed limestone, pleasant mid-grade routes, and lots of shade.",,Kanaris6b22m,,,https://climbinleonidio.com/route/kanaris-16/
37,"SabatonAnother popular sector near the sea with short access, pocketed limestone, pleasant mid-grade routes, and lots of shade.",,Ochi6b22m,,,https://climbinleonidio.com/route/ochi-16/
37,"SabatonAnother popular sector near the sea with short access, pocketed limestone, pleasant mid-grade routes, and lots of shade.",,God save leonidio6c15m,,,https://climbinleonidio.com/route/god-save-leonidio-16/
37,"SabatonAnother popular sector near the sea with short access, pocketed limestone, pleasant mid-grade routes, and lots of shade.",,God save leonidio ext7a+20m,,,https://climbinleonidio.com/route/god-save-leonidio-ext-16/
37,"SabatonAnother popular sector near the sea with short access, pocketed limestone, pleasant mid-grade routes, and lots of shade.",,Heavy music7a+20m,,,https://climbinleonidio.com/route/heavy-music-16/
37,"SabatonAnother popular sector near the sea with short access, pocketed limestone, pleasant mid-grade routes, and lots of shade.",,And cakes by tonnes7a20m,,,https://climbinleonidio.com/route/and-cakes-by-tonnes-16/
37,"SabatonAnother popular sector near the sea with short access, pocketed limestone, pleasant mid-grade routes, and lots of shade.",,Angels calling5c15m,,,https://climbinleonidio.com/route/angels-calling-16/
37,"SabatonAnother popular sector near the sea with short access, pocketed limestone, pleasant mid-grade routes, and lots of shade.",,Malakamoumou5c15m,,,https://climbinleonidio.com/route/malakamoumou-16/
37,"SabatonAnother popular sector near the sea with short access, pocketed limestone, pleasant mid-grade routes, and lots of shade.",,Malakamoumou ext6a+25m,,,https://climbinleonidio.com/route/malakamoumou-ext-16/
37,"SabatonAnother popular sector near the sea with short access, pocketed limestone, pleasant mid-grade routes, and lots of shade.",,Aghios thomas6b+20m,,,https://climbinleonidio.com/route/aghios-thomas-16/
37,"SabatonAnother popular sector near the sea with short access, pocketed limestone, pleasant mid-grade routes, and lots of shade.",,Kubinos6b+20m,,,https://climbinleonidio.com/route/kubinos-16/
37,"SabatonAnother popular sector near the sea with short access, pocketed limestone, pleasant mid-grade routes, and lots of shade.",,Ta matia sou6b+15m,,,https://climbinleonidio.com/route/ta-matia-sou-32/
37,"SabatonAnother popular sector near the sea with short access, pocketed limestone, pleasant mid-grade routes, and lots of shade.",,Bad magic6b+15m,,,https://climbinleonidio.com/route/bad-magic-16/
37,"SabatonAnother popular sector near the sea with short access, pocketed limestone, pleasant mid-grade routes, and lots of shade.",,Kopros5c+15m,,,https://climbinleonidio.com/route/kopros-16/
37,"SabatonAnother popular sector near the sea with short access, pocketed limestone, pleasant mid-grade routes, and lots of shade.",,Stone monkey7a15m,,,https://climbinleonidio.com/route/stone-monkey-16/
37,"SabatonAnother popular sector near the sea with short access, pocketed limestone, pleasant mid-grade routes, and lots of shade.",,Masturbators in the elevator7b18m,,,https://climbinleonidio.com/route/masturbators-in-the-elevator-16/
37,"SabatonAnother popular sector near the sea with short access, pocketed limestone, pleasant mid-grade routes, and lots of shade.",,Diablesses rouges7a20m,,,https://climbinleonidio.com/route/diablesses-rouges-16/
37,"SabatonAnother popular sector near the sea with short access, pocketed limestone, pleasant mid-grade routes, and lots of shade.",,Portokalia5b15m,,,https://climbinleonidio.com/route/portokalia-32/
37,"SabatonAnother popular sector near the sea with short access, pocketed limestone, pleasant mid-grade routes, and lots of shade.",,Portokalia ext6a22m,,,https://climbinleonidio.com/route/portokalia-ext-16/
37,"SabatonAnother popular sector near the sea with short access, pocketed limestone, pleasant mid-grade routes, and lots of shade.",,Faklana5c15m,,,https://climbinleonidio.com/route/faklana-16/
37,"SabatonAnother popular sector near the sea with short access, pocketed limestone, pleasant mid-grade routes, and lots of shade.",,Faklana ext6a20m,,,https://climbinleonidio.com/route/faklana-ext-16/
37,"SabatonAnother popular sector near the sea with short access, pocketed limestone, pleasant mid-grade routes, and lots of shade.",,Ride the ridge6b20m,,,https://climbinleonidio.com/route/ride-the-ridge-16/
37,"SabatonAnother popular sector near the sea with short access, pocketed limestone, pleasant mid-grade routes, and lots of shade.",,Maminas5c+20m,,,https://climbinleonidio.com/route/maminas-16/
37,"SabatonAnother popular sector near the sea with short access, pocketed limestone, pleasant mid-grade routes, and lots of shade.",,Moving target6a+20m,,,https://climbinleonidio.com/route/moving-target-16/
37,"SabatonAnother popular sector near the sea with short access, pocketed limestone, pleasant mid-grade routes, and lots of shade.",,Best & worst6b20m,,,https://climbinleonidio.com/route/best-worst-16/
37,"SabatonAnother popular sector near the sea with short access, pocketed limestone, pleasant mid-grade routes, and lots of shade.",,Manowar6a+15m,,,https://climbinleonidio.com/route/manowar-16/
37,"SabatonAnother popular sector near the sea with short access, pocketed limestone, pleasant mid-grade routes, and lots of shade.",,Mocca6a+10m,,,https://climbinleonidio.com/route/mocca-16/
37,"SabatonAnother popular sector near the sea with short access, pocketed limestone, pleasant mid-grade routes, and lots of shade.",,Flippa6b+10m,,,https://climbinleonidio.com/route/flippa-16/
37,"SabatonAnother popular sector near the sea with short access, pocketed limestone, pleasant mid-grade routes, and lots of shade.",,Wellengang6c12m,,,https://climbinleonidio.com/route/wellengang-16/
37,"SabatonAnother popular sector near the sea with short access, pocketed limestone, pleasant mid-grade routes, and lots of shade.",,Blue little feet7a12m,,,https://climbinleonidio.com/route/blue-little-feet-16/
37,"SabatonAnother popular sector near the sea with short access, pocketed limestone, pleasant mid-grade routes, and lots of shade.",,Stay cool in the pool6a15m,,,https://climbinleonidio.com/route/stay-cool-in-the-pool-16/
37,"SabatonAnother popular sector near the sea with short access, pocketed limestone, pleasant mid-grade routes, and lots of shade.",,Free...5c15m,,,https://climbinleonidio.com/route/free-16/
37,"SabatonAnother popular sector near the sea with short access, pocketed limestone, pleasant mid-grade routes, and lots of shade.",,...catalonia5c12m,,,https://climbinleonidio.com/route/catalonia-16/
37,"SabatonAnother popular sector near the sea with short access, pocketed limestone, pleasant mid-grade routes, and lots of shade.",081984,,081984,,https://climbinleonidio.com/route/1984-is-now-16/
37,"SabatonAnother popular sector near the sea with short access, pocketed limestone, pleasant mid-grade routes, and lots of shade.",,Diskolo6a12m,,,https://climbinleonidio.com/route/diskolo-16/
37,"SabatonAnother popular sector near the sea with short access, pocketed limestone, pleasant mid-grade routes, and lots of shade.",,Diskolo direct7a12m,,,https://climbinleonidio.com/route/diskolo-direct-16/
37,"SabatonAnother popular sector near the sea with short access, pocketed limestone, pleasant mid-grade routes, and lots of shade.",,Bloody mary5c8m,,,https://climbinleonidio.com/route/bloody-mary-16/
37,"SabatonAnother popular sector near the sea with short access, pocketed limestone, pleasant mid-grade routes, and lots of shade.",,Cuba libre6c+8m,,,https://climbinleonidio.com/route/cuba-libre-16/
37,"SabatonAnother popular sector near the sea with short access, pocketed limestone, pleasant mid-grade routes, and lots of shade.",,White russian6c+12m,,,https://climbinleonidio.com/route/white-russian-16/
38,"Saint Nicholas SintzaIn a ravine SW of Leonidio, four sub-sectors with styles varying
from pocketed vertical to short and athletic to steep multi-pitches.",,Kopsi tou stavrou7c50m,,,https://climbinleonidio.com/route/kopsi-tou-stavrou-16/
38,"Saint Nicholas SintzaIn a ravine SW of Leonidio, four sub-sectors with styles varying
from pocketed vertical to short and athletic to steep multi-pitches.",,Monks in the gym7c80m,,,https://climbinleonidio.com/route/monks-in-the-gym-16/
38,"Saint Nicholas SintzaIn a ravine SW of Leonidio, four sub-sectors with styles varying
from pocketed vertical to short and athletic to steep multi-pitches.",,Taraxippus6a20m,,,https://climbinleonidio.com/route/taraxippus-16/
38,"Saint Nicholas SintzaIn a ravine SW of Leonidio, four sub-sectors with styles varying
from pocketed vertical to short and athletic to steep multi-pitches.",,Taraxippus ext6b+50m,,,https://climbinleonidio.com/route/taraxippus-ext-16/
38,"Saint Nicholas SintzaIn a ravine SW of Leonidio, four sub-sectors with styles varying
from pocketed vertical to short and athletic to steep multi-pitches.",,Kifinas6b50m,,,https://climbinleonidio.com/route/kifinas-16/
38,"Saint Nicholas SintzaIn a ravine SW of Leonidio, four sub-sectors with styles varying
from pocketed vertical to short and athletic to steep multi-pitches.",,Je m’en fous6c+40m,,,https://climbinleonidio.com/route/je-men-fous-16/
38,"Saint Nicholas SintzaIn a ravine SW of Leonidio, four sub-sectors with styles varying
from pocketed vertical to short and athletic to steep multi-pitches.",,Sphingofoleas7b90m,,,https://climbinleonidio.com/route/sphingofoleas-16/
38,"Saint Nicholas SintzaIn a ravine SW of Leonidio, four sub-sectors with styles varying
from pocketed vertical to short and athletic to steep multi-pitches.",,Leptospirosis7c40m,,,https://climbinleonidio.com/route/leptospirosis-16/
38,"Saint Nicholas SintzaIn a ravine SW of Leonidio, four sub-sectors with styles varying
from pocketed vertical to short and athletic to steep multi-pitches.",,Archgoat7a35m,,,https://climbinleonidio.com/route/archgoat-16/
38,"Saint Nicholas SintzaIn a ravine SW of Leonidio, four sub-sectors with styles varying
from pocketed vertical to short and athletic to steep multi-pitches.",,Apo michanis theos7a35m,,,https://climbinleonidio.com/route/apo-michanis-theos-16/
38,"Saint Nicholas SintzaIn a ravine SW of Leonidio, four sub-sectors with styles varying
from pocketed vertical to short and athletic to steep multi-pitches.",,Kaour ekokiate7b35m,,,https://climbinleonidio.com/route/kaour-ekokiate-32/
38,"Saint Nicholas SintzaIn a ravine SW of Leonidio, four sub-sectors with styles varying
from pocketed vertical to short and athletic to steep multi-pitches.",,Krampus7c35m,,,https://climbinleonidio.com/route/krampus-16/
38,"Saint Nicholas SintzaIn a ravine SW of Leonidio, four sub-sectors with styles varying
from pocketed vertical to short and athletic to steep multi-pitches.",,Falling stones8a35m,,,https://climbinleonidio.com/route/falling-stones-16/
38,"Saint Nicholas SintzaIn a ravine SW of Leonidio, four sub-sectors with styles varying
from pocketed vertical to short and athletic to steep multi-pitches.",,Biskota/keks6a15m,,,https://climbinleonidio.com/route/biskota-keks-16/
38,"Saint Nicholas SintzaIn a ravine SW of Leonidio, four sub-sectors with styles varying
from pocketed vertical to short and athletic to steep multi-pitches.",,Hanni bunny7b25m,,,https://climbinleonidio.com/route/hanni-bunny-16/
38,"Saint Nicholas SintzaIn a ravine SW of Leonidio, four sub-sectors with styles varying
from pocketed vertical to short and athletic to steep multi-pitches.",,Tado6b25m,,,https://climbinleonidio.com/route/tado-16/
38,"Saint Nicholas SintzaIn a ravine SW of Leonidio, four sub-sectors with styles varying
from pocketed vertical to short and athletic to steep multi-pitches.",,Mono-ton6c+22m,,,https://climbinleonidio.com/route/mono-ton-16/
38,"Saint Nicholas SintzaIn a ravine SW of Leonidio, four sub-sectors with styles varying
from pocketed vertical to short and athletic to steep multi-pitches.",,Leonardo in Leonidio7a12m,,,https://climbinleonidio.com/route/leonardo-in-leonidio-16/
38,"Saint Nicholas SintzaIn a ravine SW of Leonidio, four sub-sectors with styles varying
from pocketed vertical to short and athletic to steep multi-pitches.",,Goats up6c+30m,,,https://climbinleonidio.com/route/goats-up-16/
38,"Saint Nicholas SintzaIn a ravine SW of Leonidio, four sub-sectors with styles varying
from pocketed vertical to short and athletic to steep multi-pitches.",,Windjammer8a+15m,,,https://climbinleonidio.com/route/windjammer-16/
38,"Saint Nicholas SintzaIn a ravine SW of Leonidio, four sub-sectors with styles varying
from pocketed vertical to short and athletic to steep multi-pitches.",,Wheelie6c+17m,,,https://climbinleonidio.com/route/wheelie-16/
38,"Saint Nicholas SintzaIn a ravine SW of Leonidio, four sub-sectors with styles varying
from pocketed vertical to short and athletic to steep multi-pitches.",,Broom6a+20m,,,https://climbinleonidio.com/route/broom-16/
38,"Saint Nicholas SintzaIn a ravine SW of Leonidio, four sub-sectors with styles varying
from pocketed vertical to short and athletic to steep multi-pitches.",,Broom right variation6a20m,,,https://climbinleonidio.com/route/broom-right-variation-16/
38,"Saint Nicholas SintzaIn a ravine SW of Leonidio, four sub-sectors with styles varying
from pocketed vertical to short and athletic to steep multi-pitches.",,Witch5b25m,,,https://climbinleonidio.com/route/witch-32/
38,"Saint Nicholas SintzaIn a ravine SW of Leonidio, four sub-sectors with styles varying
from pocketed vertical to short and athletic to steep multi-pitches.",,Witch ext7a40m,,,https://climbinleonidio.com/route/witch-ext-16/
38,"Saint Nicholas SintzaIn a ravine SW of Leonidio, four sub-sectors with styles varying
from pocketed vertical to short and athletic to steep multi-pitches.",,Kleines geschenk5c25m,,,https://climbinleonidio.com/route/kleines-geschenk-16/
38,"Saint Nicholas SintzaIn a ravine SW of Leonidio, four sub-sectors with styles varying
from pocketed vertical to short and athletic to steep multi-pitches.",,Grobes geschenk7b40m,,,https://climbinleonidio.com/route/grobes-geschenk-16/
38,"Saint Nicholas SintzaIn a ravine SW of Leonidio, four sub-sectors with styles varying
from pocketed vertical to short and athletic to steep multi-pitches.",,Fuga di sambatraz7b+40m,,,https://climbinleonidio.com/route/fuga-di-sambatraz-16/
38,"Saint Nicholas SintzaIn a ravine SW of Leonidio, four sub-sectors with styles varying
from pocketed vertical to short and athletic to steep multi-pitches.",,Itchy6c+38m,,,https://climbinleonidio.com/route/itchy-16/
38,"Saint Nicholas SintzaIn a ravine SW of Leonidio, four sub-sectors with styles varying
from pocketed vertical to short and athletic to steep multi-pitches.",,Cornerboy6c+38m,,,https://climbinleonidio.com/route/cornerboy-16/
38,"Saint Nicholas SintzaIn a ravine SW of Leonidio, four sub-sectors with styles varying
from pocketed vertical to short and athletic to steep multi-pitches.",,St Nikolaus6b22m,,,https://climbinleonidio.com/route/st-nikolaus-16/
38,"Saint Nicholas SintzaIn a ravine SW of Leonidio, four sub-sectors with styles varying
from pocketed vertical to short and athletic to steep multi-pitches.",,Banoffi6a+20m,,,https://climbinleonidio.com/route/banoffi-16/
38,"Saint Nicholas SintzaIn a ravine SW of Leonidio, four sub-sectors with styles varying
from pocketed vertical to short and athletic to steep multi-pitches.",,Slab me7c20m,,,https://climbinleonidio.com/route/slab-me-16/
38,"Saint Nicholas SintzaIn a ravine SW of Leonidio, four sub-sectors with styles varying
from pocketed vertical to short and athletic to steep multi-pitches.",,Two girls one jug?15m,,,https://climbinleonidio.com/route/two-girls-one-jug-16/
38,"Saint Nicholas SintzaIn a ravine SW of Leonidio, four sub-sectors with styles varying
from pocketed vertical to short and athletic to steep multi-pitches.",,Es posible?15m,,,https://climbinleonidio.com/route/es-posible-16/
38,"Saint Nicholas SintzaIn a ravine SW of Leonidio, four sub-sectors with styles varying
from pocketed vertical to short and athletic to steep multi-pitches.",,Dulce de leche7c15m,,,https://climbinleonidio.com/route/dulce-de-leche-16/
38,"Saint Nicholas SintzaIn a ravine SW of Leonidio, four sub-sectors with styles varying
from pocketed vertical to short and athletic to steep multi-pitches.",,Peanut butter cake7a15m,,,https://climbinleonidio.com/route/peanut-butter-cake-16/
38,"Saint Nicholas SintzaIn a ravine SW of Leonidio, four sub-sectors with styles varying
from pocketed vertical to short and athletic to steep multi-pitches.",,Mono-mental7b15m,,,https://climbinleonidio.com/route/mono-mental-16/
38,"Saint Nicholas SintzaIn a ravine SW of Leonidio, four sub-sectors with styles varying
from pocketed vertical to short and athletic to steep multi-pitches.",,Project?15m,,,https://climbinleonidio.com/route/project-96/
38,"Saint Nicholas SintzaIn a ravine SW of Leonidio, four sub-sectors with styles varying
from pocketed vertical to short and athletic to steep multi-pitches.",,Relentless7c+17m,,,https://climbinleonidio.com/route/relentless-16/
38,"Saint Nicholas SintzaIn a ravine SW of Leonidio, four sub-sectors with styles varying
from pocketed vertical to short and athletic to steep multi-pitches.",,% natural7c+17m,,,https://climbinleonidio.com/route/100-natural-16/
38,"Saint Nicholas SintzaIn a ravine SW of Leonidio, four sub-sectors with styles varying
from pocketed vertical to short and athletic to steep multi-pitches.",,Theos dionysos7c17m,,,https://climbinleonidio.com/route/theos-dionysos-16/
38,"Saint Nicholas SintzaIn a ravine SW of Leonidio, four sub-sectors with styles varying
from pocketed vertical to short and athletic to steep multi-pitches.",,Kadmos8a17m,,,https://climbinleonidio.com/route/kadmos-16/
38,"Saint Nicholas SintzaIn a ravine SW of Leonidio, four sub-sectors with styles varying
from pocketed vertical to short and athletic to steep multi-pitches.",,Grypas7c+20m,,,https://climbinleonidio.com/route/grypas-16/
38,"Saint Nicholas SintzaIn a ravine SW of Leonidio, four sub-sectors with styles varying
from pocketed vertical to short and athletic to steep multi-pitches.",,Kires8b+20m,,,https://climbinleonidio.com/route/kires-16/
38,"Saint Nicholas SintzaIn a ravine SW of Leonidio, four sub-sectors with styles varying
from pocketed vertical to short and athletic to steep multi-pitches.",,Buru-buru7c+17m,,,https://climbinleonidio.com/route/buru-buru-16/
38,"Saint Nicholas SintzaIn a ravine SW of Leonidio, four sub-sectors with styles varying
from pocketed vertical to short and athletic to steep multi-pitches.",,Talk doesn’t make the work7b+12m,,,https://climbinleonidio.com/route/talk-doesnt-make-the-work-16/
38,"Saint Nicholas SintzaIn a ravine SW of Leonidio, four sub-sectors with styles varying
from pocketed vertical to short and athletic to steep multi-pitches.",,The experiment of toricceli7c120,,,https://climbinleonidio.com/route/the-experiment-of-toricceli-16/
38,"Saint Nicholas SintzaIn a ravine SW of Leonidio, four sub-sectors with styles varying
from pocketed vertical to short and athletic to steep multi-pitches.",,Madama butterfly7c+125,,,https://climbinleonidio.com/route/madama-butterfly-16/
38,"Saint Nicholas SintzaIn a ravine SW of Leonidio, four sub-sectors with styles varying
from pocketed vertical to short and athletic to steep multi-pitches.",,Fuori di zucca7c+/8a135,,,https://climbinleonidio.com/route/fuori-di-zucca-16/
